province,district,ward,new_province,new_commune
Thành phố Cần Thơ,Huyện Cờ Đỏ,Thị trấn Cờ Đỏ,Thành phố Cần Thơ,Xã Cờ Đỏ
Thành phố Cần Thơ,Huyện Cờ Đỏ,Xã Thới Xuân,Thành phố Cần Thơ,Xã Cờ Đỏ
Thành phố Cần Thơ,Huyện Cờ Đỏ,Xã Thới Đông,Thành phố Cần Thơ,Xã Cờ Đỏ
Thành phố Cần Thơ,Huyện Cờ Đỏ,Xã Trung An,Thành phố Cần Thơ,Phường Trung Nhứt
Thành phố Cần Thơ,Huyện Cờ Đỏ,Xã Trung Hưng,Thành phố Cần Thơ,Xã Trung Hưng
Thành phố Cần Thơ,Huyện Cờ Đỏ,Xã Trung Thạnh,Thành phố Cần Thơ,Xã Trung Hưng
Thành phố Cần Thơ,Huyện Cờ Đỏ,Xã Đông Hiệp,Thành phố Cần Thơ,Xã Đông Hiệp
Thành phố Cần Thơ,Huyện Cờ Đỏ,Xã Đông Thắng,Thành phố Cần Thơ,Xã Đông Hiệp
Thành phố Cần Thơ,Huyện Phong Điền,Thị trấn Phong Điền,Thành phố Cần Thơ,Xã Phong Điền
Thành phố Cần Thơ,Huyện Phong Điền,Xã Giai Xuân,Thành phố Cần Thơ,Xã Phong Điền
Thành phố Cần Thơ,Huyện Phong Điền,Xã Mỹ Khánh,Thành phố Cần Thơ,Phường An Bình
Thành phố Cần Thơ,Huyện Phong Điền,Xã Nhơn Nghĩa,Thành phố Cần Thơ,Xã Nhơn Ái
Thành phố Cần Thơ,Huyện Phong Điền,Xã Nhơn Ái,Thành phố Cần Thơ,Xã Nhơn Ái
Thành phố Cần Thơ,Huyện Phong Điền,Xã Tân Thới,Thành phố Cần Thơ,Xã Phong Điền
Thành phố Cần Thơ,Huyện Thới Lai,Thị trấn Thới Lai,Thành phố Cần Thơ,Xã Thới Lai
Thành phố Cần Thơ,Huyện Thới Lai,Xã Thới Thạnh,Thành phố Cần Thơ,Phường Ô Môn
Thành phố Cần Thơ,Huyện Thới Lai,Xã Thới Tân,Thành phố Cần Thơ,Xã Thới Lai
Thành phố Cần Thơ,Huyện Thới Lai,Xã Trường Thành,Thành phố Cần Thơ,Xã Trường Thành
Thành phố Cần Thơ,Huyện Thới Lai,Xã Trường Thắng,Thành phố Cần Thơ,Xã Thới Lai
Thành phố Cần Thơ,Huyện Thới Lai,Xã Trường Xuân,Thành phố Cần Thơ,Xã Trường Xuân
Thành phố Cần Thơ,Huyện Thới Lai,Xã Trường Xuân A,Thành phố Cần Thơ,Xã Trường Xuân
Thành phố Cần Thơ,Huyện Thới Lai,Xã Trường Xuân B,Thành phố Cần Thơ,Xã Trường Xuân
Thành phố Cần Thơ,Huyện Thới Lai,Xã Xuân Thắng,Thành phố Cần Thơ,Xã Đông Hiệp
Thành phố Cần Thơ,Huyện Thới Lai,Xã Đông Bình,Thành phố Cần Thơ,Xã Đông Thuận
Thành phố Cần Thơ,Huyện Thới Lai,Xã Đông Thuận,Thành phố Cần Thơ,Xã Đông Thuận
Thành phố Cần Thơ,Huyện Thới Lai,Xã Định Môn,Thành phố Cần Thơ,Xã Trường Thành
Thành phố Cần Thơ,Huyện Vĩnh Thạnh,Thị trấn Vĩnh Thạnh,Thành phố Cần Thơ,Xã Vĩnh Thạnh
Thành phố Cần Thơ,Huyện Vĩnh Thạnh,Xã Thạnh An,Thành phố Cần Thơ,Xã Thạnh Quới
Thành phố Cần Thơ,Huyện Vĩnh Thạnh,Xã Thạnh Lộc,Thành phố Cần Thơ,Xã Vĩnh Thạnh
Thành phố Cần Thơ,Huyện Vĩnh Thạnh,Xã Thạnh Lợi,Thành phố Cần Thơ,Xã Thạnh An
Thành phố Cần Thơ,Huyện Vĩnh Thạnh,Xã Thạnh Mỹ,Thành phố Cần Thơ,Xã Vĩnh Thạnh
Thành phố Cần Thơ,Huyện Vĩnh Thạnh,Xã Thạnh Thắng,Thành phố Cần Thơ,Xã Thạnh An
Thành phố Cần Thơ,Huyện Vĩnh Thạnh,Xã Thạnh Tiến,Thành phố Cần Thơ,Xã Thạnh Quới
Thành phố Cần Thơ,Huyện Vĩnh Thạnh,Xã Vĩnh Bình,Thành phố Cần Thơ,Xã Vĩnh Trinh
Thành phố Cần Thơ,Huyện Vĩnh Thạnh,Xã Vĩnh Trinh,Thành phố Cần Thơ,Xã Vĩnh Trinh
Thành phố Cần Thơ,Quận Bình Thuỷ,Phường An Thới,Thành phố Cần Thơ,Phường Bình Thuỷ
Thành phố Cần Thơ,Quận Bình Thuỷ,Phường Bình Thủy,Thành phố Cần Thơ,Phường Bình Thuỷ
Thành phố Cần Thơ,Quận Bình Thuỷ,Phường Bùi Hữu Nghĩa,Thành phố Cần Thơ,Phường Bình Thuỷ
Thành phố Cần Thơ,Quận Bình Thuỷ,Phường Bùi Hữu Nghĩa,Thành phố Cần Thơ,Phường Cái Khế
Thành phố Cần Thơ,Quận Bình Thuỷ,Phường Long Hòa,Thành phố Cần Thơ,Phường Long Tuyền
Thành phố Cần Thơ,Quận Bình Thuỷ,Phường Long Tuyền,Thành phố Cần Thơ,Phường An Bình
Thành phố Cần Thơ,Quận Bình Thuỷ,Phường Long Tuyền,Thành phố Cần Thơ,Phường Long Tuyền
Thành phố Cần Thơ,Quận Bình Thuỷ,Phường Thới An Đông,Thành phố Cần Thơ,Phường Thới An Đông
Thành phố Cần Thơ,Quận Bình Thuỷ,Phường Trà An,Thành phố Cần Thơ,Phường Thới An Đông
Thành phố Cần Thơ,Quận Bình Thuỷ,Phường Trà Nóc,Thành phố Cần Thơ,Phường Thới An Đông
Thành phố Cần Thơ,Quận Cái Răng,Phường Ba Láng,Thành phố Cần Thơ,Phường Cái Răng
Thành phố Cần Thơ,Quận Cái Răng,Phường Hưng Phú,Thành phố Cần Thơ,Phường Hưng Phú
Thành phố Cần Thơ,Quận Cái Răng,Phường Hưng Thạnh,Thành phố Cần Thơ,Phường Cái Răng
Thành phố Cần Thơ,Quận Cái Răng,Phường Lê Bình,Thành phố Cần Thơ,Phường Cái Răng
Thành phố Cần Thơ,Quận Cái Răng,Phường Phú Thứ,Thành phố Cần Thơ,Phường Hưng Phú
Thành phố Cần Thơ,Quận Cái Răng,Phường Thường Thạnh,Thành phố Cần Thơ,Phường Cái Răng
Thành phố Cần Thơ,Quận Cái Răng,Phường Tân Phú,Thành phố Cần Thơ,Phường Hưng Phú
Thành phố Cần Thơ,Quận Ninh Kiều,Phường An Bình,Thành phố Cần Thơ,Phường An Bình
Thành phố Cần Thơ,Quận Ninh Kiều,Phường An Hòa,Thành phố Cần Thơ,Phường Cái Khế
Thành phố Cần Thơ,Quận Ninh Kiều,Phường An Khánh,Thành phố Cần Thơ,Phường Tân An
Thành phố Cần Thơ,Quận Ninh Kiều,Phường Cái Khế,Thành phố Cần Thơ,Phường Cái Khế
Thành phố Cần Thơ,Quận Ninh Kiều,Phường Hưng Lợi,Thành phố Cần Thơ,Phường Tân An
Thành phố Cần Thơ,Quận Ninh Kiều,Phường Thới Bình,Thành phố Cần Thơ,Phường Ninh Kiều
Thành phố Cần Thơ,Quận Ninh Kiều,Phường Tân An,Thành phố Cần Thơ,Phường Ninh Kiều
Thành phố Cần Thơ,Quận Ninh Kiều,Phường Xuân Khánh,Thành phố Cần Thơ,Phường Ninh Kiều
Thành phố Cần Thơ,Quận Thốt Nốt,Phường Thuận An,Thành phố Cần Thơ,Phường Thốt Nốt
Thành phố Cần Thơ,Quận Thốt Nốt,Phường Thuận Hưng,Thành phố Cần Thơ,Phường Thuận Hưng
Thành phố Cần Thơ,Quận Thốt Nốt,Phường Thạnh Hoà,Thành phố Cần Thơ,Phường Trung Nhứt
Thành phố Cần Thơ,Quận Thốt Nốt,Phường Thốt Nốt,Thành phố Cần Thơ,Phường Thuận Hưng
Thành phố Cần Thơ,Quận Thốt Nốt,Phường Thốt Nốt,Thành phố Cần Thơ,Phường Thốt Nốt
Thành phố Cần Thơ,Quận Thốt Nốt,Phường Thới Thuận,Thành phố Cần Thơ,Phường Thốt Nốt
Thành phố Cần Thơ,Quận Thốt Nốt,Phường Trung Kiên,Thành phố Cần Thơ,Phường Thuận Hưng
Thành phố Cần Thơ,Quận Thốt Nốt,Phường Trung Nhứt,Thành phố Cần Thơ,Phường Trung Nhứt
Thành phố Cần Thơ,Quận Thốt Nốt,Phường Tân Hưng,Thành phố Cần Thơ,Phường Thới Long
Thành phố Cần Thơ,Quận Ô Môn,Phường Châu Văn Liêm,Thành phố Cần Thơ,Phường Ô Môn
Thành phố Cần Thơ,Quận Ô Môn,Phường Long Hưng,Thành phố Cần Thơ,Phường Thới Long
Thành phố Cần Thơ,Quận Ô Môn,Phường Phước Thới,Thành phố Cần Thơ,Phường Phước Thới
Thành phố Cần Thơ,Quận Ô Môn,Phường Thới An,Thành phố Cần Thơ,Phường Ô Môn
Thành phố Cần Thơ,Quận Ô Môn,Phường Thới Hòa,Thành phố Cần Thơ,Phường Ô Môn
Thành phố Cần Thơ,Quận Ô Môn,Phường Thới Long,Thành phố Cần Thơ,Phường Thới Long
Thành phố Cần Thơ,Quận Ô Môn,Phường Trường Lạc,Thành phố Cần Thơ,Phường Phước Thới
Thành phố Huế,Huyện A Lưới,Thị trấn A Lưới,Thành phố Huế,Xã A Lưới 2
Thành phố Huế,Huyện A Lưới,Xã A Ngo,Thành phố Huế,Xã A Lưới 2
Thành phố Huế,Huyện A Lưới,Xã A Roàng,Thành phố Huế,Xã A Lưới 4
Thành phố Huế,Huyện A Lưới,Xã Hương Nguyên,Thành phố Huế,Xã A Lưới 5
Thành phố Huế,Huyện A Lưới,Xã Hương Phong,Thành phố Huế,Xã A Lưới 4
Thành phố Huế,Huyện A Lưới,Xã Hồng Bắc,Thành phố Huế,Xã A Lưới 2
Thành phố Huế,Huyện A Lưới,Xã Hồng Hạ,Thành phố Huế,Xã A Lưới 5
Thành phố Huế,Huyện A Lưới,Xã Hồng Kim,Thành phố Huế,Xã A Lưới 1
Thành phố Huế,Huyện A Lưới,Xã Hồng Thái,Thành phố Huế,Xã A Lưới 3
Thành phố Huế,Huyện A Lưới,Xã Hồng Thượng,Thành phố Huế,Xã A Lưới 3
Thành phố Huế,Huyện A Lưới,Xã Hồng Thủy,Thành phố Huế,Xã A Lưới 1
Thành phố Huế,Huyện A Lưới,Xã Hồng Vân,Thành phố Huế,Xã A Lưới 1
Thành phố Huế,Huyện A Lưới,Xã Lâm Đớt,Thành phố Huế,Xã A Lưới 4
Thành phố Huế,Huyện A Lưới,Xã Phú Vinh,Thành phố Huế,Xã A Lưới 3
Thành phố Huế,Huyện A Lưới,Xã Quảng Nhâm,Thành phố Huế,Xã A Lưới 2
Thành phố Huế,Huyện A Lưới,Xã Sơn Thủy,Thành phố Huế,Xã A Lưới 3
Thành phố Huế,Huyện A Lưới,Xã Trung Sơn,Thành phố Huế,Xã A Lưới 1
Thành phố Huế,Huyện A Lưới,Xã Đông Sơn,Thành phố Huế,Xã A Lưới 4
Thành phố Huế,Huyện Phú Lộc,Thị trấn Khe Tre,Thành phố Huế,Xã Khe Tre
Thành phố Huế,Huyện Phú Lộc,Thị trấn Lăng Cô,Thành phố Huế,Xã Chân Mây - Lăng Cô
Thành phố Huế,Huyện Phú Lộc,Thị trấn Lộc Sơn,Thành phố Huế,Xã Hưng Lộc
Thành phố Huế,Huyện Phú Lộc,Thị trấn Phú Lộc,Thành phố Huế,Xã Phú Lộc
Thành phố Huế,Huyện Phú Lộc,Xã Giang Hải,Thành phố Huế,Xã Vinh Lộc
Thành phố Huế,Huyện Phú Lộc,Xã Hương Hữu,Thành phố Huế,Xã Long Quảng
Thành phố Huế,Huyện Phú Lộc,Xã Hương Lộc,Thành phố Huế,Xã Khe Tre
Thành phố Huế,Huyện Phú Lộc,Xã Hương Phú,Thành phố Huế,Xã Khe Tre
Thành phố Huế,Huyện Phú Lộc,Xã Hương Sơn,Thành phố Huế,Xã Nam Đông
Thành phố Huế,Huyện Phú Lộc,Xã Hương Xuân,Thành phố Huế,Xã Nam Đông
Thành phố Huế,Huyện Phú Lộc,Xã Lộc An,Thành phố Huế,Xã Lộc An
Thành phố Huế,Huyện Phú Lộc,Xã Lộc Bình,Thành phố Huế,Xã Phú Lộc
Thành phố Huế,Huyện Phú Lộc,Xã Lộc Bổn,Thành phố Huế,Xã Hưng Lộc
Thành phố Huế,Huyện Phú Lộc,Xã Lộc Hòa,Thành phố Huế,Xã Lộc An
Thành phố Huế,Huyện Phú Lộc,Xã Lộc Thủy,Thành phố Huế,Xã Chân Mây - Lăng Cô
Thành phố Huế,Huyện Phú Lộc,Xã Lộc Tiến,Thành phố Huế,Xã Chân Mây - Lăng Cô
Thành phố Huế,Huyện Phú Lộc,Xã Lộc Trì,Thành phố Huế,Xã Phú Lộc
Thành phố Huế,Huyện Phú Lộc,Xã Lộc Vĩnh,Thành phố Huế,Xã Chân Mây - Lăng Cô
Thành phố Huế,Huyện Phú Lộc,Xã Lộc Điền,Thành phố Huế,Xã Lộc An
Thành phố Huế,Huyện Phú Lộc,Xã Thượng Long,Thành phố Huế,Xã Long Quảng
Thành phố Huế,Huyện Phú Lộc,Xã Thượng Lộ,Thành phố Huế,Xã Khe Tre
Thành phố Huế,Huyện Phú Lộc,Xã Thượng Nhật,Thành phố Huế,Xã Nam Đông
Thành phố Huế,Huyện Phú Lộc,Xã Thượng Quảng,Thành phố Huế,Xã Long Quảng
Thành phố Huế,Huyện Phú Lộc,Xã Vinh Hiền,Thành phố Huế,Xã Vinh Lộc
Thành phố Huế,Huyện Phú Lộc,Xã Vinh Hưng,Thành phố Huế,Xã Vinh Lộc
Thành phố Huế,Huyện Phú Lộc,Xã Vinh Mỹ,Thành phố Huế,Xã Vinh Lộc
Thành phố Huế,Huyện Phú Lộc,Xã Xuân Lộc,Thành phố Huế,Xã Hưng Lộc
Thành phố Huế,Huyện Phú Vang,Thị trấn Phú Đa,Thành phố Huế,Xã Phú Vang
Thành phố Huế,Huyện Phú Vang,Xã Phú An,Thành phố Huế,Phường Mỹ Thượng
Thành phố Huế,Huyện Phú Vang,Xã Phú Diên,Thành phố Huế,Xã Phú Vinh
Thành phố Huế,Huyện Phú Vang,Xã Phú Gia,Thành phố Huế,Xã Phú Vang
Thành phố Huế,Huyện Phú Vang,Xã Phú Hải,Thành phố Huế,Phường Thuận An
Thành phố Huế,Huyện Phú Vang,Xã Phú Hồ,Thành phố Huế,Xã Phú Hồ
Thành phố Huế,Huyện Phú Vang,Xã Phú Lương,Thành phố Huế,Xã Phú Hồ
Thành phố Huế,Huyện Phú Vang,Xã Phú Mỹ,Thành phố Huế,Phường Mỹ Thượng
Thành phố Huế,Huyện Phú Vang,Xã Phú Thuận,Thành phố Huế,Phường Thuận An
Thành phố Huế,Huyện Phú Vang,Xã Phú Xuân,Thành phố Huế,Xã Phú Hồ
Thành phố Huế,Huyện Phú Vang,Xã Vinh An,Thành phố Huế,Xã Phú Vinh
Thành phố Huế,Huyện Phú Vang,Xã Vinh Hà,Thành phố Huế,Xã Phú Vang
Thành phố Huế,Huyện Phú Vang,Xã Vinh Thanh,Thành phố Huế,Xã Phú Vinh
Thành phố Huế,Huyện Phú Vang,Xã Vinh Xuân,Thành phố Huế,Xã Phú Vinh
Thành phố Huế,Huyện Quảng Điền,Thị trấn Sịa,Thành phố Huế,Xã Quảng Điền
Thành phố Huế,Huyện Quảng Điền,Xã Quảng An,Thành phố Huế,Xã Quảng Điền
Thành phố Huế,Huyện Quảng Điền,Xã Quảng Công,Thành phố Huế,Phường Phong Quảng
Thành phố Huế,Huyện Quảng Điền,Xã Quảng Lợi,Thành phố Huế,Xã Đan Điền
Thành phố Huế,Huyện Quảng Điền,Xã Quảng Ngạn,Thành phố Huế,Phường Phong Quảng
Thành phố Huế,Huyện Quảng Điền,Xã Quảng Phú,Thành phố Huế,Xã Đan Điền
Thành phố Huế,Huyện Quảng Điền,Xã Quảng Phước,Thành phố Huế,Xã Quảng Điền
Thành phố Huế,Huyện Quảng Điền,Xã Quảng Thành,Thành phố Huế,Phường Hoá Châu
Thành phố Huế,Huyện Quảng Điền,Xã Quảng Thái,Thành phố Huế,Xã Đan Điền
Thành phố Huế,Huyện Quảng Điền,Xã Quảng Thọ,Thành phố Huế,Xã Quảng Điền
Thành phố Huế,Huyện Quảng Điền,Xã Quảng Vinh,Thành phố Huế,Xã Đan Điền
Thành phố Huế,Quận Phú Xuân,Phường An Hòa,Thành phố Huế,Phường Hương An
Thành phố Huế,Quận Phú Xuân,Phường Gia Hội,Thành phố Huế,Phường Phú Xuân
Thành phố Huế,Quận Phú Xuân,Phường Hương An,Thành phố Huế,Phường Hương An
Thành phố Huế,Quận Phú Xuân,Phường Hương Long,Thành phố Huế,Phường Kim Long
Thành phố Huế,Quận Phú Xuân,Phường Hương Sơ,Thành phố Huế,Phường Hương An
Thành phố Huế,Quận Phú Xuân,Phường Hương Vinh,Thành phố Huế,Phường Hoá Châu
Thành phố Huế,Quận Phú Xuân,Phường Kim Long,Thành phố Huế,Phường Kim Long
Thành phố Huế,Quận Phú Xuân,Phường Long Hồ,Thành phố Huế,Phường Kim Long
Thành phố Huế,Quận Phú Xuân,Phường Phú Hậu,Thành phố Huế,Phường Phú Xuân
Thành phố Huế,Quận Phú Xuân,Phường Thuận Hòa,Thành phố Huế,Phường Phú Xuân
Thành phố Huế,Quận Phú Xuân,Phường Thuận Lộc,Thành phố Huế,Phường Phú Xuân
Thành phố Huế,Quận Phú Xuân,Phường Tây Lộc,Thành phố Huế,Phường Phú Xuân
Thành phố Huế,Quận Phú Xuân,Phường Đông Ba,Thành phố Huế,Phường Phú Xuân
Thành phố Huế,Quận Thuận Hóa,Phường An Cựu,Thành phố Huế,Phường An Cựu
Thành phố Huế,Quận Thuận Hóa,Phường An Tây,Thành phố Huế,Phường An Cựu
Thành phố Huế,Quận Thuận Hóa,Phường An Đông,Thành phố Huế,Phường An Cựu
Thành phố Huế,Quận Thuận Hóa,Phường Hương Phong,Thành phố Huế,Phường Hoá Châu
Thành phố Huế,Quận Thuận Hóa,Phường Phú Hội,Thành phố Huế,Phường Thuận Hoá
Thành phố Huế,Quận Thuận Hóa,Phường Phú Nhuận,Thành phố Huế,Phường Thuận Hoá
Thành phố Huế,Quận Thuận Hóa,Phường Phú Thượng,Thành phố Huế,Phường Mỹ Thượng
Thành phố Huế,Quận Thuận Hóa,Phường Phước Vĩnh,Thành phố Huế,Phường Thuận Hoá
Thành phố Huế,Quận Thuận Hóa,Phường Thuận An,Thành phố Huế,Phường Thuận An
Thành phố Huế,Quận Thuận Hóa,Phường Thuỷ Biều,Thành phố Huế,Phường Thuỷ Xuân
Thành phố Huế,Quận Thuận Hóa,Phường Thuỷ Xuân,Thành phố Huế,Phường Thuỷ Xuân
Thành phố Huế,Quận Thuận Hóa,Phường Thủy Bằng,Thành phố Huế,Phường Thuỷ Xuân
Thành phố Huế,Quận Thuận Hóa,Phường Thủy Vân,Thành phố Huế,Phường Vỹ Dạ
Thành phố Huế,Quận Thuận Hóa,Phường Trường An,Thành phố Huế,Phường Thuận Hoá
Thành phố Huế,Quận Thuận Hóa,Phường Vĩnh Ninh,Thành phố Huế,Phường Thuận Hoá
Thành phố Huế,Quận Thuận Hóa,Phường Vỹ Dạ,Thành phố Huế,Phường Vỹ Dạ
Thành phố Huế,Quận Thuận Hóa,Phường Xuân Phú,Thành phố Huế,Phường Vỹ Dạ
Thành phố Huế,Thị xã Hương Thủy,Phường Phú Bài,Thành phố Huế,Phường Phú Bài
Thành phố Huế,Thị xã Hương Thủy,Phường Thủy Châu,Thành phố Huế,Phường Hương Thuỷ
Thành phố Huế,Thị xã Hương Thủy,Phường Thủy Dương,Thành phố Huế,Phường Thanh Thuỷ
Thành phố Huế,Thị xã Hương Thủy,Phường Thủy Lương,Thành phố Huế,Phường Hương Thuỷ
Thành phố Huế,Thị xã Hương Thủy,Phường Thủy Phương,Thành phố Huế,Phường Thanh Thuỷ
Thành phố Huế,Thị xã Hương Thủy,Xã Dương Hòa,Thành phố Huế,Phường Phú Bài
Thành phố Huế,Thị xã Hương Thủy,Xã Phú Sơn,Thành phố Huế,Phường Phú Bài
Thành phố Huế,Thị xã Hương Thủy,Xã Thủy Phù,Thành phố Huế,Phường Phú Bài
Thành phố Huế,Thị xã Hương Thủy,Xã Thủy Thanh,Thành phố Huế,Phường Thanh Thuỷ
Thành phố Huế,Thị xã Hương Thủy,Xã Thủy Tân,Thành phố Huế,Phường Hương Thuỷ
Thành phố Huế,Thị xã Hương Trà,Phường Hương Chữ,Thành phố Huế,Phường Kim Trà
Thành phố Huế,Thị xã Hương Trà,Phường Hương Vân,Thành phố Huế,Phường Hương Trà
Thành phố Huế,Thị xã Hương Trà,Phường Hương Văn,Thành phố Huế,Phường Hương Trà
Thành phố Huế,Thị xã Hương Trà,Phường Hương Xuân,Thành phố Huế,Phường Kim Trà
Thành phố Huế,Thị xã Hương Trà,Phường Tứ Hạ,Thành phố Huế,Phường Hương Trà
Thành phố Huế,Thị xã Hương Trà,Xã Bình Thành,Thành phố Huế,Xã Bình Điền
Thành phố Huế,Thị xã Hương Trà,Xã Bình Tiến,Thành phố Huế,Xã Bình Điền
Thành phố Huế,Thị xã Hương Trà,Xã Hương Bình,Thành phố Huế,Xã Bình Điền
Thành phố Huế,Thị xã Hương Trà,Xã Hương Toàn,Thành phố Huế,Phường Kim Trà
Thành phố Huế,Thị xã Phong Điền,Phường Phong An,Thành phố Huế,Phường Phong Thái
Thành phố Huế,Thị xã Phong Điền,Phường Phong Hiền,Thành phố Huế,Phường Phong Thái
Thành phố Huế,Thị xã Phong Điền,Phường Phong Hòa,Thành phố Huế,Phường Phong Dinh
Thành phố Huế,Thị xã Phong Điền,Phường Phong Hải,Thành phố Huế,Phường Phong Quảng
Thành phố Huế,Thị xã Phong Điền,Phường Phong Phú,Thành phố Huế,Phường Phong Phú
Thành phố Huế,Thị xã Phong Điền,Phường Phong Thu,Thành phố Huế,Phường Phong Điền
Thành phố Huế,Thị xã Phong Điền,Xã Phong Bình,Thành phố Huế,Phường Phong Dinh
Thành phố Huế,Thị xã Phong Điền,Xã Phong Chương,Thành phố Huế,Phường Phong Dinh
Thành phố Huế,Thị xã Phong Điền,Xã Phong Mỹ,Thành phố Huế,Phường Phong Điền
Thành phố Huế,Thị xã Phong Điền,Xã Phong Sơn,Thành phố Huế,Phường Phong Thái
Thành phố Huế,Thị xã Phong Điền,Xã Phong Thạnh,Thành phố Huế,Phường Phong Phú
Thành phố Huế,Thị xã Phong Điền,Xã Phong Xuân,Thành phố Huế,Phường Phong Điền
Thành phố Hà Nội,Huyện Ba Vì,Thị trấn Tây Đằng,Thành phố Hà Nội,Xã Quảng Oai
Thành phố Hà Nội,Huyện Ba Vì,Xã Ba Trại,Thành phố Hà Nội,Xã Suối Hai
Thành phố Hà Nội,Huyện Ba Vì,Xã Ba Vì,Thành phố Hà Nội,Xã Ba Vì
Thành phố Hà Nội,Huyện Ba Vì,Xã Cam Thượng,Thành phố Hà Nội,Xã Quảng Oai
Thành phố Hà Nội,Huyện Ba Vì,Xã Chu Minh,Thành phố Hà Nội,Xã Minh Châu
Thành phố Hà Nội,Huyện Ba Vì,Xã Chu Minh,Thành phố Hà Nội,Xã Quảng Oai
Thành phố Hà Nội,Huyện Ba Vì,Xã Cẩm Lĩnh,Thành phố Hà Nội,Xã Suối Hai
Thành phố Hà Nội,Huyện Ba Vì,Xã Cổ Đô,Thành phố Hà Nội,Xã Cổ Đô
Thành phố Hà Nội,Huyện Ba Vì,Xã Minh Châu,Thành phố Hà Nội,Xã Minh Châu
Thành phố Hà Nội,Huyện Ba Vì,Xã Minh Quang,Thành phố Hà Nội,Xã Bất Bạt
Thành phố Hà Nội,Huyện Ba Vì,Xã Phong Vân,Thành phố Hà Nội,Xã Cổ Đô
Thành phố Hà Nội,Huyện Ba Vì,Xã Phú Châu,Thành phố Hà Nội,Xã Vật Lại
Thành phố Hà Nội,Huyện Ba Vì,Xã Phú Cường,Thành phố Hà Nội,Xã Cổ Đô
Thành phố Hà Nội,Huyện Ba Vì,Xã Phú Hồng,Thành phố Hà Nội,Xã Cổ Đô
Thành phố Hà Nội,Huyện Ba Vì,Xã Phú Sơn,Thành phố Hà Nội,Xã Vật Lại
Thành phố Hà Nội,Huyện Ba Vì,Xã Phú Đông,Thành phố Hà Nội,Xã Cổ Đô
Thành phố Hà Nội,Huyện Ba Vì,Xã Sơn Đà,Thành phố Hà Nội,Xã Bất Bạt
Thành phố Hà Nội,Huyện Ba Vì,Xã Thuần Mỹ,Thành phố Hà Nội,Xã Bất Bạt
Thành phố Hà Nội,Huyện Ba Vì,Xã Tòng Bạt,Thành phố Hà Nội,Xã Bất Bạt
Thành phố Hà Nội,Huyện Ba Vì,Xã Vân Hòa,Thành phố Hà Nội,Xã Yên Bài
Thành phố Hà Nội,Huyện Ba Vì,Xã Vạn Thắng,Thành phố Hà Nội,Xã Cổ Đô
Thành phố Hà Nội,Huyện Ba Vì,Xã Vật Lại,Thành phố Hà Nội,Xã Vật Lại
Thành phố Hà Nội,Huyện Ba Vì,Xã Đông Quang,Thành phố Hà Nội,Xã Quảng Oai
Thành phố Hà Nội,Huyện Ba Vì,Xã Đồng Thái,Thành phố Hà Nội,Xã Vật Lại
Thành phố Hà Nội,Huyện Chương Mỹ,Thị trấn Chúc Sơn,Thành phố Hà Nội,Phường Chương Mỹ
Thành phố Hà Nội,Huyện Chương Mỹ,Thị trấn Xuân Mai,Thành phố Hà Nội,Xã Xuân Mai
Thành phố Hà Nội,Huyện Chương Mỹ,Xã Hoàng Diệu,Thành phố Hà Nội,Xã Quảng Bị
Thành phố Hà Nội,Huyện Chương Mỹ,Xã Hoàng Văn Thụ,Thành phố Hà Nội,Xã Trần Phú
Thành phố Hà Nội,Huyện Chương Mỹ,Xã Hòa Phú,Thành phố Hà Nội,Xã Hoà Phú
Thành phố Hà Nội,Huyện Chương Mỹ,Xã Hồng Phú,Thành phố Hà Nội,Xã Hoà Phú
Thành phố Hà Nội,Huyện Chương Mỹ,Xã Hợp Đồng,Thành phố Hà Nội,Xã Quảng Bị
Thành phố Hà Nội,Huyện Chương Mỹ,Xã Hữu Văn,Thành phố Hà Nội,Xã Trần Phú
Thành phố Hà Nội,Huyện Chương Mỹ,Xã Mỹ Lương,Thành phố Hà Nội,Xã Trần Phú
Thành phố Hà Nội,Huyện Chương Mỹ,Xã Nam Phương Tiến,Thành phố Hà Nội,Xã Xuân Mai
Thành phố Hà Nội,Huyện Chương Mỹ,Xã Ngọc Hòa,Thành phố Hà Nội,Phường Chương Mỹ
Thành phố Hà Nội,Huyện Chương Mỹ,Xã Phú Nghĩa,Thành phố Hà Nội,Xã Phú Nghĩa
Thành phố Hà Nội,Huyện Chương Mỹ,Xã Phụng Châu,Thành phố Hà Nội,Phường Chương Mỹ
Thành phố Hà Nội,Huyện Chương Mỹ,Xã Quảng Bị,Thành phố Hà Nội,Xã Quảng Bị
Thành phố Hà Nội,Huyện Chương Mỹ,Xã Thanh Bình,Thành phố Hà Nội,Xã Phú Nghĩa
Thành phố Hà Nội,Huyện Chương Mỹ,Xã Thượng Vực,Thành phố Hà Nội,Xã Hoà Phú
Thành phố Hà Nội,Huyện Chương Mỹ,Xã Thụy Hương,Thành phố Hà Nội,Phường Chương Mỹ
Thành phố Hà Nội,Huyện Chương Mỹ,Xã Thủy Xuân Tiên,Thành phố Hà Nội,Xã Xuân Mai
Thành phố Hà Nội,Huyện Chương Mỹ,Xã Tiên Phương,Thành phố Hà Nội,Phường Chương Mỹ
Thành phố Hà Nội,Huyện Chương Mỹ,Xã Trung Hòa,Thành phố Hà Nội,Xã Phú Nghĩa
Thành phố Hà Nội,Huyện Chương Mỹ,Xã Trường Yên,Thành phố Hà Nội,Xã Phú Nghĩa
Thành phố Hà Nội,Huyện Chương Mỹ,Xã Tân Tiến,Thành phố Hà Nội,Xã Trần Phú
Thành phố Hà Nội,Huyện Chương Mỹ,Xã Đông Phương Yên,Thành phố Hà Nội,Xã Phú Nghĩa
Thành phố Hà Nội,Huyện Chương Mỹ,Xã Đông Sơn,Thành phố Hà Nội,Xã Phú Nghĩa
Thành phố Hà Nội,Huyện Chương Mỹ,Xã Đại Yên,Thành phố Hà Nội,Phường Chương Mỹ
Thành phố Hà Nội,Huyện Chương Mỹ,Xã Đồng Lạc,Thành phố Hà Nội,Xã Hoà Phú
Thành phố Hà Nội,Huyện Gia Lâm,Thị trấn Trâu Quỳ,Thành phố Hà Nội,Xã Bát Tràng
Thành phố Hà Nội,Huyện Gia Lâm,Thị trấn Yên Viên,Thành phố Hà Nội,Xã Phù Đổng
Thành phố Hà Nội,Huyện Gia Lâm,Xã Bát Tràng,Thành phố Hà Nội,Phường Long Biên
Thành phố Hà Nội,Huyện Gia Lâm,Xã Bát Tràng,Thành phố Hà Nội,Xã Bát Tràng
Thành phố Hà Nội,Huyện Gia Lâm,Xã Cổ Bi,Thành phố Hà Nội,Phường Phúc Lợi
Thành phố Hà Nội,Huyện Gia Lâm,Xã Cổ Bi,Thành phố Hà Nội,Xã Gia Lâm
Thành phố Hà Nội,Huyện Gia Lâm,Xã Dương Xá,Thành phố Hà Nội,Xã Gia Lâm
Thành phố Hà Nội,Huyện Gia Lâm,Xã Kiêu Kỵ,Thành phố Hà Nội,Xã Gia Lâm
Thành phố Hà Nội,Huyện Gia Lâm,Xã Lệ Chi,Thành phố Hà Nội,Xã Thuận An
Thành phố Hà Nội,Huyện Gia Lâm,Xã Ninh Hiệp,Thành phố Hà Nội,Xã Phù Đổng
Thành phố Hà Nội,Huyện Gia Lâm,Xã Phù Đổng,Thành phố Hà Nội,Xã Phù Đổng
Thành phố Hà Nội,Huyện Gia Lâm,Xã Thiên Đức,Thành phố Hà Nội,Xã Phù Đổng
Thành phố Hà Nội,Huyện Gia Lâm,Xã Yên Thường,Thành phố Hà Nội,Xã Phù Đổng
Thành phố Hà Nội,Huyện Gia Lâm,Xã Đa Tốn,Thành phố Hà Nội,Xã Bát Tràng
Thành phố Hà Nội,Huyện Gia Lâm,Xã Đa Tốn,Thành phố Hà Nội,Xã Gia Lâm
Thành phố Hà Nội,Huyện Gia Lâm,Xã Đặng Xá,Thành phố Hà Nội,Xã Phù Đổng
Thành phố Hà Nội,Huyện Hoài Đức,Thị trấn Trạm Trôi,Thành phố Hà Nội,Xã Hoài Đức
Thành phố Hà Nội,Huyện Hoài Đức,Xã An Khánh,Thành phố Hà Nội,Phường Tây Mỗ
Thành phố Hà Nội,Huyện Hoài Đức,Xã An Khánh,Thành phố Hà Nội,Xã An Khánh
Thành phố Hà Nội,Huyện Hoài Đức,Xã An Thượng,Thành phố Hà Nội,Xã An Khánh
Thành phố Hà Nội,Huyện Hoài Đức,Xã An Thượng,Thành phố Hà Nội,Xã Sơn Đồng
Thành phố Hà Nội,Huyện Hoài Đức,Xã Cát Quế,Thành phố Hà Nội,Xã Dương Hoà
Thành phố Hà Nội,Huyện Hoài Đức,Xã Di Trạch,Thành phố Hà Nội,Xã Hoài Đức
Thành phố Hà Nội,Huyện Hoài Đức,Xã Dương Liễu,Thành phố Hà Nội,Xã Dương Hoà
Thành phố Hà Nội,Huyện Hoài Đức,Xã La Phù,Thành phố Hà Nội,Phường Dương Nội
Thành phố Hà Nội,Huyện Hoài Đức,Xã La Phù,Thành phố Hà Nội,Xã An Khánh
Thành phố Hà Nội,Huyện Hoài Đức,Xã Lại Yên,Thành phố Hà Nội,Xã Sơn Đồng
Thành phố Hà Nội,Huyện Hoài Đức,Xã Minh Khai,Thành phố Hà Nội,Xã Dương Hoà
Thành phố Hà Nội,Huyện Hoài Đức,Xã Song Phương,Thành phố Hà Nội,Xã An Khánh
Thành phố Hà Nội,Huyện Hoài Đức,Xã Song Phương,Thành phố Hà Nội,Xã Sơn Đồng
Thành phố Hà Nội,Huyện Hoài Đức,Xã Sơn Đồng,Thành phố Hà Nội,Xã Sơn Đồng
Thành phố Hà Nội,Huyện Hoài Đức,Xã Vân Canh,Thành phố Hà Nội,Phường Xuân Phương
Thành phố Hà Nội,Huyện Hoài Đức,Xã Vân Canh,Thành phố Hà Nội,Xã Sơn Đồng
Thành phố Hà Nội,Huyện Hoài Đức,Xã Vân Côn,Thành phố Hà Nội,Xã An Khánh
Thành phố Hà Nội,Huyện Hoài Đức,Xã Vân Côn,Thành phố Hà Nội,Xã Sơn Đồng
Thành phố Hà Nội,Huyện Hoài Đức,Xã Yên Sở,Thành phố Hà Nội,Xã Dương Hoà
Thành phố Hà Nội,Huyện Hoài Đức,Xã Đắc Sở,Thành phố Hà Nội,Xã Dương Hoà
Thành phố Hà Nội,Huyện Hoài Đức,Xã Đức Giang,Thành phố Hà Nội,Xã Hoài Đức
Thành phố Hà Nội,Huyện Hoài Đức,Xã Đức Thượng,Thành phố Hà Nội,Xã Hoài Đức
Thành phố Hà Nội,Huyện Mê Linh,Thị trấn Chi Đông,Thành phố Hà Nội,Xã Quang Minh
Thành phố Hà Nội,Huyện Mê Linh,Xã Chu Phan,Thành phố Hà Nội,Xã Yên Lãng
Thành phố Hà Nội,Huyện Mê Linh,Xã Hoàng Kim,Thành phố Hà Nội,Xã Yên Lãng
Thành phố Hà Nội,Huyện Mê Linh,Xã Kim Hoa,Thành phố Hà Nội,Xã Quang Minh
Thành phố Hà Nội,Huyện Mê Linh,Xã Kim Hoa,Thành phố Hà Nội,Xã Tiến Thắng
Thành phố Hà Nội,Huyện Mê Linh,Xã Mê Linh,Thành phố Hà Nội,Xã Mê Linh
Thành phố Hà Nội,Huyện Mê Linh,Xã Tam Đồng,Thành phố Hà Nội,Xã Tiến Thắng
Thành phố Hà Nội,Huyện Mê Linh,Xã Thanh Lâm,Thành phố Hà Nội,Xã Quang Minh
Thành phố Hà Nội,Huyện Mê Linh,Xã Thanh Lâm,Thành phố Hà Nội,Xã Tiến Thắng
Thành phố Hà Nội,Huyện Mê Linh,Xã Thạch Đà,Thành phố Hà Nội,Xã Tiến Thắng
Thành phố Hà Nội,Huyện Mê Linh,Xã Tiến Thắng,Thành phố Hà Nội,Xã Tiến Thắng
Thành phố Hà Nội,Huyện Mê Linh,Xã Tiến Thịnh,Thành phố Hà Nội,Xã Liên Minh
Thành phố Hà Nội,Huyện Mê Linh,Xã Tiến Thịnh,Thành phố Hà Nội,Xã Yên Lãng
Thành phố Hà Nội,Huyện Mê Linh,Xã Tiền Phong,Thành phố Hà Nội,Xã Quang Minh
Thành phố Hà Nội,Huyện Mê Linh,Xã Văn Khê,Thành phố Hà Nội,Xã Mê Linh
Thành phố Hà Nội,Huyện Mê Linh,Xã Văn Khê,Thành phố Hà Nội,Xã Tiến Thắng
Thành phố Hà Nội,Huyện Mê Linh,Xã Văn Khê,Thành phố Hà Nội,Xã Yên Lãng
Thành phố Hà Nội,Huyện Mê Linh,Xã Đại Thịnh,Thành phố Hà Nội,Xã Mê Linh
Thành phố Hà Nội,Huyện Mê Linh,Xã Đại Thịnh,Thành phố Hà Nội,Xã Quang Minh
Thành phố Hà Nội,Huyện Mỹ Đức,Thị trấn Đại Nghĩa,Thành phố Hà Nội,Xã Mỹ Đức
Thành phố Hà Nội,Huyện Mỹ Đức,Xã An Mỹ,Thành phố Hà Nội,Xã Hồng Sơn
Thành phố Hà Nội,Huyện Mỹ Đức,Xã An Phú,Thành phố Hà Nội,Xã Mỹ Đức
Thành phố Hà Nội,Huyện Mỹ Đức,Xã An Tiến,Thành phố Hà Nội,Xã Hương Sơn
Thành phố Hà Nội,Huyện Mỹ Đức,Xã Hùng Tiến,Thành phố Hà Nội,Xã Hương Sơn
Thành phố Hà Nội,Huyện Mỹ Đức,Xã Hương Sơn,Thành phố Hà Nội,Xã Hương Sơn
Thành phố Hà Nội,Huyện Mỹ Đức,Xã Hồng Sơn,Thành phố Hà Nội,Xã Hồng Sơn
Thành phố Hà Nội,Huyện Mỹ Đức,Xã Hợp Thanh,Thành phố Hà Nội,Xã Mỹ Đức
Thành phố Hà Nội,Huyện Mỹ Đức,Xã Hợp Tiến,Thành phố Hà Nội,Xã Hồng Sơn
Thành phố Hà Nội,Huyện Mỹ Đức,Xã Lê Thanh,Thành phố Hà Nội,Xã Hồng Sơn
Thành phố Hà Nội,Huyện Mỹ Đức,Xã Mỹ Xuyên,Thành phố Hà Nội,Xã Phúc Sơn
Thành phố Hà Nội,Huyện Mỹ Đức,Xã Phù Lưu Tế,Thành phố Hà Nội,Xã Mỹ Đức
Thành phố Hà Nội,Huyện Mỹ Đức,Xã Phùng Xá,Thành phố Hà Nội,Xã Hồng Sơn
Thành phố Hà Nội,Huyện Mỹ Đức,Xã Phúc Lâm,Thành phố Hà Nội,Xã Phúc Sơn
Thành phố Hà Nội,Huyện Mỹ Đức,Xã Thượng Lâm,Thành phố Hà Nội,Xã Phúc Sơn
Thành phố Hà Nội,Huyện Mỹ Đức,Xã Tuy Lai,Thành phố Hà Nội,Xã Phúc Sơn
Thành phố Hà Nội,Huyện Mỹ Đức,Xã Vạn Tín,Thành phố Hà Nội,Xã Hương Sơn
Thành phố Hà Nội,Huyện Mỹ Đức,Xã Xuy Xá,Thành phố Hà Nội,Xã Hồng Sơn
Thành phố Hà Nội,Huyện Mỹ Đức,Xã Đại Hưng,Thành phố Hà Nội,Xã Mỹ Đức
Thành phố Hà Nội,Huyện Phú Xuyên,Thị trấn Phú Minh,Thành phố Hà Nội,Xã Phú Xuyên
Thành phố Hà Nội,Huyện Phú Xuyên,Thị trấn Phú Xuyên,Thành phố Hà Nội,Xã Phú Xuyên
Thành phố Hà Nội,Huyện Phú Xuyên,Xã Bạch Hạ,Thành phố Hà Nội,Xã Đại Xuyên
Thành phố Hà Nội,Huyện Phú Xuyên,Xã Chuyên Mỹ,Thành phố Hà Nội,Xã Chuyên Mỹ
Thành phố Hà Nội,Huyện Phú Xuyên,Xã Châu Can,Thành phố Hà Nội,Xã Chuyên Mỹ
Thành phố Hà Nội,Huyện Phú Xuyên,Xã Hoàng Long,Thành phố Hà Nội,Xã Phượng Dực
Thành phố Hà Nội,Huyện Phú Xuyên,Xã Hồng Minh,Thành phố Hà Nội,Xã Phượng Dực
Thành phố Hà Nội,Huyện Phú Xuyên,Xã Hồng Thái,Thành phố Hà Nội,Xã Phú Xuyên
Thành phố Hà Nội,Huyện Phú Xuyên,Xã Khai Thái,Thành phố Hà Nội,Xã Đại Xuyên
Thành phố Hà Nội,Huyện Phú Xuyên,Xã Minh Tân,Thành phố Hà Nội,Xã Đại Xuyên
Thành phố Hà Nội,Huyện Phú Xuyên,Xã Nam Phong,Thành phố Hà Nội,Xã Phú Xuyên
Thành phố Hà Nội,Huyện Phú Xuyên,Xã Nam Tiến,Thành phố Hà Nội,Xã Phú Xuyên
Thành phố Hà Nội,Huyện Phú Xuyên,Xã Phú Túc,Thành phố Hà Nội,Xã Phượng Dực
Thành phố Hà Nội,Huyện Phú Xuyên,Xã Phú Yên,Thành phố Hà Nội,Xã Chuyên Mỹ
Thành phố Hà Nội,Huyện Phú Xuyên,Xã Phúc Tiến,Thành phố Hà Nội,Xã Đại Xuyên
Thành phố Hà Nội,Huyện Phú Xuyên,Xã Phượng Dực,Thành phố Hà Nội,Xã Phượng Dực
Thành phố Hà Nội,Huyện Phú Xuyên,Xã Quang Hà,Thành phố Hà Nội,Xã Phú Xuyên
Thành phố Hà Nội,Huyện Phú Xuyên,Xã Quang Lãng,Thành phố Hà Nội,Xã Đại Xuyên
Thành phố Hà Nội,Huyện Phú Xuyên,Xã Tri Thủy,Thành phố Hà Nội,Xã Đại Xuyên
Thành phố Hà Nội,Huyện Phú Xuyên,Xã Tân Dân,Thành phố Hà Nội,Xã Chuyên Mỹ
Thành phố Hà Nội,Huyện Phú Xuyên,Xã Vân Từ,Thành phố Hà Nội,Xã Chuyên Mỹ
Thành phố Hà Nội,Huyện Phú Xuyên,Xã Văn Hoàng,Thành phố Hà Nội,Xã Phượng Dực
Thành phố Hà Nội,Huyện Phú Xuyên,Xã Đại Xuyên,Thành phố Hà Nội,Xã Đại Xuyên
Thành phố Hà Nội,Huyện Phúc Thọ,Thị trấn Phúc Thọ,Thành phố Hà Nội,Xã Phúc Thọ
Thành phố Hà Nội,Huyện Phúc Thọ,Xã Hiệp Thuận,Thành phố Hà Nội,Xã Hát Môn
Thành phố Hà Nội,Huyện Phúc Thọ,Xã Hát Môn,Thành phố Hà Nội,Xã Hát Môn
Thành phố Hà Nội,Huyện Phúc Thọ,Xã Liên Hiệp,Thành phố Hà Nội,Xã Hát Môn
Thành phố Hà Nội,Huyện Phúc Thọ,Xã Long Thượng,Thành phố Hà Nội,Xã Phúc Thọ
Thành phố Hà Nội,Huyện Phúc Thọ,Xã Nam Hà,Thành phố Hà Nội,Xã Phúc Lộc
Thành phố Hà Nội,Huyện Phúc Thọ,Xã Ngọc Tảo,Thành phố Hà Nội,Xã Hát Môn
Thành phố Hà Nội,Huyện Phúc Thọ,Xã Phúc Hòa,Thành phố Hà Nội,Xã Phúc Thọ
Thành phố Hà Nội,Huyện Phúc Thọ,Xã Phụng Thượng,Thành phố Hà Nội,Xã Phúc Thọ
Thành phố Hà Nội,Huyện Phúc Thọ,Xã Sen Phương,Thành phố Hà Nội,Xã Phúc Lộc
Thành phố Hà Nội,Huyện Phúc Thọ,Xã Tam Hiệp,Thành phố Hà Nội,Xã Hát Môn
Thành phố Hà Nội,Huyện Phúc Thọ,Xã Tam Thuấn,Thành phố Hà Nội,Xã Hát Môn
Thành phố Hà Nội,Huyện Phúc Thọ,Xã Thanh Đa,Thành phố Hà Nội,Xã Hát Môn
Thành phố Hà Nội,Huyện Phúc Thọ,Xã Trạch Mỹ Lộc,Thành phố Hà Nội,Xã Phúc Thọ
Thành phố Hà Nội,Huyện Phúc Thọ,Xã Tích Lộc,Thành phố Hà Nội,Xã Phúc Thọ
Thành phố Hà Nội,Huyện Phúc Thọ,Xã Vân Phúc,Thành phố Hà Nội,Xã Phúc Lộc
Thành phố Hà Nội,Huyện Phúc Thọ,Xã Võng Xuyên,Thành phố Hà Nội,Xã Phúc Lộc
Thành phố Hà Nội,Huyện Phúc Thọ,Xã Xuân Đình,Thành phố Hà Nội,Xã Phúc Lộc
Thành phố Hà Nội,Huyện Quốc Oai,Xã Cấn Hữu,Thành phố Hà Nội,Xã Kiều Phú
Thành phố Hà Nội,Huyện Quốc Oai,Xã Cộng Hòa,Thành phố Hà Nội,Xã Hưng Đạo
Thành phố Hà Nội,Huyện Quốc Oai,Xã Hòa Thạch,Thành phố Hà Nội,Xã Phú Cát
Thành phố Hà Nội,Huyện Quốc Oai,Xã Hưng Đạo,Thành phố Hà Nội,Xã Hưng Đạo
Thành phố Hà Nội,Huyện Quốc Oai,Xã Liệp Nghĩa,Thành phố Hà Nội,Xã Kiều Phú
Thành phố Hà Nội,Huyện Quốc Oai,Xã Ngọc Liệp,Thành phố Hà Nội,Xã Tây Phương
Thành phố Hà Nội,Huyện Quốc Oai,Xã Ngọc Mỹ,Thành phố Hà Nội,Xã Kiều Phú
Thành phố Hà Nội,Huyện Quốc Oai,Xã Phượng Sơn,Thành phố Hà Nội,Xã Quốc Oai
Thành phố Hà Nội,Huyện Quốc Oai,Xã Phượng Sơn,Thành phố Hà Nội,Xã Tây Phương
Thành phố Hà Nội,Huyện Quốc Oai,Xã Sài Sơn,Thành phố Hà Nội,Xã Quốc Oai
Thành phố Hà Nội,Huyện Quốc Oai,Xã Thạch Thán,Thành phố Hà Nội,Xã Quốc Oai
Thành phố Hà Nội,Huyện Quốc Oai,Xã Đông Xuân,Thành phố Hà Nội,Xã Yên Xuân
Thành phố Hà Nội,Huyện Quốc Oai,Xã Đông Yên,Thành phố Hà Nội,Xã Phú Cát
Thành phố Hà Nội,Huyện Quốc Oai,Xã Đồng Quang,Thành phố Hà Nội,Xã Hưng Đạo
Thành phố Hà Nội,Huyện Sóc Sơn,Thị trấn Sóc Sơn,Thành phố Hà Nội,Xã Sóc Sơn
Thành phố Hà Nội,Huyện Sóc Sơn,Xã Bắc Phú,Thành phố Hà Nội,Xã Đa Phúc
Thành phố Hà Nội,Huyện Sóc Sơn,Xã Bắc Sơn,Thành phố Hà Nội,Xã Trung Giã
Thành phố Hà Nội,Huyện Sóc Sơn,Xã Hiền Ninh,Thành phố Hà Nội,Xã Nội Bài
Thành phố Hà Nội,Huyện Sóc Sơn,Xã Hồng Kỳ,Thành phố Hà Nội,Xã Trung Giã
Thành phố Hà Nội,Huyện Sóc Sơn,Xã Kim Lũ,Thành phố Hà Nội,Xã Đa Phúc
Thành phố Hà Nội,Huyện Sóc Sơn,Xã Mai Đình,Thành phố Hà Nội,Xã Nội Bài
Thành phố Hà Nội,Huyện Sóc Sơn,Xã Minh Phú,Thành phố Hà Nội,Xã Kim Anh
Thành phố Hà Nội,Huyện Sóc Sơn,Xã Minh Trí,Thành phố Hà Nội,Xã Kim Anh
Thành phố Hà Nội,Huyện Sóc Sơn,Xã Phù Linh,Thành phố Hà Nội,Xã Sóc Sơn
Thành phố Hà Nội,Huyện Sóc Sơn,Xã Phù Lỗ,Thành phố Hà Nội,Xã Sóc Sơn
Thành phố Hà Nội,Huyện Sóc Sơn,Xã Phú Cường,Thành phố Hà Nội,Xã Nội Bài
Thành phố Hà Nội,Huyện Sóc Sơn,Xã Phú Minh,Thành phố Hà Nội,Xã Nội Bài
Thành phố Hà Nội,Huyện Sóc Sơn,Xã Quang Tiến,Thành phố Hà Nội,Xã Nội Bài
Thành phố Hà Nội,Huyện Sóc Sơn,Xã Quang Tiến,Thành phố Hà Nội,Xã Sóc Sơn
Thành phố Hà Nội,Huyện Sóc Sơn,Xã Thanh Xuân,Thành phố Hà Nội,Xã Nội Bài
Thành phố Hà Nội,Huyện Sóc Sơn,Xã Tiên Dược,Thành phố Hà Nội,Xã Sóc Sơn
Thành phố Hà Nội,Huyện Sóc Sơn,Xã Tân Dân,Thành phố Hà Nội,Xã Kim Anh
Thành phố Hà Nội,Huyện Sóc Sơn,Xã Tân Hưng,Thành phố Hà Nội,Xã Đa Phúc
Thành phố Hà Nội,Huyện Sóc Sơn,Xã Việt Long,Thành phố Hà Nội,Xã Đa Phúc
Thành phố Hà Nội,Huyện Sóc Sơn,Xã Xuân Giang,Thành phố Hà Nội,Xã Đa Phúc
Thành phố Hà Nội,Huyện Sóc Sơn,Xã Xuân Thu,Thành phố Hà Nội,Xã Đa Phúc
Thành phố Hà Nội,Huyện Sóc Sơn,Xã Đông Xuân,Thành phố Hà Nội,Xã Sóc Sơn
Thành phố Hà Nội,Huyện Sóc Sơn,Xã Đức Hoà,Thành phố Hà Nội,Xã Đa Phúc
Thành phố Hà Nội,Huyện Thanh Oai,Thị trấn Kim Bài,Thành phố Hà Nội,Xã Thanh Oai
Thành phố Hà Nội,Huyện Thanh Oai,Xã Bình Minh,Thành phố Hà Nội,Xã Bình Minh
Thành phố Hà Nội,Huyện Thanh Oai,Xã Bích Hòa,Thành phố Hà Nội,Xã Bình Minh
Thành phố Hà Nội,Huyện Thanh Oai,Xã Cao Viên,Thành phố Hà Nội,Xã Bình Minh
Thành phố Hà Nội,Huyện Thanh Oai,Xã Cao Xuân Dương,Thành phố Hà Nội,Xã Dân Hoà
Thành phố Hà Nội,Huyện Thanh Oai,Xã Cự Khê,Thành phố Hà Nội,Phường Phú Lương
Thành phố Hà Nội,Huyện Thanh Oai,Xã Cự Khê,Thành phố Hà Nội,Xã Bình Minh
Thành phố Hà Nội,Huyện Thanh Oai,Xã Dân Hòa,Thành phố Hà Nội,Xã Dân Hoà
Thành phố Hà Nội,Huyện Thanh Oai,Xã Hồng Dương,Thành phố Hà Nội,Xã Dân Hoà
Thành phố Hà Nội,Huyện Thanh Oai,Xã Kim An,Thành phố Hà Nội,Xã Thanh Oai
Thành phố Hà Nội,Huyện Thanh Oai,Xã Liên Châu,Thành phố Hà Nội,Xã Dân Hoà
Thành phố Hà Nội,Huyện Thanh Oai,Xã Mỹ Hưng,Thành phố Hà Nội,Xã Tam Hưng
Thành phố Hà Nội,Huyện Thanh Oai,Xã Phương Trung,Thành phố Hà Nội,Xã Thanh Oai
Thành phố Hà Nội,Huyện Thanh Oai,Xã Tam Hưng,Thành phố Hà Nội,Xã Tam Hưng
Thành phố Hà Nội,Huyện Thanh Oai,Xã Thanh Thùy,Thành phố Hà Nội,Xã Tam Hưng
Thành phố Hà Nội,Huyện Thanh Oai,Xã Thanh Văn,Thành phố Hà Nội,Xã Tam Hưng
Thành phố Hà Nội,Huyện Thanh Oai,Xã Tân Ước,Thành phố Hà Nội,Xã Dân Hoà
Thành phố Hà Nội,Huyện Thanh Oai,Xã Đỗ Động,Thành phố Hà Nội,Xã Thanh Oai
Thành phố Hà Nội,Huyện Thanh Trì,Thị trấn Văn Điển,Thành phố Hà Nội,Phường Hoàng Liệt
Thành phố Hà Nội,Huyện Thanh Trì,Thị trấn Văn Điển,Thành phố Hà Nội,Xã Thanh Trì
Thành phố Hà Nội,Huyện Thanh Trì,Thị trấn Văn Điển,Thành phố Hà Nội,Xã Đại Thanh
Thành phố Hà Nội,Huyện Thanh Trì,Xã Duyên Hà,Thành phố Hà Nội,Xã Nam Phù
Thành phố Hà Nội,Huyện Thanh Trì,Xã Duyên Hà,Thành phố Hà Nội,Xã Thanh Trì
Thành phố Hà Nội,Huyện Thanh Trì,Xã Hữu Hoà,Thành phố Hà Nội,Phường Phú Lương
Thành phố Hà Nội,Huyện Thanh Trì,Xã Hữu Hoà,Thành phố Hà Nội,Xã Đại Thanh
Thành phố Hà Nội,Huyện Thanh Trì,Xã Liên Ninh,Thành phố Hà Nội,Xã Ngọc Hồi
Thành phố Hà Nội,Huyện Thanh Trì,Xã Ngũ Hiệp,Thành phố Hà Nội,Xã Nam Phù
Thành phố Hà Nội,Huyện Thanh Trì,Xã Ngũ Hiệp,Thành phố Hà Nội,Xã Thanh Trì
Thành phố Hà Nội,Huyện Thanh Trì,Xã Tam Hiệp,Thành phố Hà Nội,Phường Hoàng Liệt
Thành phố Hà Nội,Huyện Thanh Trì,Xã Thanh Liệt,Thành phố Hà Nội,Phường Hoàng Liệt
Thành phố Hà Nội,Huyện Thanh Trì,Xã Thanh Liệt,Thành phố Hà Nội,Phường Thanh Liệt
Thành phố Hà Nội,Huyện Thanh Trì,Xã Thanh Liệt,Thành phố Hà Nội,Phường Định Công
Thành phố Hà Nội,Huyện Thanh Trì,Xã Tân Triều,Thành phố Hà Nội,Phường Hà Đông
Thành phố Hà Nội,Huyện Thanh Trì,Xã Tân Triều,Thành phố Hà Nội,Phường Khương Đình
Thành phố Hà Nội,Huyện Thanh Trì,Xã Tân Triều,Thành phố Hà Nội,Phường Thanh Liệt
Thành phố Hà Nội,Huyện Thanh Trì,Xã Tân Triều,Thành phố Hà Nội,Phường Định Công
Thành phố Hà Nội,Huyện Thanh Trì,Xã Tả Thanh Oai,Thành phố Hà Nội,Phường Thanh Liệt
Thành phố Hà Nội,Huyện Thanh Trì,Xã Tả Thanh Oai,Thành phố Hà Nội,Xã Đại Thanh
Thành phố Hà Nội,Huyện Thanh Trì,Xã Tứ Hiệp,Thành phố Hà Nội,Xã Thanh Trì
Thành phố Hà Nội,Huyện Thanh Trì,Xã Vĩnh Quỳnh,Thành phố Hà Nội,Xã Thanh Trì
Thành phố Hà Nội,Huyện Thanh Trì,Xã Vĩnh Quỳnh,Thành phố Hà Nội,Xã Đại Thanh
Thành phố Hà Nội,Huyện Thanh Trì,Xã Yên Mỹ,Thành phố Hà Nội,Xã Nam Phù
Thành phố Hà Nội,Huyện Thanh Trì,Xã Yên Mỹ,Thành phố Hà Nội,Xã Thanh Trì
Thành phố Hà Nội,Huyện Thanh Trì,Xã Đông Mỹ,Thành phố Hà Nội,Xã Hồng Vân
Thành phố Hà Nội,Huyện Thanh Trì,Xã Đông Mỹ,Thành phố Hà Nội,Xã Nam Phù
Thành phố Hà Nội,Huyện Thanh Trì,Xã Đại áng,Thành phố Hà Nội,Xã Ngọc Hồi
Thành phố Hà Nội,Huyện Thường Tín,Thị trấn Thường Tín,Thành phố Hà Nội,Xã Thường Tín
Thành phố Hà Nội,Huyện Thường Tín,Xã Chương Dương,Thành phố Hà Nội,Xã Chương Dương
Thành phố Hà Nội,Huyện Thường Tín,Xã Duyên Thái,Thành phố Hà Nội,Xã Nam Phù
Thành phố Hà Nội,Huyện Thường Tín,Xã Dũng Tiến,Thành phố Hà Nội,Xã Thượng Phúc
Thành phố Hà Nội,Huyện Thường Tín,Xã Hiền Giang,Thành phố Hà Nội,Xã Thường Tín
Thành phố Hà Nội,Huyện Thường Tín,Xã Hà Hồi,Thành phố Hà Nội,Xã Hồng Vân
Thành phố Hà Nội,Huyện Thường Tín,Xã Hòa Bình,Thành phố Hà Nội,Xã Thường Tín
Thành phố Hà Nội,Huyện Thường Tín,Xã Hồng Vân,Thành phố Hà Nội,Xã Hồng Vân
Thành phố Hà Nội,Huyện Thường Tín,Xã Khánh Hà,Thành phố Hà Nội,Xã Ngọc Hồi
Thành phố Hà Nội,Huyện Thường Tín,Xã Khánh Hà,Thành phố Hà Nội,Xã Thường Tín
Thành phố Hà Nội,Huyện Thường Tín,Xã Liên Phương,Thành phố Hà Nội,Xã Hồng Vân
Thành phố Hà Nội,Huyện Thường Tín,Xã Lê Lợi,Thành phố Hà Nội,Xã Chương Dương
Thành phố Hà Nội,Huyện Thường Tín,Xã Minh Cường,Thành phố Hà Nội,Xã Phú Xuyên
Thành phố Hà Nội,Huyện Thường Tín,Xã Nghiêm Xuyên,Thành phố Hà Nội,Xã Thượng Phúc
Thành phố Hà Nội,Huyện Thường Tín,Xã Nguyễn Trãi,Thành phố Hà Nội,Xã Thượng Phúc
Thành phố Hà Nội,Huyện Thường Tín,Xã Nhị Khê,Thành phố Hà Nội,Xã Thường Tín
Thành phố Hà Nội,Huyện Thường Tín,Xã Ninh Sở,Thành phố Hà Nội,Xã Hồng Vân
Thành phố Hà Nội,Huyện Thường Tín,Xã Ninh Sở,Thành phố Hà Nội,Xã Nam Phù
Thành phố Hà Nội,Huyện Thường Tín,Xã Quất Động,Thành phố Hà Nội,Xã Thượng Phúc
Thành phố Hà Nội,Huyện Thường Tín,Xã Thắng Lợi,Thành phố Hà Nội,Xã Chương Dương
Thành phố Hà Nội,Huyện Thường Tín,Xã Tiền Phong,Thành phố Hà Nội,Xã Thường Tín
Thành phố Hà Nội,Huyện Thường Tín,Xã Tân Minh,Thành phố Hà Nội,Xã Thượng Phúc
Thành phố Hà Nội,Huyện Thường Tín,Xã Tự Nhiên,Thành phố Hà Nội,Xã Chương Dương
Thành phố Hà Nội,Huyện Thường Tín,Xã Văn Bình,Thành phố Hà Nội,Xã Thường Tín
Thành phố Hà Nội,Huyện Thường Tín,Xã Vạn Nhất,Thành phố Hà Nội,Xã Chương Dương
Thành phố Hà Nội,Huyện Thường Tín,Xã Vạn Nhất,Thành phố Hà Nội,Xã Phú Xuyên
Thành phố Hà Nội,Huyện Thạch Thất,Thị trấn Liên Quan,Thành phố Hà Nội,Xã Thạch Thất
Thành phố Hà Nội,Huyện Thạch Thất,Xã Bình Yên,Thành phố Hà Nội,Xã Hoà Lạc
Thành phố Hà Nội,Huyện Thạch Thất,Xã Cần Kiệm,Thành phố Hà Nội,Xã Hạ Bằng
Thành phố Hà Nội,Huyện Thạch Thất,Xã Cẩm Yên,Thành phố Hà Nội,Xã Thạch Thất
Thành phố Hà Nội,Huyện Thạch Thất,Xã Hương Ngải,Thành phố Hà Nội,Xã Tây Phương
Thành phố Hà Nội,Huyện Thạch Thất,Xã Hạ Bằng,Thành phố Hà Nội,Xã Hoà Lạc
Thành phố Hà Nội,Huyện Thạch Thất,Xã Hạ Bằng,Thành phố Hà Nội,Xã Hạ Bằng
Thành phố Hà Nội,Huyện Thạch Thất,Xã Kim Quan,Thành phố Hà Nội,Xã Thạch Thất
Thành phố Hà Nội,Huyện Thạch Thất,Xã Lam Sơn,Thành phố Hà Nội,Xã Tây Phương
Thành phố Hà Nội,Huyện Thạch Thất,Xã Lại Thượng,Thành phố Hà Nội,Xã Thạch Thất
Thành phố Hà Nội,Huyện Thạch Thất,Xã Phùng Xá,Thành phố Hà Nội,Xã Tây Phương
Thành phố Hà Nội,Huyện Thạch Thất,Xã Phú Kim,Thành phố Hà Nội,Xã Thạch Thất
Thành phố Hà Nội,Huyện Thạch Thất,Xã Quang Trung,Thành phố Hà Nội,Xã Kiều Phú
Thành phố Hà Nội,Huyện Thạch Thất,Xã Thạch Hoà,Thành phố Hà Nội,Xã Hoà Lạc
Thành phố Hà Nội,Huyện Thạch Thất,Xã Thạch Hoà,Thành phố Hà Nội,Xã Yên Xuân
Thành phố Hà Nội,Huyện Thạch Thất,Xã Thạch Xá,Thành phố Hà Nội,Xã Tây Phương
Thành phố Hà Nội,Huyện Thạch Thất,Xã Tiến Xuân,Thành phố Hà Nội,Xã Hoà Lạc
Thành phố Hà Nội,Huyện Thạch Thất,Xã Tân Xã,Thành phố Hà Nội,Xã Hoà Lạc
Thành phố Hà Nội,Huyện Thạch Thất,Xã Tân Xã,Thành phố Hà Nội,Xã Hạ Bằng
Thành phố Hà Nội,Huyện Thạch Thất,Xã Yên Bình,Thành phố Hà Nội,Xã Yên Xuân
Thành phố Hà Nội,Huyện Thạch Thất,Xã Đại Đồng,Thành phố Hà Nội,Xã Thạch Thất
Thành phố Hà Nội,Huyện Thạch Thất,Xã Đồng Trúc,Thành phố Hà Nội,Xã Hạ Bằng
Thành phố Hà Nội,Huyện Đan Phượng,Thị trấn Phùng,Thành phố Hà Nội,Xã Đan Phượng
Thành phố Hà Nội,Huyện Đan Phượng,Xã Hạ Mỗ,Thành phố Hà Nội,Xã Ô Diên
Thành phố Hà Nội,Huyện Đan Phượng,Xã Hồng Hà,Thành phố Hà Nội,Xã Mê Linh
Thành phố Hà Nội,Huyện Đan Phượng,Xã Hồng Hà,Thành phố Hà Nội,Xã Yên Lãng
Thành phố Hà Nội,Huyện Đan Phượng,Xã Hồng Hà,Thành phố Hà Nội,Xã Ô Diên
Thành phố Hà Nội,Huyện Đan Phượng,Xã Liên Hồng,Thành phố Hà Nội,Xã Mê Linh
Thành phố Hà Nội,Huyện Đan Phượng,Xã Liên Hồng,Thành phố Hà Nội,Xã Ô Diên
Thành phố Hà Nội,Huyện Đan Phượng,Xã Liên Trung,Thành phố Hà Nội,Xã Mê Linh
Thành phố Hà Nội,Huyện Đan Phượng,Xã Liên Trung,Thành phố Hà Nội,Xã Ô Diên
Thành phố Hà Nội,Huyện Đan Phượng,Xã Phương Đình,Thành phố Hà Nội,Xã Liên Minh
Thành phố Hà Nội,Huyện Đan Phượng,Xã Song Phượng,Thành phố Hà Nội,Xã Đan Phượng
Thành phố Hà Nội,Huyện Đan Phượng,Xã Thượng Mỗ,Thành phố Hà Nội,Xã Đan Phượng
Thành phố Hà Nội,Huyện Đan Phượng,Xã Thọ An,Thành phố Hà Nội,Xã Liên Minh
Thành phố Hà Nội,Huyện Đan Phượng,Xã Thọ An,Thành phố Hà Nội,Xã Yên Lãng
Thành phố Hà Nội,Huyện Đan Phượng,Xã Thọ Xuân,Thành phố Hà Nội,Xã Liên Minh
Thành phố Hà Nội,Huyện Đan Phượng,Xã Thọ Xuân,Thành phố Hà Nội,Xã Yên Lãng
Thành phố Hà Nội,Huyện Đan Phượng,Xã Trung Châu,Thành phố Hà Nội,Xã Yên Lãng
Thành phố Hà Nội,Huyện Đan Phượng,Xã Tân Lập,Thành phố Hà Nội,Xã Hoài Đức
Thành phố Hà Nội,Huyện Đan Phượng,Xã Tân Lập,Thành phố Hà Nội,Xã Ô Diên
Thành phố Hà Nội,Huyện Đan Phượng,Xã Đan Phượng,Thành phố Hà Nội,Xã Đan Phượng
Thành phố Hà Nội,Huyện Đan Phượng,Xã Đồng Tháp,Thành phố Hà Nội,Xã Đan Phượng
Thành phố Hà Nội,Huyện Đông Anh,Thị trấn Đông Anh,Thành phố Hà Nội,Xã Phúc Thịnh
Thành phố Hà Nội,Huyện Đông Anh,Xã Bắc Hồng,Thành phố Hà Nội,Xã Phúc Thịnh
Thành phố Hà Nội,Huyện Đông Anh,Xã Cổ Loa,Thành phố Hà Nội,Xã Đông Anh
Thành phố Hà Nội,Huyện Đông Anh,Xã Dục Tú,Thành phố Hà Nội,Xã Thư Lâm
Thành phố Hà Nội,Huyện Đông Anh,Xã Dục Tú,Thành phố Hà Nội,Xã Đông Anh
Thành phố Hà Nội,Huyện Đông Anh,Xã Hải Bối,Thành phố Hà Nội,Xã Thiên Lộc
Thành phố Hà Nội,Huyện Đông Anh,Xã Hải Bối,Thành phố Hà Nội,Xã Vĩnh Thanh
Thành phố Hà Nội,Huyện Đông Anh,Xã Kim Nỗ,Thành phố Hà Nội,Xã Thiên Lộc
Thành phố Hà Nội,Huyện Đông Anh,Xã Kim Nỗ,Thành phố Hà Nội,Xã Vĩnh Thanh
Thành phố Hà Nội,Huyện Đông Anh,Xã Liên Hà,Thành phố Hà Nội,Xã Đông Anh
Thành phố Hà Nội,Huyện Đông Anh,Xã Nam Hồng,Thành phố Hà Nội,Xã Phúc Thịnh
Thành phố Hà Nội,Huyện Đông Anh,Xã Nguyên Khê,Thành phố Hà Nội,Xã Phúc Thịnh
Thành phố Hà Nội,Huyện Đông Anh,Xã Nguyên Khê,Thành phố Hà Nội,Xã Thư Lâm
Thành phố Hà Nội,Huyện Đông Anh,Xã Thuỵ Lâm,Thành phố Hà Nội,Xã Thư Lâm
Thành phố Hà Nội,Huyện Đông Anh,Xã Tiên Dương,Thành phố Hà Nội,Xã Phúc Thịnh
Thành phố Hà Nội,Huyện Đông Anh,Xã Tiên Dương,Thành phố Hà Nội,Xã Đông Anh
Thành phố Hà Nội,Huyện Đông Anh,Xã Tàm Xá,Thành phố Hà Nội,Xã Vĩnh Thanh
Thành phố Hà Nội,Huyện Đông Anh,Xã Tàm Xá,Thành phố Hà Nội,Xã Đông Anh
Thành phố Hà Nội,Huyện Đông Anh,Xã Uy Nỗ,Thành phố Hà Nội,Xã Thư Lâm
Thành phố Hà Nội,Huyện Đông Anh,Xã Uy Nỗ,Thành phố Hà Nội,Xã Đông Anh
Thành phố Hà Nội,Huyện Đông Anh,Xã Việt Hùng,Thành phố Hà Nội,Xã Thư Lâm
Thành phố Hà Nội,Huyện Đông Anh,Xã Việt Hùng,Thành phố Hà Nội,Xã Đông Anh
Thành phố Hà Nội,Huyện Đông Anh,Xã Vân Hà,Thành phố Hà Nội,Xã Thư Lâm
Thành phố Hà Nội,Huyện Đông Anh,Xã Vĩnh Ngọc,Thành phố Hà Nội,Xã Vĩnh Thanh
Thành phố Hà Nội,Huyện Đông Anh,Xã Vĩnh Ngọc,Thành phố Hà Nội,Xã Đông Anh
Thành phố Hà Nội,Huyện Đông Anh,Xã Xuân Canh,Thành phố Hà Nội,Xã Vĩnh Thanh
Thành phố Hà Nội,Huyện Đông Anh,Xã Xuân Canh,Thành phố Hà Nội,Xã Đông Anh
Thành phố Hà Nội,Huyện Đông Anh,Xã Xuân Nộn,Thành phố Hà Nội,Xã Phúc Thịnh
Thành phố Hà Nội,Huyện Đông Anh,Xã Đông Hội,Thành phố Hà Nội,Xã Đông Anh
Thành phố Hà Nội,Huyện Đông Anh,Xã Đại Mạch,Thành phố Hà Nội,Xã Mê Linh
Thành phố Hà Nội,Huyện Đông Anh,Xã Đại Mạch,Thành phố Hà Nội,Xã Thiên Lộc
Thành phố Hà Nội,Huyện Ứng Hòa,Thị trấn Vân Đình,Thành phố Hà Nội,Xã Vân Đình
Thành phố Hà Nội,Huyện Ứng Hòa,Xã Bình Lưu Quang,Thành phố Hà Nội,Xã Hoà Xá
Thành phố Hà Nội,Huyện Ứng Hòa,Xã Cao Sơn Tiến,Thành phố Hà Nội,Xã Vân Đình
Thành phố Hà Nội,Huyện Ứng Hòa,Xã Hoa Viên,Thành phố Hà Nội,Xã Ứng Thiên
Thành phố Hà Nội,Huyện Ứng Hòa,Xã Kim Đường,Thành phố Hà Nội,Xã Ứng Hoà
Thành phố Hà Nội,Huyện Ứng Hòa,Xã Liên Bạt,Thành phố Hà Nội,Xã Ứng Thiên
Thành phố Hà Nội,Huyện Ứng Hòa,Xã Minh Đức,Thành phố Hà Nội,Xã Ứng Hoà
Thành phố Hà Nội,Huyện Ứng Hòa,Xã Phù Lưu,Thành phố Hà Nội,Xã Hoà Xá
Thành phố Hà Nội,Huyện Ứng Hòa,Xã Phương Tú,Thành phố Hà Nội,Xã Vân Đình
Thành phố Hà Nội,Huyện Ứng Hòa,Xã Quảng Phú Cầu,Thành phố Hà Nội,Xã Ứng Thiên
Thành phố Hà Nội,Huyện Ứng Hòa,Xã Thái Hòa,Thành phố Hà Nội,Xã Hoà Xá
Thành phố Hà Nội,Huyện Ứng Hòa,Xã Trung Tú,Thành phố Hà Nội,Xã Ứng Hoà
Thành phố Hà Nội,Huyện Ứng Hòa,Xã Trường Thịnh,Thành phố Hà Nội,Xã Ứng Thiên
Thành phố Hà Nội,Huyện Ứng Hòa,Xã Trầm Lộng,Thành phố Hà Nội,Xã Ứng Hoà
Thành phố Hà Nội,Huyện Ứng Hòa,Xã Tảo Dương Văn,Thành phố Hà Nội,Xã Vân Đình
Thành phố Hà Nội,Huyện Ứng Hòa,Xã Đông Lỗ,Thành phố Hà Nội,Xã Ứng Hoà
Thành phố Hà Nội,Huyện Ứng Hòa,Xã Đại Cường,Thành phố Hà Nội,Xã Ứng Hoà
Thành phố Hà Nội,Huyện Ứng Hòa,Xã Đại Hùng,Thành phố Hà Nội,Xã Ứng Hoà
Thành phố Hà Nội,Huyện Ứng Hòa,Xã Đồng Tân,Thành phố Hà Nội,Xã Ứng Hoà
Thành phố Hà Nội,Quận Ba Đình,Phường Cống Vị,Thành phố Hà Nội,Phường Giảng Võ
Thành phố Hà Nội,Quận Ba Đình,Phường Cống Vị,Thành phố Hà Nội,Phường Ngọc Hà
Thành phố Hà Nội,Quận Ba Đình,Phường Kim Mã,Thành phố Hà Nội,Phường Giảng Võ
Thành phố Hà Nội,Quận Ba Đình,Phường Kim Mã,Thành phố Hà Nội,Phường Ngọc Hà
Thành phố Hà Nội,Quận Ba Đình,Phường Liễu Giai,Thành phố Hà Nội,Phường Ngọc Hà
Thành phố Hà Nội,Quận Ba Đình,Phường Ngọc Hà,Thành phố Hà Nội,Phường Ngọc Hà
Thành phố Hà Nội,Quận Ba Đình,Phường Ngọc Khánh,Thành phố Hà Nội,Phường Giảng Võ
Thành phố Hà Nội,Quận Ba Đình,Phường Ngọc Khánh,Thành phố Hà Nội,Phường Láng
Thành phố Hà Nội,Quận Ba Đình,Phường Ngọc Khánh,Thành phố Hà Nội,Phường Ngọc Hà
Thành phố Hà Nội,Quận Ba Đình,Phường Phúc Xá,Thành phố Hà Nội,Phường Hồng Hà
Thành phố Hà Nội,Quận Ba Đình,Phường Quán Thánh,Thành phố Hà Nội,Phường Ba Đình
Thành phố Hà Nội,Quận Ba Đình,Phường Thành Công,Thành phố Hà Nội,Phường Giảng Võ
Thành phố Hà Nội,Quận Ba Đình,Phường Thành Công,Thành phố Hà Nội,Phường Ô Chợ Dừa
Thành phố Hà Nội,Quận Ba Đình,Phường Trúc Bạch,Thành phố Hà Nội,Phường Ba Đình
Thành phố Hà Nội,Quận Ba Đình,Phường Vĩnh Phúc,Thành phố Hà Nội,Phường Ngọc Hà
Thành phố Hà Nội,Quận Ba Đình,Phường Điện Biên,Thành phố Hà Nội,Phường Hoàn Kiếm
Thành phố Hà Nội,Quận Ba Đình,Phường Điện Biên,Thành phố Hà Nội,Phường Ô Chợ Dừa
Thành phố Hà Nội,Quận Ba Đình,Phường Đội Cấn,Thành phố Hà Nội,Phường Ngọc Hà
Thành phố Hà Nội,Quận Bắc Từ Liêm,Phường Cổ Nhuế 1,Thành phố Hà Nội,Phường Nghĩa Đô
Thành phố Hà Nội,Quận Bắc Từ Liêm,Phường Cổ Nhuế 1,Thành phố Hà Nội,Phường Xuân Đỉnh
Thành phố Hà Nội,Quận Bắc Từ Liêm,Phường Cổ Nhuế 2,Thành phố Hà Nội,Phường Thượng Cát
Thành phố Hà Nội,Quận Bắc Từ Liêm,Phường Liên Mạc,Thành phố Hà Nội,Phường Thượng Cát
Thành phố Hà Nội,Quận Bắc Từ Liêm,Phường Minh Khai,Thành phố Hà Nội,Phường Tây Tựu
Thành phố Hà Nội,Quận Bắc Từ Liêm,Phường Phú Diễn,Thành phố Hà Nội,Phường Phú Diễn
Thành phố Hà Nội,Quận Bắc Từ Liêm,Phường Phúc Diễn,Thành phố Hà Nội,Phường Phú Diễn
Thành phố Hà Nội,Quận Bắc Từ Liêm,Phường Phúc Diễn,Thành phố Hà Nội,Phường Xuân Phương
Thành phố Hà Nội,Quận Bắc Từ Liêm,Phường Thượng Cát,Thành phố Hà Nội,Phường Thượng Cát
Thành phố Hà Nội,Quận Bắc Từ Liêm,Phường Thụy Phương,Thành phố Hà Nội,Phường Thượng Cát
Thành phố Hà Nội,Quận Bắc Từ Liêm,Phường Thụy Phương,Thành phố Hà Nội,Phường Đông Ngạc
Thành phố Hà Nội,Quận Bắc Từ Liêm,Phường Tây Tựu,Thành phố Hà Nội,Phường Thượng Cát
Thành phố Hà Nội,Quận Bắc Từ Liêm,Phường Tây Tựu,Thành phố Hà Nội,Xã Hoài Đức
Thành phố Hà Nội,Quận Bắc Từ Liêm,Phường Tây Tựu,Thành phố Hà Nội,Xã Ô Diên
Thành phố Hà Nội,Quận Bắc Từ Liêm,Phường Xuân Tảo,Thành phố Hà Nội,Phường Nghĩa Đô
Thành phố Hà Nội,Quận Bắc Từ Liêm,Phường Xuân Tảo,Thành phố Hà Nội,Phường Phú Thượng
Thành phố Hà Nội,Quận Bắc Từ Liêm,Phường Xuân Tảo,Thành phố Hà Nội,Phường Xuân Đỉnh
Thành phố Hà Nội,Quận Bắc Từ Liêm,Phường Xuân Đỉnh,Thành phố Hà Nội,Phường Phú Thượng
Thành phố Hà Nội,Quận Bắc Từ Liêm,Phường Xuân Đỉnh,Thành phố Hà Nội,Phường Xuân Đỉnh
Thành phố Hà Nội,Quận Bắc Từ Liêm,Phường Xuân Đỉnh,Thành phố Hà Nội,Phường Đông Ngạc
Thành phố Hà Nội,Quận Bắc Từ Liêm,Phường Đông Ngạc,Thành phố Hà Nội,Phường Phú Thượng
Thành phố Hà Nội,Quận Bắc Từ Liêm,Phường Đông Ngạc,Thành phố Hà Nội,Phường Đông Ngạc
Thành phố Hà Nội,Quận Bắc Từ Liêm,Phường Đức Thắng,Thành phố Hà Nội,Phường Đông Ngạc
Thành phố Hà Nội,Quận Cầu Giấy,Phường Dịch Vọng,Thành phố Hà Nội,Phường Cầu Giấy
Thành phố Hà Nội,Quận Cầu Giấy,Phường Dịch Vọng,Thành phố Hà Nội,Phường Nghĩa Đô
Thành phố Hà Nội,Quận Cầu Giấy,Phường Dịch Vọng Hậu,Thành phố Hà Nội,Phường Cầu Giấy
Thành phố Hà Nội,Quận Cầu Giấy,Phường Dịch Vọng Hậu,Thành phố Hà Nội,Phường Nghĩa Đô
Thành phố Hà Nội,Quận Cầu Giấy,Phường Mai Dịch,Thành phố Hà Nội,Phường Nghĩa Đô
Thành phố Hà Nội,Quận Cầu Giấy,Phường Mai Dịch,Thành phố Hà Nội,Phường Phú Diễn
Thành phố Hà Nội,Quận Cầu Giấy,Phường Mai Dịch,Thành phố Hà Nội,Phường Từ Liêm
Thành phố Hà Nội,Quận Cầu Giấy,Phường Nghĩa Tân,Thành phố Hà Nội,Phường Nghĩa Đô
Thành phố Hà Nội,Quận Cầu Giấy,Phường Nghĩa Đô,Thành phố Hà Nội,Phường Nghĩa Đô
Thành phố Hà Nội,Quận Cầu Giấy,Phường Nghĩa Đô,Thành phố Hà Nội,Phường Ngọc Hà
Thành phố Hà Nội,Quận Cầu Giấy,Phường Nghĩa Đô,Thành phố Hà Nội,Phường Tây Hồ
Thành phố Hà Nội,Quận Cầu Giấy,Phường Quan Hoa,Thành phố Hà Nội,Phường Cầu Giấy
Thành phố Hà Nội,Quận Cầu Giấy,Phường Quan Hoa,Thành phố Hà Nội,Phường Nghĩa Đô
Thành phố Hà Nội,Quận Cầu Giấy,Phường Trung Hoà,Thành phố Hà Nội,Phường Thanh Xuân
Thành phố Hà Nội,Quận Cầu Giấy,Phường Trung Hoà,Thành phố Hà Nội,Phường Đại Mỗ
Thành phố Hà Nội,Quận Cầu Giấy,Phường Yên Hoà,Thành phố Hà Nội,Phường Cầu Giấy
Thành phố Hà Nội,Quận Hai Bà Trưng,Phường Bách Khoa,Thành phố Hà Nội,Phường Bạch Mai
Thành phố Hà Nội,Quận Hai Bà Trưng,Phường Bạch Mai,Thành phố Hà Nội,Phường Bạch Mai
Thành phố Hà Nội,Quận Hai Bà Trưng,Phường Bạch Đằng,Thành phố Hà Nội,Phường Hồng Hà
Thành phố Hà Nội,Quận Hai Bà Trưng,Phường Lê Đại Hành,Thành phố Hà Nội,Phường Bạch Mai
Thành phố Hà Nội,Quận Hai Bà Trưng,Phường Lê Đại Hành,Thành phố Hà Nội,Phường Hai Bà Trưng
Thành phố Hà Nội,Quận Hai Bà Trưng,Phường Lê Đại Hành,Thành phố Hà Nội,Phường Văn Miếu - Quốc Tử Giám
Thành phố Hà Nội,Quận Hai Bà Trưng,Phường Nguyễn Du,Thành phố Hà Nội,Phường Cửa Nam
Thành phố Hà Nội,Quận Hai Bà Trưng,Phường Nguyễn Du,Thành phố Hà Nội,Phường Hai Bà Trưng
Thành phố Hà Nội,Quận Hai Bà Trưng,Phường Nguyễn Du,Thành phố Hà Nội,Phường Văn Miếu - Quốc Tử Giám
Thành phố Hà Nội,Quận Hai Bà Trưng,Phường Phạm Đình Hổ,Thành phố Hà Nội,Phường Hai Bà Trưng
Thành phố Hà Nội,Quận Hai Bà Trưng,Phường Phố Huế,Thành phố Hà Nội,Phường Hai Bà Trưng
Thành phố Hà Nội,Quận Hai Bà Trưng,Phường Quỳnh Mai,Thành phố Hà Nội,Phường Bạch Mai
Thành phố Hà Nội,Quận Hai Bà Trưng,Phường Thanh Lương,Thành phố Hà Nội,Phường Hồng Hà
Thành phố Hà Nội,Quận Hai Bà Trưng,Phường Thanh Lương,Thành phố Hà Nội,Phường Lĩnh Nam
Thành phố Hà Nội,Quận Hai Bà Trưng,Phường Thanh Lương,Thành phố Hà Nội,Phường Vĩnh Tuy
Thành phố Hà Nội,Quận Hai Bà Trưng,Phường Thanh Nhàn,Thành phố Hà Nội,Phường Hai Bà Trưng
Thành phố Hà Nội,Quận Hai Bà Trưng,Phường Trương Định,Thành phố Hà Nội,Phường Bạch Mai
Thành phố Hà Nội,Quận Hai Bà Trưng,Phường Trương Định,Thành phố Hà Nội,Phường Tương Mai
Thành phố Hà Nội,Quận Hai Bà Trưng,Phường Vĩnh Tuy,Thành phố Hà Nội,Phường Vĩnh Hưng
Thành phố Hà Nội,Quận Hai Bà Trưng,Phường Vĩnh Tuy,Thành phố Hà Nội,Phường Vĩnh Tuy
Thành phố Hà Nội,Quận Hai Bà Trưng,Phường Đồng Nhân,Thành phố Hà Nội,Phường Hai Bà Trưng
Thành phố Hà Nội,Quận Hai Bà Trưng,Phường Đồng Tâm,Thành phố Hà Nội,Phường Bạch Mai
Thành phố Hà Nội,Quận Hai Bà Trưng,Phường Đồng Tâm,Thành phố Hà Nội,Phường Tương Mai
Thành phố Hà Nội,Quận Hoàn Kiếm,Phường Chương Dương,Thành phố Hà Nội,Phường Hồng Hà
Thành phố Hà Nội,Quận Hoàn Kiếm,Phường Cửa Nam,Thành phố Hà Nội,Phường Hoàn Kiếm
Thành phố Hà Nội,Quận Hoàn Kiếm,Phường Cửa Nam,Thành phố Hà Nội,Phường Văn Miếu - Quốc Tử Giám
Thành phố Hà Nội,Quận Hoàn Kiếm,Phường Cửa Đông,Thành phố Hà Nội,Phường Hoàn Kiếm
Thành phố Hà Nội,Quận Hoàn Kiếm,Phường Hàng Buồm,Thành phố Hà Nội,Phường Hoàn Kiếm
Thành phố Hà Nội,Quận Hoàn Kiếm,Phường Hàng Bài,Thành phố Hà Nội,Phường Cửa Nam
Thành phố Hà Nội,Quận Hoàn Kiếm,Phường Hàng Bông,Thành phố Hà Nội,Phường Hoàn Kiếm
Thành phố Hà Nội,Quận Hoàn Kiếm,Phường Hàng Bạc,Thành phố Hà Nội,Phường Hoàn Kiếm
Thành phố Hà Nội,Quận Hoàn Kiếm,Phường Hàng Bồ,Thành phố Hà Nội,Phường Hoàn Kiếm
Thành phố Hà Nội,Quận Hoàn Kiếm,Phường Hàng Gai,Thành phố Hà Nội,Phường Hoàn Kiếm
Thành phố Hà Nội,Quận Hoàn Kiếm,Phường Hàng Mã,Thành phố Hà Nội,Phường Hoàn Kiếm
Thành phố Hà Nội,Quận Hoàn Kiếm,Phường Hàng Trống,Thành phố Hà Nội,Phường Cửa Nam
Thành phố Hà Nội,Quận Hoàn Kiếm,Phường Hàng Trống,Thành phố Hà Nội,Phường Hoàn Kiếm
Thành phố Hà Nội,Quận Hoàn Kiếm,Phường Hàng Đào,Thành phố Hà Nội,Phường Hoàn Kiếm
Thành phố Hà Nội,Quận Hoàn Kiếm,Phường Lý Thái Tổ,Thành phố Hà Nội,Phường Hoàn Kiếm
Thành phố Hà Nội,Quận Hoàn Kiếm,Phường Phan Chu Trinh,Thành phố Hà Nội,Phường Cửa Nam
Thành phố Hà Nội,Quận Hoàn Kiếm,Phường Phúc Tân,Thành phố Hà Nội,Phường Hồng Hà
Thành phố Hà Nội,Quận Hoàn Kiếm,Phường Tràng Tiền,Thành phố Hà Nội,Phường Cửa Nam
Thành phố Hà Nội,Quận Hoàn Kiếm,Phường Tràng Tiền,Thành phố Hà Nội,Phường Hoàn Kiếm
Thành phố Hà Nội,Quận Hoàn Kiếm,Phường Trần Hưng Đạo,Thành phố Hà Nội,Phường Cửa Nam
Thành phố Hà Nội,Quận Hoàn Kiếm,Phường Đồng Xuân,Thành phố Hà Nội,Phường Hoàn Kiếm
Thành phố Hà Nội,Quận Hoàng Mai,Phường Giáp Bát,Thành phố Hà Nội,Phường Tương Mai
Thành phố Hà Nội,Quận Hoàng Mai,Phường Giáp Bát,Thành phố Hà Nội,Phường Định Công
Thành phố Hà Nội,Quận Hoàng Mai,Phường Hoàng Liệt,Thành phố Hà Nội,Phường Hoàng Liệt
Thành phố Hà Nội,Quận Hoàng Mai,Phường Hoàng Liệt,Thành phố Hà Nội,Phường Hoàng Mai
Thành phố Hà Nội,Quận Hoàng Mai,Phường Hoàng Liệt,Thành phố Hà Nội,Phường Định Công
Thành phố Hà Nội,Quận Hoàng Mai,Phường Hoàng Văn Thụ,Thành phố Hà Nội,Phường Hoàng Mai
Thành phố Hà Nội,Quận Hoàng Mai,Phường Hoàng Văn Thụ,Thành phố Hà Nội,Phường Tương Mai
Thành phố Hà Nội,Quận Hoàng Mai,Phường Lĩnh Nam,Thành phố Hà Nội,Phường Hoàng Mai
Thành phố Hà Nội,Quận Hoàng Mai,Phường Lĩnh Nam,Thành phố Hà Nội,Phường Lĩnh Nam
Thành phố Hà Nội,Quận Hoàng Mai,Phường Lĩnh Nam,Thành phố Hà Nội,Phường Vĩnh Hưng
Thành phố Hà Nội,Quận Hoàng Mai,Phường Mai Động,Thành phố Hà Nội,Phường Tương Mai
Thành phố Hà Nội,Quận Hoàng Mai,Phường Thanh Trì,Thành phố Hà Nội,Phường Lĩnh Nam
Thành phố Hà Nội,Quận Hoàng Mai,Phường Thanh Trì,Thành phố Hà Nội,Phường Vĩnh Hưng
Thành phố Hà Nội,Quận Hoàng Mai,Phường Thịnh Liệt,Thành phố Hà Nội,Phường Hoàng Mai
Thành phố Hà Nội,Quận Hoàng Mai,Phường Thịnh Liệt,Thành phố Hà Nội,Phường Yên Sở
Thành phố Hà Nội,Quận Hoàng Mai,Phường Thịnh Liệt,Thành phố Hà Nội,Phường Định Công
Thành phố Hà Nội,Quận Hoàng Mai,Phường Trần Phú,Thành phố Hà Nội,Phường Hoàng Mai
Thành phố Hà Nội,Quận Hoàng Mai,Phường Trần Phú,Thành phố Hà Nội,Phường Lĩnh Nam
Thành phố Hà Nội,Quận Hoàng Mai,Phường Trần Phú,Thành phố Hà Nội,Phường Yên Sở
Thành phố Hà Nội,Quận Hoàng Mai,Phường Tân Mai,Thành phố Hà Nội,Phường Hoàng Mai
Thành phố Hà Nội,Quận Hoàng Mai,Phường Tân Mai,Thành phố Hà Nội,Phường Tương Mai
Thành phố Hà Nội,Quận Hoàng Mai,Phường Tương Mai,Thành phố Hà Nội,Phường Hoàng Mai
Thành phố Hà Nội,Quận Hoàng Mai,Phường Tương Mai,Thành phố Hà Nội,Phường Tương Mai
Thành phố Hà Nội,Quận Hoàng Mai,Phường Vĩnh Hưng,Thành phố Hà Nội,Phường Hoàng Mai
Thành phố Hà Nội,Quận Hoàng Mai,Phường Vĩnh Hưng,Thành phố Hà Nội,Phường Tương Mai
Thành phố Hà Nội,Quận Hoàng Mai,Phường Vĩnh Hưng,Thành phố Hà Nội,Phường Vĩnh Hưng
Thành phố Hà Nội,Quận Hoàng Mai,Phường Vĩnh Hưng,Thành phố Hà Nội,Phường Vĩnh Tuy
Thành phố Hà Nội,Quận Hoàng Mai,Phường Yên Sở,Thành phố Hà Nội,Phường Hoàng Mai
Thành phố Hà Nội,Quận Hoàng Mai,Phường Yên Sở,Thành phố Hà Nội,Phường Lĩnh Nam
Thành phố Hà Nội,Quận Hoàng Mai,Phường Yên Sở,Thành phố Hà Nội,Phường Yên Sở
Thành phố Hà Nội,Quận Hoàng Mai,Phường Yên Sở,Thành phố Hà Nội,Xã Thanh Trì
Thành phố Hà Nội,Quận Hoàng Mai,Phường Đại Kim,Thành phố Hà Nội,Phường Thanh Liệt
Thành phố Hà Nội,Quận Hoàng Mai,Phường Định Công,Thành phố Hà Nội,Phường Phương Liệt
Thành phố Hà Nội,Quận Hoàng Mai,Phường Định Công,Thành phố Hà Nội,Phường Định Công
Thành phố Hà Nội,Quận Hà Đông,Phường Biên Giang,Thành phố Hà Nội,Phường Chương Mỹ
Thành phố Hà Nội,Quận Hà Đông,Phường Dương Nội,Thành phố Hà Nội,Phường Dương Nội
Thành phố Hà Nội,Quận Hà Đông,Phường Dương Nội,Thành phố Hà Nội,Phường Tây Mỗ
Thành phố Hà Nội,Quận Hà Đông,Phường Dương Nội,Thành phố Hà Nội,Phường Đại Mỗ
Thành phố Hà Nội,Quận Hà Đông,Phường Hà Cầu,Thành phố Hà Nội,Phường Hà Đông
Thành phố Hà Nội,Quận Hà Đông,Phường Hà Cầu,Thành phố Hà Nội,Phường Kiến Hưng
Thành phố Hà Nội,Quận Hà Đông,Phường Kiến Hưng,Thành phố Hà Nội,Phường Kiến Hưng
Thành phố Hà Nội,Quận Hà Đông,Phường Kiến Hưng,Thành phố Hà Nội,Xã Đại Thanh
Thành phố Hà Nội,Quận Hà Đông,Phường La Khê,Thành phố Hà Nội,Phường Dương Nội
Thành phố Hà Nội,Quận Hà Đông,Phường La Khê,Thành phố Hà Nội,Phường Hà Đông
Thành phố Hà Nội,Quận Hà Đông,Phường Mộ Lao,Thành phố Hà Nội,Phường Hà Đông
Thành phố Hà Nội,Quận Hà Đông,Phường Mộ Lao,Thành phố Hà Nội,Phường Đại Mỗ
Thành phố Hà Nội,Quận Hà Đông,Phường Phú La,Thành phố Hà Nội,Phường Dương Nội
Thành phố Hà Nội,Quận Hà Đông,Phường Phú La,Thành phố Hà Nội,Phường Kiến Hưng
Thành phố Hà Nội,Quận Hà Đông,Phường Phú Lãm,Thành phố Hà Nội,Phường Phú Lương
Thành phố Hà Nội,Quận Hà Đông,Phường Phú Lương,Thành phố Hà Nội,Phường Kiến Hưng
Thành phố Hà Nội,Quận Hà Đông,Phường Phú Lương,Thành phố Hà Nội,Phường Phú Lương
Thành phố Hà Nội,Quận Hà Đông,Phường Phú Lương,Thành phố Hà Nội,Xã Bình Minh
Thành phố Hà Nội,Quận Hà Đông,Phường Phúc La,Thành phố Hà Nội,Phường Hà Đông
Thành phố Hà Nội,Quận Hà Đông,Phường Quang Trung,Thành phố Hà Nội,Phường Hà Đông
Thành phố Hà Nội,Quận Hà Đông,Phường Văn Quán,Thành phố Hà Nội,Phường Hà Đông
Thành phố Hà Nội,Quận Hà Đông,Phường Văn Quán,Thành phố Hà Nội,Phường Thanh Liệt
Thành phố Hà Nội,Quận Hà Đông,Phường Vạn Phúc,Thành phố Hà Nội,Phường Hà Đông
Thành phố Hà Nội,Quận Hà Đông,Phường Yên Nghĩa,Thành phố Hà Nội,Phường Dương Nội
Thành phố Hà Nội,Quận Hà Đông,Phường Yên Nghĩa,Thành phố Hà Nội,Phường Yên Nghĩa
Thành phố Hà Nội,Quận Hà Đông,Phường Đồng Mai,Thành phố Hà Nội,Phường Chương Mỹ
Thành phố Hà Nội,Quận Hà Đông,Phường Đồng Mai,Thành phố Hà Nội,Phường Yên Nghĩa
Thành phố Hà Nội,Quận Long Biên,Phường Bồ Đề,Thành phố Hà Nội,Phường Bồ Đề
Thành phố Hà Nội,Quận Long Biên,Phường Bồ Đề,Thành phố Hà Nội,Phường Hồng Hà
Thành phố Hà Nội,Quận Long Biên,Phường Gia Thụy,Thành phố Hà Nội,Phường Bồ Đề
Thành phố Hà Nội,Quận Long Biên,Phường Gia Thụy,Thành phố Hà Nội,Phường Long Biên
Thành phố Hà Nội,Quận Long Biên,Phường Gia Thụy,Thành phố Hà Nội,Phường Việt Hưng
Thành phố Hà Nội,Quận Long Biên,Phường Giang Biên,Thành phố Hà Nội,Phường Phúc Lợi
Thành phố Hà Nội,Quận Long Biên,Phường Giang Biên,Thành phố Hà Nội,Phường Việt Hưng
Thành phố Hà Nội,Quận Long Biên,Phường Long Biên,Thành phố Hà Nội,Phường Bồ Đề
Thành phố Hà Nội,Quận Long Biên,Phường Ngọc Lâm,Thành phố Hà Nội,Phường Bồ Đề
Thành phố Hà Nội,Quận Long Biên,Phường Ngọc Thụy,Thành phố Hà Nội,Phường Bồ Đề
Thành phố Hà Nội,Quận Long Biên,Phường Ngọc Thụy,Thành phố Hà Nội,Phường Hồng Hà
Thành phố Hà Nội,Quận Long Biên,Phường Phúc Lợi,Thành phố Hà Nội,Phường Phúc Lợi
Thành phố Hà Nội,Quận Long Biên,Phường Phúc Lợi,Thành phố Hà Nội,Phường Việt Hưng
Thành phố Hà Nội,Quận Long Biên,Phường Phúc Đồng,Thành phố Hà Nội,Phường Long Biên
Thành phố Hà Nội,Quận Long Biên,Phường Phúc Đồng,Thành phố Hà Nội,Phường Phúc Lợi
Thành phố Hà Nội,Quận Long Biên,Phường Phúc Đồng,Thành phố Hà Nội,Phường Việt Hưng
Thành phố Hà Nội,Quận Long Biên,Phường Thượng Thanh,Thành phố Hà Nội,Phường Bồ Đề
Thành phố Hà Nội,Quận Long Biên,Phường Thượng Thanh,Thành phố Hà Nội,Phường Việt Hưng
Thành phố Hà Nội,Quận Long Biên,Phường Thạch Bàn,Thành phố Hà Nội,Phường Long Biên
Thành phố Hà Nội,Quận Long Biên,Phường Thạch Bàn,Thành phố Hà Nội,Phường Phúc Lợi
Thành phố Hà Nội,Quận Long Biên,Phường Thạch Bàn,Thành phố Hà Nội,Xã Bát Tràng
Thành phố Hà Nội,Quận Long Biên,Phường Việt Hưng,Thành phố Hà Nội,Phường Phúc Lợi
Thành phố Hà Nội,Quận Long Biên,Phường Việt Hưng,Thành phố Hà Nội,Phường Việt Hưng
Thành phố Hà Nội,Quận Long Biên,Phường Đức Giang,Thành phố Hà Nội,Phường Việt Hưng
Thành phố Hà Nội,Quận Nam Từ Liêm,Phường Mễ Trì,Thành phố Hà Nội,Phường Yên Hoà
Thành phố Hà Nội,Quận Nam Từ Liêm,Phường Mễ Trì,Thành phố Hà Nội,Phường Đại Mỗ
Thành phố Hà Nội,Quận Nam Từ Liêm,Phường Mỹ Đình 1,Thành phố Hà Nội,Phường Cầu Giấy
Thành phố Hà Nội,Quận Nam Từ Liêm,Phường Mỹ Đình 1,Thành phố Hà Nội,Phường Từ Liêm
Thành phố Hà Nội,Quận Nam Từ Liêm,Phường Mỹ Đình 2,Thành phố Hà Nội,Phường Cầu Giấy
Thành phố Hà Nội,Quận Nam Từ Liêm,Phường Mỹ Đình 2,Thành phố Hà Nội,Phường Từ Liêm
Thành phố Hà Nội,Quận Nam Từ Liêm,Phường Phú Đô,Thành phố Hà Nội,Phường Từ Liêm
Thành phố Hà Nội,Quận Nam Từ Liêm,Phường Phú Đô,Thành phố Hà Nội,Phường Đại Mỗ
Thành phố Hà Nội,Quận Nam Từ Liêm,Phường Phương Canh,Thành phố Hà Nội,Phường Xuân Phương
Thành phố Hà Nội,Quận Nam Từ Liêm,Phường Trung Văn,Thành phố Hà Nội,Phường Thanh Xuân
Thành phố Hà Nội,Quận Nam Từ Liêm,Phường Trung Văn,Thành phố Hà Nội,Phường Đại Mỗ
Thành phố Hà Nội,Quận Nam Từ Liêm,Phường Tây Mỗ,Thành phố Hà Nội,Phường Tây Mỗ
Thành phố Hà Nội,Quận Nam Từ Liêm,Phường Tây Mỗ,Thành phố Hà Nội,Phường Xuân Phương
Thành phố Hà Nội,Quận Nam Từ Liêm,Phường Đại Mỗ,Thành phố Hà Nội,Phường Dương Nội
Thành phố Hà Nội,Quận Nam Từ Liêm,Phường Đại Mỗ,Thành phố Hà Nội,Phường Hà Đông
Thành phố Hà Nội,Quận Nam Từ Liêm,Phường Đại Mỗ,Thành phố Hà Nội,Phường Tây Mỗ
Thành phố Hà Nội,Quận Nam Từ Liêm,Phường Đại Mỗ,Thành phố Hà Nội,Phường Đại Mỗ
Thành phố Hà Nội,Quận Thanh Xuân,Phường Hạ Đình,Thành phố Hà Nội,Phường Khương Đình
Thành phố Hà Nội,Quận Thanh Xuân,Phường Hạ Đình,Thành phố Hà Nội,Phường Thanh Liệt
Thành phố Hà Nội,Quận Thanh Xuân,Phường Khương Trung,Thành phố Hà Nội,Phường Khương Đình
Thành phố Hà Nội,Quận Thanh Xuân,Phường Khương Trung,Thành phố Hà Nội,Phường Phương Liệt
Thành phố Hà Nội,Quận Thanh Xuân,Phường Khương Đình,Thành phố Hà Nội,Phường Khương Đình
Thành phố Hà Nội,Quận Thanh Xuân,Phường Khương Đình,Thành phố Hà Nội,Phường Phương Liệt
Thành phố Hà Nội,Quận Thanh Xuân,Phường Nhân Chính,Thành phố Hà Nội,Phường Yên Hoà
Thành phố Hà Nội,Quận Thanh Xuân,Phường Nhân Chính,Thành phố Hà Nội,Phường Đại Mỗ
Thành phố Hà Nội,Quận Thanh Xuân,Phường Phương Liệt,Thành phố Hà Nội,Phường Phương Liệt
Thành phố Hà Nội,Quận Thanh Xuân,Phường Phương Liệt,Thành phố Hà Nội,Phường Tương Mai
Thành phố Hà Nội,Quận Thanh Xuân,Phường Thanh Xuân Bắc,Thành phố Hà Nội,Phường Thanh Liệt
Thành phố Hà Nội,Quận Thanh Xuân,Phường Thanh Xuân Bắc,Thành phố Hà Nội,Phường Thanh Xuân
Thành phố Hà Nội,Quận Thanh Xuân,Phường Thanh Xuân Trung,Thành phố Hà Nội,Phường Thanh Xuân
Thành phố Hà Nội,Quận Thanh Xuân,Phường Thượng Đình,Thành phố Hà Nội,Phường Khương Đình
Thành phố Hà Nội,Quận Thanh Xuân,Phường Thượng Đình,Thành phố Hà Nội,Phường Thanh Xuân
Thành phố Hà Nội,Quận Tây Hồ,Phường Nhật Tân,Thành phố Hà Nội,Phường Tây Hồ
Thành phố Hà Nội,Quận Tây Hồ,Phường Phú Thượng,Thành phố Hà Nội,Phường Hồng Hà
Thành phố Hà Nội,Quận Tây Hồ,Phường Phú Thượng,Thành phố Hà Nội,Phường Phú Thượng
Thành phố Hà Nội,Quận Tây Hồ,Phường Quảng An,Thành phố Hà Nội,Phường Hồng Hà
Thành phố Hà Nội,Quận Tây Hồ,Phường Quảng An,Thành phố Hà Nội,Phường Tây Hồ
Thành phố Hà Nội,Quận Tây Hồ,Phường Thụy Khuê,Thành phố Hà Nội,Phường Tây Hồ
Thành phố Hà Nội,Quận Tây Hồ,Phường Tứ Liên,Thành phố Hà Nội,Phường Hồng Hà
Thành phố Hà Nội,Quận Tây Hồ,Phường Tứ Liên,Thành phố Hà Nội,Phường Tây Hồ
Thành phố Hà Nội,Quận Tây Hồ,Phường Xuân La,Thành phố Hà Nội,Phường Nghĩa Đô
Thành phố Hà Nội,Quận Tây Hồ,Phường Xuân La,Thành phố Hà Nội,Phường Phú Thượng
Thành phố Hà Nội,Quận Tây Hồ,Phường Xuân La,Thành phố Hà Nội,Phường Tây Hồ
Thành phố Hà Nội,Quận Tây Hồ,Phường Xuân La,Thành phố Hà Nội,Phường Xuân Đỉnh
Thành phố Hà Nội,Quận Tây Hồ,Phường Yên Phụ,Thành phố Hà Nội,Phường Hồng Hà
Thành phố Hà Nội,Quận Tây Hồ,Phường Yên Phụ,Thành phố Hà Nội,Phường Tây Hồ
Thành phố Hà Nội,Quận Đống Đa,Phường Cát Linh,Thành phố Hà Nội,Phường Ô Chợ Dừa
Thành phố Hà Nội,Quận Đống Đa,Phường Hàng Bột,Thành phố Hà Nội,Phường Văn Miếu - Quốc Tử Giám
Thành phố Hà Nội,Quận Đống Đa,Phường Hàng Bột,Thành phố Hà Nội,Phường Ô Chợ Dừa
Thành phố Hà Nội,Quận Đống Đa,Phường Khâm Thiên,Thành phố Hà Nội,Phường Văn Miếu - Quốc Tử Giám
Thành phố Hà Nội,Quận Đống Đa,Phường Kim Liên,Thành phố Hà Nội,Phường Kim Liên
Thành phố Hà Nội,Quận Đống Đa,Phường Láng Hạ,Thành phố Hà Nội,Phường Giảng Võ
Thành phố Hà Nội,Quận Đống Đa,Phường Láng Hạ,Thành phố Hà Nội,Phường Đống Đa
Thành phố Hà Nội,Quận Đống Đa,Phường Nam Đồng,Thành phố Hà Nội,Phường Văn Miếu - Quốc Tử Giám
Thành phố Hà Nội,Quận Đống Đa,Phường Nam Đồng,Thành phố Hà Nội,Phường Đống Đa
Thành phố Hà Nội,Quận Đống Đa,Phường Phương Mai,Thành phố Hà Nội,Phường Bạch Mai
Thành phố Hà Nội,Quận Đống Đa,Phường Phương Mai,Thành phố Hà Nội,Phường Kim Liên
Thành phố Hà Nội,Quận Đống Đa,Phường Quang Trung,Thành phố Hà Nội,Phường Kim Liên
Thành phố Hà Nội,Quận Đống Đa,Phường Thịnh Quang,Thành phố Hà Nội,Phường Đống Đa
Thành phố Hà Nội,Quận Đống Đa,Phường Thổ Quan,Thành phố Hà Nội,Phường Văn Miếu - Quốc Tử Giám
Thành phố Hà Nội,Quận Đống Đa,Phường Trung Liệt,Thành phố Hà Nội,Phường Kim Liên
Thành phố Hà Nội,Quận Đống Đa,Phường Trung Liệt,Thành phố Hà Nội,Phường Ô Chợ Dừa
Thành phố Hà Nội,Quận Đống Đa,Phường Trung Liệt,Thành phố Hà Nội,Phường Đống Đa
Thành phố Hà Nội,Quận Đống Đa,Phường Ô Chợ Dừa,Thành phố Hà Nội,Phường Ô Chợ Dừa
Thành phố Hà Nội,Quận Đống Đa,Phường Ô Chợ Dừa,Thành phố Hà Nội,Phường Đống Đa
Thành phố Hà Nội,Thị xã Sơn Tây,Phường Ngô Quyền,Thành phố Hà Nội,Phường Sơn Tây
Thành phố Hà Nội,Thị xã Sơn Tây,Phường Phú Thịnh,Thành phố Hà Nội,Phường Sơn Tây
Thành phố Hà Nội,Thị xã Sơn Tây,Phường Sơn Lộc,Thành phố Hà Nội,Phường Sơn Tây
Thành phố Hà Nội,Thị xã Sơn Tây,Phường Sơn Lộc,Thành phố Hà Nội,Phường Tùng Thiện
Thành phố Hà Nội,Thị xã Sơn Tây,Phường Trung Sơn Trầm,Thành phố Hà Nội,Phường Tùng Thiện
Thành phố Hà Nội,Thị xã Sơn Tây,Phường Viên Sơn,Thành phố Hà Nội,Phường Sơn Tây
Thành phố Hà Nội,Thị xã Sơn Tây,Phường Xuân Khanh,Thành phố Hà Nội,Phường Tùng Thiện
Thành phố Hà Nội,Thị xã Sơn Tây,Xã Cổ Đông,Thành phố Hà Nội,Xã Hoà Lạc
Thành phố Hà Nội,Thị xã Sơn Tây,Xã Kim Sơn,Thành phố Hà Nội,Xã Đoài Phương
Thành phố Hà Nội,Thị xã Sơn Tây,Xã Sơn Đông,Thành phố Hà Nội,Xã Đoài Phương
Thành phố Hà Nội,Thị xã Sơn Tây,Xã Thanh Mỹ,Thành phố Hà Nội,Phường Sơn Tây
Thành phố Hà Nội,Thị xã Sơn Tây,Xã Thanh Mỹ,Thành phố Hà Nội,Phường Tùng Thiện
Thành phố Hà Nội,Thị xã Sơn Tây,Xã Đường Lâm,Thành phố Hà Nội,Phường Sơn Tây
Thành phố Hải Phòng,Huyện An Lão,Thị trấn An Lão,Thành phố Hải Phòng,Xã An Lão
Thành phố Hải Phòng,Huyện An Lão,Thị trấn Trường Sơn,Thành phố Hải Phòng,Phường Phù Liễn
Thành phố Hải Phòng,Huyện An Lão,Thị trấn Trường Sơn,Thành phố Hải Phòng,Xã An Lão
Thành phố Hải Phòng,Huyện An Lão,Xã An Thái,Thành phố Hải Phòng,Xã An Hưng
Thành phố Hải Phòng,Huyện An Lão,Xã An Thắng,Thành phố Hải Phòng,Xã An Lão
Thành phố Hải Phòng,Huyện An Lão,Xã An Thọ,Thành phố Hải Phòng,Xã An Hưng
Thành phố Hải Phòng,Huyện An Lão,Xã An Tiến,Thành phố Hải Phòng,Xã An Lão
Thành phố Hải Phòng,Huyện An Lão,Xã Bát Trang,Thành phố Hải Phòng,Xã An Trường
Thành phố Hải Phòng,Huyện An Lão,Xã Chiến Thắng,Thành phố Hải Phòng,Xã An Hưng
Thành phố Hải Phòng,Huyện An Lão,Xã Mỹ Đức,Thành phố Hải Phòng,Xã An Khánh
Thành phố Hải Phòng,Huyện An Lão,Xã Quang Hưng,Thành phố Hải Phòng,Xã An Quang
Thành phố Hải Phòng,Huyện An Lão,Xã Quang Trung,Thành phố Hải Phòng,Xã An Quang
Thành phố Hải Phòng,Huyện An Lão,Xã Thái Sơn,Thành phố Hải Phòng,Xã An Khánh
Thành phố Hải Phòng,Huyện An Lão,Xã Thái Sơn,Thành phố Hải Phòng,Xã An Lão
Thành phố Hải Phòng,Huyện An Lão,Xã Trường Thành,Thành phố Hải Phòng,Xã An Trường
Thành phố Hải Phòng,Huyện An Lão,Xã Trường Thọ,Thành phố Hải Phòng,Xã An Trường
Thành phố Hải Phòng,Huyện An Lão,Xã Tân Dân,Thành phố Hải Phòng,Xã An Lão
Thành phố Hải Phòng,Huyện An Lão,Xã Tân Viên,Thành phố Hải Phòng,Xã An Khánh
Thành phố Hải Phòng,Huyện Cát Hải,Thị trấn Cát Bà,Thành phố Hải Phòng,Đặc khu Cát Hải
Thành phố Hải Phòng,Huyện Cát Hải,Thị trấn Cát Hải,Thành phố Hải Phòng,Đặc khu Cát Hải
Thành phố Hải Phòng,Huyện Cát Hải,Xã Gia Luận,Thành phố Hải Phòng,Đặc khu Cát Hải
Thành phố Hải Phòng,Huyện Cát Hải,Xã Hiền Hào,Thành phố Hải Phòng,Đặc khu Cát Hải
Thành phố Hải Phòng,Huyện Cát Hải,Xã Hoàng Châu,Thành phố Hải Phòng,Đặc khu Cát Hải
Thành phố Hải Phòng,Huyện Cát Hải,Xã Nghĩa Lộ,Thành phố Hải Phòng,Đặc khu Cát Hải
Thành phố Hải Phòng,Huyện Cát Hải,Xã Phù Long,Thành phố Hải Phòng,Đặc khu Cát Hải
Thành phố Hải Phòng,Huyện Cát Hải,Xã Trân Châu,Thành phố Hải Phòng,Đặc khu Cát Hải
Thành phố Hải Phòng,Huyện Cát Hải,Xã Việt Hải,Thành phố Hải Phòng,Đặc khu Cát Hải
Thành phố Hải Phòng,Huyện Cát Hải,Xã Văn Phong,Thành phố Hải Phòng,Đặc khu Cát Hải
Thành phố Hải Phòng,Huyện Cát Hải,Xã Xuân Đám,Thành phố Hải Phòng,Đặc khu Cát Hải
Thành phố Hải Phòng,Huyện Cát Hải,Xã Đồng Bài,Thành phố Hải Phòng,Đặc khu Cát Hải
Thành phố Hải Phòng,Huyện Kiến Thuỵ,Thị trấn Núi Đối,Thành phố Hải Phòng,Xã Kiến Thuỵ
Thành phố Hải Phòng,Huyện Kiến Thuỵ,Xã Du Lễ,Thành phố Hải Phòng,Xã Nghi Dương
Thành phố Hải Phòng,Huyện Kiến Thuỵ,Xã Hữu Bằng,Thành phố Hải Phòng,Xã Kiến Thuỵ
Thành phố Hải Phòng,Huyện Kiến Thuỵ,Xã Kiến Hưng,Thành phố Hải Phòng,Xã Kiến Hưng
Thành phố Hải Phòng,Huyện Kiến Thuỵ,Xã Kiến Hưng,Thành phố Hải Phòng,Xã Kiến Thuỵ
Thành phố Hải Phòng,Huyện Kiến Thuỵ,Xã Kiến Quốc,Thành phố Hải Phòng,Xã Nghi Dương
Thành phố Hải Phòng,Huyện Kiến Thuỵ,Xã Minh Tân,Thành phố Hải Phòng,Xã Kiến Minh
Thành phố Hải Phòng,Huyện Kiến Thuỵ,Xã Ngũ Phúc,Thành phố Hải Phòng,Xã Nghi Dương
Thành phố Hải Phòng,Huyện Kiến Thuỵ,Xã Thanh Sơn,Thành phố Hải Phòng,Xã Kiến Thuỵ
Thành phố Hải Phòng,Huyện Kiến Thuỵ,Xã Thuận Thiên,Thành phố Hải Phòng,Xã Kiến Thuỵ
Thành phố Hải Phòng,Huyện Kiến Thuỵ,Xã Tân Trào,Thành phố Hải Phòng,Xã Kiến Hưng
Thành phố Hải Phòng,Huyện Kiến Thuỵ,Xã Tú Sơn,Thành phố Hải Phòng,Xã Kiến Hải
Thành phố Hải Phòng,Huyện Kiến Thuỵ,Xã Đoàn Xá,Thành phố Hải Phòng,Xã Kiến Hưng
Thành phố Hải Phòng,Huyện Kiến Thuỵ,Xã Đoàn Xá,Thành phố Hải Phòng,Xã Kiến Hải
Thành phố Hải Phòng,Huyện Kiến Thuỵ,Xã Đông Phương,Thành phố Hải Phòng,Xã Kiến Minh
Thành phố Hải Phòng,Huyện Kiến Thuỵ,Xã Đại Hợp,Thành phố Hải Phòng,Xã Kiến Hải
Thành phố Hải Phòng,Huyện Kiến Thuỵ,Xã Đại Đồng,Thành phố Hải Phòng,Xã Kiến Minh
Thành phố Hải Phòng,Huyện Tiên Lãng,Thị trấn Tiên Lãng,Thành phố Hải Phòng,Xã Tiên Lãng
Thành phố Hải Phòng,Huyện Tiên Lãng,Xã Bắc Hưng,Thành phố Hải Phòng,Xã Chấn Hưng
Thành phố Hải Phòng,Huyện Tiên Lãng,Xã Cấp Tiến,Thành phố Hải Phòng,Xã Tân Minh
Thành phố Hải Phòng,Huyện Tiên Lãng,Xã Hùng Thắng,Thành phố Hải Phòng,Xã Hùng Thắng
Thành phố Hải Phòng,Huyện Tiên Lãng,Xã Khởi Nghĩa,Thành phố Hải Phòng,Xã Tiên Lãng
Thành phố Hải Phòng,Huyện Tiên Lãng,Xã Kiến Thiết,Thành phố Hải Phòng,Xã Tân Minh
Thành phố Hải Phòng,Huyện Tiên Lãng,Xã Nam Hưng,Thành phố Hải Phòng,Xã Chấn Hưng
Thành phố Hải Phòng,Huyện Tiên Lãng,Xã Quyết Tiến,Thành phố Hải Phòng,Xã Tiên Lãng
Thành phố Hải Phòng,Huyện Tiên Lãng,Xã Tiên Cường,Thành phố Hải Phòng,Xã Quyết Thắng
Thành phố Hải Phòng,Huyện Tiên Lãng,Xã Tiên Minh,Thành phố Hải Phòng,Xã Tiên Minh
Thành phố Hải Phòng,Huyện Tiên Lãng,Xã Tiên Thanh,Thành phố Hải Phòng,Xã Tiên Lãng
Thành phố Hải Phòng,Huyện Tiên Lãng,Xã Tiên Thắng,Thành phố Hải Phòng,Xã Tiên Minh
Thành phố Hải Phòng,Huyện Tiên Lãng,Xã Tân Minh,Thành phố Hải Phòng,Xã Tiên Minh
Thành phố Hải Phòng,Huyện Tiên Lãng,Xã Tân Minh,Thành phố Hải Phòng,Xã Tân Minh
Thành phố Hải Phòng,Huyện Tiên Lãng,Xã Tây Hưng,Thành phố Hải Phòng,Xã Chấn Hưng
Thành phố Hải Phòng,Huyện Tiên Lãng,Xã Tự Cường,Thành phố Hải Phòng,Xã Quyết Thắng
Thành phố Hải Phòng,Huyện Tiên Lãng,Xã Vinh Quang,Thành phố Hải Phòng,Xã Hùng Thắng
Thành phố Hải Phòng,Huyện Tiên Lãng,Xã Đoàn Lập,Thành phố Hải Phòng,Xã Tân Minh
Thành phố Hải Phòng,Huyện Tiên Lãng,Xã Đông Hưng,Thành phố Hải Phòng,Xã Chấn Hưng
Thành phố Hải Phòng,Huyện Tiên Lãng,Xã Đại Thắng,Thành phố Hải Phòng,Xã Quyết Thắng
Thành phố Hải Phòng,Huyện Vĩnh Bảo,Thị trấn Vĩnh Bảo,Thành phố Hải Phòng,Xã Vĩnh Bảo
Thành phố Hải Phòng,Huyện Vĩnh Bảo,Xã Cao Minh,Thành phố Hải Phòng,Xã Vĩnh Am
Thành phố Hải Phòng,Huyện Vĩnh Bảo,Xã Dũng Tiến,Thành phố Hải Phòng,Xã Vĩnh Thuận
Thành phố Hải Phòng,Huyện Vĩnh Bảo,Xã Giang Biên,Thành phố Hải Phòng,Xã Vĩnh Thuận
Thành phố Hải Phòng,Huyện Vĩnh Bảo,Xã Hùng Tiến,Thành phố Hải Phòng,Xã Vĩnh Hoà
Thành phố Hải Phòng,Huyện Vĩnh Bảo,Xã Liên Am,Thành phố Hải Phòng,Xã Vĩnh Am
Thành phố Hải Phòng,Huyện Vĩnh Bảo,Xã Lý Học,Thành phố Hải Phòng,Xã Nguyễn Bỉnh Khiêm
Thành phố Hải Phòng,Huyện Vĩnh Bảo,Xã Tam Cường,Thành phố Hải Phòng,Xã Vĩnh Am
Thành phố Hải Phòng,Huyện Vĩnh Bảo,Xã Thắng Thuỷ,Thành phố Hải Phòng,Xã Vĩnh Thịnh
Thành phố Hải Phòng,Huyện Vĩnh Bảo,Xã Tiền Phong,Thành phố Hải Phòng,Xã Vĩnh Hải
Thành phố Hải Phòng,Huyện Vĩnh Bảo,Xã Trung Lập,Thành phố Hải Phòng,Xã Vĩnh Thịnh
Thành phố Hải Phòng,Huyện Vĩnh Bảo,Xã Trấn Dương,Thành phố Hải Phòng,Xã Nguyễn Bỉnh Khiêm
Thành phố Hải Phòng,Huyện Vĩnh Bảo,Xã Tân Hưng,Thành phố Hải Phòng,Xã Vĩnh Bảo
Thành phố Hải Phòng,Huyện Vĩnh Bảo,Xã Tân Liên,Thành phố Hải Phòng,Xã Vĩnh Bảo
Thành phố Hải Phòng,Huyện Vĩnh Bảo,Xã Việt Tiến,Thành phố Hải Phòng,Xã Vĩnh Thịnh
Thành phố Hải Phòng,Huyện Vĩnh Bảo,Xã Vĩnh An,Thành phố Hải Phòng,Xã Vĩnh Thuận
Thành phố Hải Phòng,Huyện Vĩnh Bảo,Xã Vĩnh Hoà,Thành phố Hải Phòng,Xã Vĩnh Hoà
Thành phố Hải Phòng,Huyện Vĩnh Bảo,Xã Vĩnh Hưng,Thành phố Hải Phòng,Xã Vĩnh Bảo
Thành phố Hải Phòng,Huyện Vĩnh Bảo,Xã Vĩnh Hải,Thành phố Hải Phòng,Xã Vĩnh Hải
Thành phố Hải Phòng,Quận An Dương,Phường An Hoà,Thành phố Hải Phòng,Phường An Phong
Thành phố Hải Phòng,Quận An Dương,Phường An Hải,Thành phố Hải Phòng,Phường An Dương
Thành phố Hải Phòng,Quận An Dương,Phường An Hải,Thành phố Hải Phòng,Phường An Hải
Thành phố Hải Phòng,Quận An Dương,Phường An Đồng,Thành phố Hải Phòng,Phường An Hải
Thành phố Hải Phòng,Quận An Dương,Phường Hồng Phong,Thành phố Hải Phòng,Phường An Phong
Thành phố Hải Phòng,Quận An Dương,Phường Hồng Thái,Thành phố Hải Phòng,Phường An Hải
Thành phố Hải Phòng,Quận An Dương,Phường Lê Lợi,Thành phố Hải Phòng,Phường An Dương
Thành phố Hải Phòng,Quận An Dương,Phường Lê Lợi,Thành phố Hải Phòng,Phường An Hải
Thành phố Hải Phòng,Quận An Dương,Phường Lê Lợi,Thành phố Hải Phòng,Phường An Phong
Thành phố Hải Phòng,Quận An Dương,Phường Lê Thiện,Thành phố Hải Phòng,Phường An Phong
Thành phố Hải Phòng,Quận An Dương,Phường Lê Thiện,Thành phố Hải Phòng,Phường Hồng An
Thành phố Hải Phòng,Quận An Dương,Phường Nam Sơn,Thành phố Hải Phòng,Phường An Dương
Thành phố Hải Phòng,Quận An Dương,Phường Tân Tiến,Thành phố Hải Phòng,Phường An Dương
Thành phố Hải Phòng,Quận An Dương,Phường Tân Tiến,Thành phố Hải Phòng,Phường An Phong
Thành phố Hải Phòng,Quận An Dương,Phường Tân Tiến,Thành phố Hải Phòng,Phường Hồng An
Thành phố Hải Phòng,Quận An Dương,Phường Đồng Thái,Thành phố Hải Phòng,Phường An Dương
Thành phố Hải Phòng,Quận An Dương,Phường Đồng Thái,Thành phố Hải Phòng,Phường An Hải
Thành phố Hải Phòng,Quận Dương Kinh,Phường Anh Dũng,Thành phố Hải Phòng,Phường Dương Kinh
Thành phố Hải Phòng,Quận Dương Kinh,Phường Anh Dũng,Thành phố Hải Phòng,Phường Hưng Đạo
Thành phố Hải Phòng,Quận Dương Kinh,Phường Hoà Nghĩa,Thành phố Hải Phòng,Phường Dương Kinh
Thành phố Hải Phòng,Quận Dương Kinh,Phường Hưng Đạo,Thành phố Hải Phòng,Phường Hưng Đạo
Thành phố Hải Phòng,Quận Dương Kinh,Phường Hải Thành,Thành phố Hải Phòng,Phường Dương Kinh
Thành phố Hải Phòng,Quận Dương Kinh,Phường Hải Thành,Thành phố Hải Phòng,Phường Hưng Đạo
Thành phố Hải Phòng,Quận Dương Kinh,Phường Tân Thành,Thành phố Hải Phòng,Phường Dương Kinh
Thành phố Hải Phòng,Quận Dương Kinh,Phường Tân Thành,Thành phố Hải Phòng,Phường Đồ Sơn
Thành phố Hải Phòng,Quận Dương Kinh,Phường Đa Phúc,Thành phố Hải Phòng,Phường Hưng Đạo
Thành phố Hải Phòng,Quận Hải An,Phường Cát Bi,Thành phố Hải Phòng,Phường Hải An
Thành phố Hải Phòng,Quận Hải An,Phường Nam Hải,Thành phố Hải Phòng,Phường Hải An
Thành phố Hải Phòng,Quận Hải An,Phường Nam Hải,Thành phố Hải Phòng,Phường Đông Hải
Thành phố Hải Phòng,Quận Hải An,Phường Thành Tô,Thành phố Hải Phòng,Phường Hải An
Thành phố Hải Phòng,Quận Hải An,Phường Tràng Cát,Thành phố Hải Phòng,Phường Hải An
Thành phố Hải Phòng,Quận Hải An,Phường Đông Hải 1,Thành phố Hải Phòng,Phường Đông Hải
Thành phố Hải Phòng,Quận Hải An,Phường Đông Hải 2,Thành phố Hải Phòng,Phường Hải An
Thành phố Hải Phòng,Quận Hải An,Phường Đông Hải 2,Thành phố Hải Phòng,Phường Đông Hải
Thành phố Hải Phòng,Quận Hải An,Phường Đằng Hải,Thành phố Hải Phòng,Phường Hải An
Thành phố Hải Phòng,Quận Hải An,Phường Đằng Lâm,Thành phố Hải Phòng,Phường Hải An
Thành phố Hải Phòng,Quận Hồng Bàng,Phường An Hưng,Thành phố Hải Phòng,Phường An Dương
Thành phố Hải Phòng,Quận Hồng Bàng,Phường An Hưng,Thành phố Hải Phòng,Phường Hồng An
Thành phố Hải Phòng,Quận Hồng Bàng,Phường An Hồng,Thành phố Hải Phòng,Phường Hồng An
Thành phố Hải Phòng,Quận Hồng Bàng,Phường Hoàng Văn Thụ,Thành phố Hải Phòng,Phường Hồng Bàng
Thành phố Hải Phòng,Quận Hồng Bàng,Phường Hùng Vương,Thành phố Hải Phòng,Phường Hồng Bàng
Thành phố Hải Phòng,Quận Hồng Bàng,Phường Minh Khai,Thành phố Hải Phòng,Phường Hồng Bàng
Thành phố Hải Phòng,Quận Hồng Bàng,Phường Phan Bội Châu,Thành phố Hải Phòng,Phường Hồng Bàng
Thành phố Hải Phòng,Quận Hồng Bàng,Phường Quán Toan,Thành phố Hải Phòng,Phường Hồng An
Thành phố Hải Phòng,Quận Hồng Bàng,Phường Sở Dầu,Thành phố Hải Phòng,Phường Hồng Bàng
Thành phố Hải Phòng,Quận Hồng Bàng,Phường Thượng Lý,Thành phố Hải Phòng,Phường Hồng Bàng
Thành phố Hải Phòng,Quận Hồng Bàng,Phường Đại Bản,Thành phố Hải Phòng,Phường An Phong
Thành phố Hải Phòng,Quận Hồng Bàng,Phường Đại Bản,Thành phố Hải Phòng,Phường Hồng An
Thành phố Hải Phòng,Quận Kiến An,Phường Bắc Hà,Thành phố Hải Phòng,Phường Phù Liễn
Thành phố Hải Phòng,Quận Kiến An,Phường Bắc Sơn,Thành phố Hải Phòng,Phường Kiến An
Thành phố Hải Phòng,Quận Kiến An,Phường Bắc Sơn,Thành phố Hải Phòng,Phường Phù Liễn
Thành phố Hải Phòng,Quận Kiến An,Phường Nam Sơn,Thành phố Hải Phòng,Phường Kiến An
Thành phố Hải Phòng,Quận Kiến An,Phường Nam Sơn,Thành phố Hải Phòng,Phường Phù Liễn
Thành phố Hải Phòng,Quận Kiến An,Phường Ngọc Sơn,Thành phố Hải Phòng,Phường Phù Liễn
Thành phố Hải Phòng,Quận Kiến An,Phường Trần Thành Ngọ,Thành phố Hải Phòng,Phường Kiến An
Thành phố Hải Phòng,Quận Kiến An,Phường Trần Thành Ngọ,Thành phố Hải Phòng,Phường Phù Liễn
Thành phố Hải Phòng,Quận Kiến An,Phường Văn Đẩu,Thành phố Hải Phòng,Phường Kiến An
Thành phố Hải Phòng,Quận Kiến An,Phường Văn Đẩu,Thành phố Hải Phòng,Phường Phù Liễn
Thành phố Hải Phòng,Quận Kiến An,Phường Đồng Hoà,Thành phố Hải Phòng,Phường Kiến An
Thành phố Hải Phòng,Quận Kiến An,Phường Đồng Hoà,Thành phố Hải Phòng,Phường Phù Liễn
Thành phố Hải Phòng,Quận Lê Chân,Phường An Biên,Thành phố Hải Phòng,Phường An Biên
Thành phố Hải Phòng,Quận Lê Chân,Phường An Biên,Thành phố Hải Phòng,Phường Lê Chân
Thành phố Hải Phòng,Quận Lê Chân,Phường An Dương,Thành phố Hải Phòng,Phường An Biên
Thành phố Hải Phòng,Quận Lê Chân,Phường Dư Hàng Kênh,Thành phố Hải Phòng,Phường Lê Chân
Thành phố Hải Phòng,Quận Lê Chân,Phường Hàng Kênh,Thành phố Hải Phòng,Phường Lê Chân
Thành phố Hải Phòng,Quận Lê Chân,Phường Kênh Dương,Thành phố Hải Phòng,Phường Lê Chân
Thành phố Hải Phòng,Quận Lê Chân,Phường Trần Nguyên Hãn,Thành phố Hải Phòng,Phường An Biên
Thành phố Hải Phòng,Quận Lê Chân,Phường Trần Nguyên Hãn,Thành phố Hải Phòng,Phường Lê Chân
Thành phố Hải Phòng,Quận Lê Chân,Phường Vĩnh Niệm,Thành phố Hải Phòng,Phường An Biên
Thành phố Hải Phòng,Quận Lê Chân,Phường Vĩnh Niệm,Thành phố Hải Phòng,Phường Lê Chân
Thành phố Hải Phòng,Quận Ngô Quyền,Phường Cầu Tre,Thành phố Hải Phòng,Phường Ngô Quyền
Thành phố Hải Phòng,Quận Ngô Quyền,Phường Cầu Đất,Thành phố Hải Phòng,Phường Gia Viên
Thành phố Hải Phòng,Quận Ngô Quyền,Phường Cầu Đất,Thành phố Hải Phòng,Phường Lê Chân
Thành phố Hải Phòng,Quận Ngô Quyền,Phường Gia Viên,Thành phố Hải Phòng,Phường Gia Viên
Thành phố Hải Phòng,Quận Ngô Quyền,Phường Gia Viên,Thành phố Hải Phòng,Phường Hồng Bàng
Thành phố Hải Phòng,Quận Ngô Quyền,Phường Gia Viên,Thành phố Hải Phòng,Phường Ngô Quyền
Thành phố Hải Phòng,Quận Ngô Quyền,Phường Lạch Tray,Thành phố Hải Phòng,Phường Gia Viên
Thành phố Hải Phòng,Quận Ngô Quyền,Phường Lạch Tray,Thành phố Hải Phòng,Phường Lê Chân
Thành phố Hải Phòng,Quận Ngô Quyền,Phường Máy Chai,Thành phố Hải Phòng,Phường Ngô Quyền
Thành phố Hải Phòng,Quận Ngô Quyền,Phường Vạn Mỹ,Thành phố Hải Phòng,Phường Ngô Quyền
Thành phố Hải Phòng,Quận Ngô Quyền,Phường Đông Khê,Thành phố Hải Phòng,Phường Gia Viên
Thành phố Hải Phòng,Quận Ngô Quyền,Phường Đông Khê,Thành phố Hải Phòng,Phường Ngô Quyền
Thành phố Hải Phòng,Quận Ngô Quyền,Phường Đằng Giang,Thành phố Hải Phòng,Phường Gia Viên
Thành phố Hải Phòng,Quận Đồ Sơn,Phường Bàng La,Thành phố Hải Phòng,Phường Nam Đồ Sơn
Thành phố Hải Phòng,Quận Đồ Sơn,Phường Hải Sơn,Thành phố Hải Phòng,Phường Đồ Sơn
Thành phố Hải Phòng,Quận Đồ Sơn,Phường Hợp Đức,Thành phố Hải Phòng,Phường Nam Đồ Sơn
Thành phố Hải Phòng,Quận Đồ Sơn,Phường Minh Đức,Thành phố Hải Phòng,Phường Nam Đồ Sơn
Thành phố Hải Phòng,Quận Đồ Sơn,Phường Ngọc Xuyên,Thành phố Hải Phòng,Phường Nam Đồ Sơn
Thành phố Hải Phòng,Quận Đồ Sơn,Phường Ngọc Xuyên,Thành phố Hải Phòng,Phường Đồ Sơn
Thành phố Hải Phòng,Quận Đồ Sơn,Phường Vạn Hương,Thành phố Hải Phòng,Phường Nam Đồ Sơn
Thành phố Hải Phòng,Quận Đồ Sơn,Phường Vạn Hương,Thành phố Hải Phòng,Phường Đồ Sơn
Thành phố Hải Phòng,Thành phố Thuỷ Nguyên,Phường An Lư,Thành phố Hải Phòng,Phường Hoà Bình
Thành phố Hải Phòng,Thành phố Thuỷ Nguyên,Phường An Lư,Thành phố Hải Phòng,Phường Thuỷ Nguyên
Thành phố Hải Phòng,Thành phố Thuỷ Nguyên,Phường Dương Quan,Thành phố Hải Phòng,Phường Thuỷ Nguyên
Thành phố Hải Phòng,Thành phố Thuỷ Nguyên,Phường Hoa Động,Thành phố Hải Phòng,Phường Thiên Hương
Thành phố Hải Phòng,Thành phố Thuỷ Nguyên,Phường Hoa Động,Thành phố Hải Phòng,Phường Thuỷ Nguyên
Thành phố Hải Phòng,Thành phố Thuỷ Nguyên,Phường Hoà Bình,Thành phố Hải Phòng,Phường Hoà Bình
Thành phố Hải Phòng,Thành phố Thuỷ Nguyên,Phường Hoàng Lâm,Thành phố Hải Phòng,Phường Thiên Hương
Thành phố Hải Phòng,Thành phố Thuỷ Nguyên,Phường Lê Hồng Phong,Thành phố Hải Phòng,Phường Lê Ích Mộc
Thành phố Hải Phòng,Thành phố Thuỷ Nguyên,Phường Lê Hồng Phong,Thành phố Hải Phòng,Phường Thiên Hương
Thành phố Hải Phòng,Thành phố Thuỷ Nguyên,Phường Lưu Kiếm,Thành phố Hải Phòng,Phường Lưu Kiếm
Thành phố Hải Phòng,Thành phố Thuỷ Nguyên,Phường Lập Lễ,Thành phố Hải Phòng,Phường Nam Triệu
Thành phố Hải Phòng,Thành phố Thuỷ Nguyên,Phường Nam Triệu Giang,Thành phố Hải Phòng,Phường Nam Triệu
Thành phố Hải Phòng,Thành phố Thuỷ Nguyên,Phường Phạm Ngũ Lão,Thành phố Hải Phòng,Phường Bạch Đằng
Thành phố Hải Phòng,Thành phố Thuỷ Nguyên,Phường Quảng Thanh,Thành phố Hải Phòng,Phường Lê Ích Mộc
Thành phố Hải Phòng,Thành phố Thuỷ Nguyên,Phường Tam Hưng,Thành phố Hải Phòng,Phường Nam Triệu
Thành phố Hải Phòng,Thành phố Thuỷ Nguyên,Phường Thiên Hương,Thành phố Hải Phòng,Phường Thiên Hương
Thành phố Hải Phòng,Thành phố Thuỷ Nguyên,Phường Thuỷ Đường,Thành phố Hải Phòng,Phường Thuỷ Nguyên
Thành phố Hải Phòng,Thành phố Thuỷ Nguyên,Phường Thủy Hà,Thành phố Hải Phòng,Phường Hoà Bình
Thành phố Hải Phòng,Thành phố Thuỷ Nguyên,Phường Thủy Hà,Thành phố Hải Phòng,Phường Thuỷ Nguyên
Thành phố Hải Phòng,Thành phố Thuỷ Nguyên,Phường Trần Hưng Đạo,Thành phố Hải Phòng,Phường Lưu Kiếm
Thành phố Hải Phòng,Thành phố Thuỷ Nguyên,Xã Bạch Đằng,Thành phố Hải Phòng,Phường Bạch Đằng
Thành phố Hải Phòng,Thành phố Thuỷ Nguyên,Xã Liên Xuân,Thành phố Hải Phòng,Phường Lưu Kiếm
Thành phố Hải Phòng,Thành phố Thuỷ Nguyên,Xã Liên Xuân,Thành phố Hải Phòng,Xã Việt Khê
Thành phố Hải Phòng,Thành phố Thuỷ Nguyên,Xã Ninh Sơn,Thành phố Hải Phòng,Xã Việt Khê
Thành phố Hải Phòng,Thành phố Thuỷ Nguyên,Xã Quang Trung,Thành phố Hải Phòng,Phường Lê Ích Mộc
Thành phố Hải Phòng,Thành phố Thuỷ Nguyên,Xã Quang Trung,Thành phố Hải Phòng,Phường Lưu Kiếm
Thành phố Hồ Chí Minh,Huyện Bình Chánh,Thị trấn Tân Túc,Thành phố Hồ Chí Minh,Xã Tân Nhựt
Thành phố Hồ Chí Minh,Huyện Bình Chánh,Xã An Phú Tây,Thành phố Hồ Chí Minh,Phường Bình Đông
Thành phố Hồ Chí Minh,Huyện Bình Chánh,Xã An Phú Tây,Thành phố Hồ Chí Minh,Xã Bình Chánh
Thành phố Hồ Chí Minh,Huyện Bình Chánh,Xã Bình Chánh,Thành phố Hồ Chí Minh,Xã Bình Chánh
Thành phố Hồ Chí Minh,Huyện Bình Chánh,Xã Bình Hưng,Thành phố Hồ Chí Minh,Xã Bình Hưng
Thành phố Hồ Chí Minh,Huyện Bình Chánh,Xã Bình Lợi,Thành phố Hồ Chí Minh,Xã Bình Lợi
Thành phố Hồ Chí Minh,Huyện Bình Chánh,Xã Hưng Long,Thành phố Hồ Chí Minh,Xã Hưng Long
Thành phố Hồ Chí Minh,Huyện Bình Chánh,Xã Lê Minh Xuân,Thành phố Hồ Chí Minh,Xã Bình Lợi
Thành phố Hồ Chí Minh,Huyện Bình Chánh,Xã Phong Phú,Thành phố Hồ Chí Minh,Xã Bình Hưng
Thành phố Hồ Chí Minh,Huyện Bình Chánh,Xã Phạm Văn Hai,Thành phố Hồ Chí Minh,Xã Tân Vĩnh Lộc
Thành phố Hồ Chí Minh,Huyện Bình Chánh,Xã Phạm Văn Hai,Thành phố Hồ Chí Minh,Xã Vĩnh Lộc
Thành phố Hồ Chí Minh,Huyện Bình Chánh,Xã Tân Kiên,Thành phố Hồ Chí Minh,Phường Tân Tạo
Thành phố Hồ Chí Minh,Huyện Bình Chánh,Xã Tân Kiên,Thành phố Hồ Chí Minh,Xã Tân Nhựt
Thành phố Hồ Chí Minh,Huyện Bình Chánh,Xã Tân Nhựt,Thành phố Hồ Chí Minh,Xã Tân Nhựt
Thành phố Hồ Chí Minh,Huyện Bình Chánh,Xã Tân Quý Tây,Thành phố Hồ Chí Minh,Xã Bình Chánh
Thành phố Hồ Chí Minh,Huyện Bình Chánh,Xã Vĩnh Lộc A,Thành phố Hồ Chí Minh,Xã Vĩnh Lộc
Thành phố Hồ Chí Minh,Huyện Bình Chánh,Xã Vĩnh Lộc B,Thành phố Hồ Chí Minh,Xã Tân Vĩnh Lộc
Thành phố Hồ Chí Minh,Huyện Bình Chánh,Xã Đa Phước,Thành phố Hồ Chí Minh,Xã Hưng Long
Thành phố Hồ Chí Minh,Huyện Cần Giờ,Thị trấn Cần Thạnh,Thành phố Hồ Chí Minh,Xã Cần Giờ
Thành phố Hồ Chí Minh,Huyện Cần Giờ,Xã An Thới Đông,Thành phố Hồ Chí Minh,Xã An Thới Đông
Thành phố Hồ Chí Minh,Huyện Cần Giờ,Xã An Thới Đông,Thành phố Hồ Chí Minh,Xã Bình Khánh
Thành phố Hồ Chí Minh,Huyện Cần Giờ,Xã Bình Khánh,Thành phố Hồ Chí Minh,Xã Bình Khánh
Thành phố Hồ Chí Minh,Huyện Cần Giờ,Xã Long Hòa,Thành phố Hồ Chí Minh,Xã Cần Giờ
Thành phố Hồ Chí Minh,Huyện Cần Giờ,Xã Lý Nhơn,Thành phố Hồ Chí Minh,Xã An Thới Đông
Thành phố Hồ Chí Minh,Huyện Cần Giờ,Xã Tam Thôn Hiệp,Thành phố Hồ Chí Minh,Xã Bình Khánh
Thành phố Hồ Chí Minh,Huyện Củ Chi,Thị trấn Củ Chi,Thành phố Hồ Chí Minh,Xã Tân An Hội
Thành phố Hồ Chí Minh,Huyện Củ Chi,Xã An Nhơn Tây,Thành phố Hồ Chí Minh,Xã An Nhơn Tây
Thành phố Hồ Chí Minh,Huyện Củ Chi,Xã An Phú,Thành phố Hồ Chí Minh,Xã An Nhơn Tây
Thành phố Hồ Chí Minh,Huyện Củ Chi,Xã Bình Mỹ,Thành phố Hồ Chí Minh,Xã Bình Mỹ
Thành phố Hồ Chí Minh,Huyện Củ Chi,Xã Hòa Phú,Thành phố Hồ Chí Minh,Xã Bình Mỹ
Thành phố Hồ Chí Minh,Huyện Củ Chi,Xã Nhuận Đức,Thành phố Hồ Chí Minh,Xã Nhuận Đức
Thành phố Hồ Chí Minh,Huyện Củ Chi,Xã Phú Hòa Đông,Thành phố Hồ Chí Minh,Xã Phú Hoà Đông
Thành phố Hồ Chí Minh,Huyện Củ Chi,Xã Phú Mỹ Hưng,Thành phố Hồ Chí Minh,Xã An Nhơn Tây
Thành phố Hồ Chí Minh,Huyện Củ Chi,Xã Phước Hiệp,Thành phố Hồ Chí Minh,Xã Tân An Hội
Thành phố Hồ Chí Minh,Huyện Củ Chi,Xã Phước Thạnh,Thành phố Hồ Chí Minh,Xã Thái Mỹ
Thành phố Hồ Chí Minh,Huyện Củ Chi,Xã Phước Vĩnh An,Thành phố Hồ Chí Minh,Xã Củ Chi
Thành phố Hồ Chí Minh,Huyện Củ Chi,Xã Phạm Văn Cội,Thành phố Hồ Chí Minh,Xã Nhuận Đức
Thành phố Hồ Chí Minh,Huyện Củ Chi,Xã Thái Mỹ,Thành phố Hồ Chí Minh,Xã Thái Mỹ
Thành phố Hồ Chí Minh,Huyện Củ Chi,Xã Trung An,Thành phố Hồ Chí Minh,Xã Bình Mỹ
Thành phố Hồ Chí Minh,Huyện Củ Chi,Xã Trung Lập Hạ,Thành phố Hồ Chí Minh,Xã Nhuận Đức
Thành phố Hồ Chí Minh,Huyện Củ Chi,Xã Trung Lập Thượng,Thành phố Hồ Chí Minh,Xã Thái Mỹ
Thành phố Hồ Chí Minh,Huyện Củ Chi,Xã Tân An Hội,Thành phố Hồ Chí Minh,Xã Tân An Hội
Thành phố Hồ Chí Minh,Huyện Củ Chi,Xã Tân Phú Trung,Thành phố Hồ Chí Minh,Xã Củ Chi
Thành phố Hồ Chí Minh,Huyện Củ Chi,Xã Tân Thông Hội,Thành phố Hồ Chí Minh,Xã Củ Chi
Thành phố Hồ Chí Minh,Huyện Củ Chi,Xã Tân Thạnh Tây,Thành phố Hồ Chí Minh,Xã Phú Hoà Đông
Thành phố Hồ Chí Minh,Huyện Củ Chi,Xã Tân Thạnh Đông,Thành phố Hồ Chí Minh,Xã Phú Hoà Đông
Thành phố Hồ Chí Minh,Huyện Hóc Môn,Thị trấn Hóc Môn,Thành phố Hồ Chí Minh,Xã Hóc Môn
Thành phố Hồ Chí Minh,Huyện Hóc Môn,Xã Bà Điểm,Thành phố Hồ Chí Minh,Xã Bà Điểm
Thành phố Hồ Chí Minh,Huyện Hóc Môn,Xã Nhị Bình,Thành phố Hồ Chí Minh,Xã Đông Thạnh
Thành phố Hồ Chí Minh,Huyện Hóc Môn,Xã Thới Tam Thôn,Thành phố Hồ Chí Minh,Xã Đông Thạnh
Thành phố Hồ Chí Minh,Huyện Hóc Môn,Xã Trung Chánh,Thành phố Hồ Chí Minh,Xã Bà Điểm
Thành phố Hồ Chí Minh,Huyện Hóc Môn,Xã Tân Hiệp,Thành phố Hồ Chí Minh,Xã Hóc Môn
Thành phố Hồ Chí Minh,Huyện Hóc Môn,Xã Tân Thới Nhì,Thành phố Hồ Chí Minh,Xã Xuân Thới Sơn
Thành phố Hồ Chí Minh,Huyện Hóc Môn,Xã Tân Xuân,Thành phố Hồ Chí Minh,Xã Hóc Môn
Thành phố Hồ Chí Minh,Huyện Hóc Môn,Xã Xuân Thới Sơn,Thành phố Hồ Chí Minh,Xã Xuân Thới Sơn
Thành phố Hồ Chí Minh,Huyện Hóc Môn,Xã Xuân Thới Thượng,Thành phố Hồ Chí Minh,Xã Bà Điểm
Thành phố Hồ Chí Minh,Huyện Hóc Môn,Xã Xuân Thới Đông,Thành phố Hồ Chí Minh,Xã Xuân Thới Sơn
Thành phố Hồ Chí Minh,Huyện Hóc Môn,Xã Đông Thạnh,Thành phố Hồ Chí Minh,Xã Đông Thạnh
Thành phố Hồ Chí Minh,Huyện Nhà Bè,Thị trấn Nhà Bè,Thành phố Hồ Chí Minh,Xã Nhà Bè
Thành phố Hồ Chí Minh,Huyện Nhà Bè,Xã Hiệp Phước,Thành phố Hồ Chí Minh,Xã Hiệp Phước
Thành phố Hồ Chí Minh,Huyện Nhà Bè,Xã Long Thới,Thành phố Hồ Chí Minh,Xã Hiệp Phước
Thành phố Hồ Chí Minh,Huyện Nhà Bè,Xã Nhơn Đức,Thành phố Hồ Chí Minh,Xã Hiệp Phước
Thành phố Hồ Chí Minh,Huyện Nhà Bè,Xã Phú Xuân,Thành phố Hồ Chí Minh,Xã Nhà Bè
Thành phố Hồ Chí Minh,Huyện Nhà Bè,Xã Phước Kiển,Thành phố Hồ Chí Minh,Xã Nhà Bè
Thành phố Hồ Chí Minh,Huyện Nhà Bè,Xã Phước Lộc,Thành phố Hồ Chí Minh,Xã Nhà Bè
Thành phố Hồ Chí Minh,Quận 1,Phường Bến Nghé,Thành phố Hồ Chí Minh,Phường Sài Gòn
Thành phố Hồ Chí Minh,Quận 1,Phường Bến Thành,Thành phố Hồ Chí Minh,Phường Bến Thành
Thành phố Hồ Chí Minh,Quận 1,Phường Cô Giang,Thành phố Hồ Chí Minh,Phường Cầu Ông Lãnh
Thành phố Hồ Chí Minh,Quận 1,Phường Cầu Kho,Thành phố Hồ Chí Minh,Phường Cầu Ông Lãnh
Thành phố Hồ Chí Minh,Quận 1,Phường Cầu Ông Lãnh,Thành phố Hồ Chí Minh,Phường Bến Thành
Thành phố Hồ Chí Minh,Quận 1,Phường Cầu Ông Lãnh,Thành phố Hồ Chí Minh,Phường Cầu Ông Lãnh
Thành phố Hồ Chí Minh,Quận 1,Phường Nguyễn Cư Trinh,Thành phố Hồ Chí Minh,Phường Cầu Ông Lãnh
Thành phố Hồ Chí Minh,Quận 1,Phường Nguyễn Thái Bình,Thành phố Hồ Chí Minh,Phường Bến Thành
Thành phố Hồ Chí Minh,Quận 1,Phường Nguyễn Thái Bình,Thành phố Hồ Chí Minh,Phường Sài Gòn
Thành phố Hồ Chí Minh,Quận 1,Phường Phạm Ngũ Lão,Thành phố Hồ Chí Minh,Phường Bến Thành
Thành phố Hồ Chí Minh,Quận 1,Phường Tân Định,Thành phố Hồ Chí Minh,Phường Tân Định
Thành phố Hồ Chí Minh,Quận 1,Phường Đa Kao,Thành phố Hồ Chí Minh,Phường Sài Gòn
Thành phố Hồ Chí Minh,Quận 1,Phường Đa Kao,Thành phố Hồ Chí Minh,Phường Tân Định
Thành phố Hồ Chí Minh,Quận 10,Phường 10,Thành phố Hồ Chí Minh,Phường Vườn Lài
Thành phố Hồ Chí Minh,Quận 10,Phường 14,Thành phố Hồ Chí Minh,Phường Diên Hồng
Thành phố Hồ Chí Minh,Quận 10,Phường 14,Thành phố Hồ Chí Minh,Phường Hoà Hưng
Thành phố Hồ Chí Minh,Quận 10,Phường 15,Thành phố Hồ Chí Minh,Phường Hoà Hưng
Thành phố Hồ Chí Minh,Quận 10,Phường 8,Thành phố Hồ Chí Minh,Phường Diên Hồng
Thành phố Hồ Chí Minh,Quận 11,Phường 10,Thành phố Hồ Chí Minh,Phường Bình Thới
Thành phố Hồ Chí Minh,Quận 11,Phường 14,Thành phố Hồ Chí Minh,Phường Hoà Bình
Thành phố Hồ Chí Minh,Quận 11,Phường 15,Thành phố Hồ Chí Minh,Phường Phú Thọ
Thành phố Hồ Chí Minh,Quận 11,Phường 16,Thành phố Hồ Chí Minh,Phường Minh Phụng
Thành phố Hồ Chí Minh,Quận 11,Phường 8,Thành phố Hồ Chí Minh,Phường Bình Thới
Thành phố Hồ Chí Minh,Quận 11,Phường 8,Thành phố Hồ Chí Minh,Phường Phú Thọ
Thành phố Hồ Chí Minh,Quận 12,Phường An Phú Đông,Thành phố Hồ Chí Minh,Phường An Phú Đông
Thành phố Hồ Chí Minh,Quận 12,Phường Hiệp Thành,Thành phố Hồ Chí Minh,Phường Tân Thới Hiệp
Thành phố Hồ Chí Minh,Quận 12,Phường Thạnh Lộc,Thành phố Hồ Chí Minh,Phường An Phú Đông
Thành phố Hồ Chí Minh,Quận 12,Phường Thạnh Xuân,Thành phố Hồ Chí Minh,Phường Thới An
Thành phố Hồ Chí Minh,Quận 12,Phường Thới An,Thành phố Hồ Chí Minh,Phường Thới An
Thành phố Hồ Chí Minh,Quận 12,Phường Trung Mỹ Tây,Thành phố Hồ Chí Minh,Phường Trung Mỹ Tây
Thành phố Hồ Chí Minh,Quận 12,Phường Tân Chánh Hiệp,Thành phố Hồ Chí Minh,Phường Trung Mỹ Tây
Thành phố Hồ Chí Minh,Quận 12,Phường Tân Hưng Thuận,Thành phố Hồ Chí Minh,Phường Đông Hưng Thuận
Thành phố Hồ Chí Minh,Quận 12,Phường Tân Thới Hiệp,Thành phố Hồ Chí Minh,Phường Tân Thới Hiệp
Thành phố Hồ Chí Minh,Quận 12,Phường Tân Thới Nhất,Thành phố Hồ Chí Minh,Phường Đông Hưng Thuận
Thành phố Hồ Chí Minh,Quận 12,Phường Đông Hưng Thuận,Thành phố Hồ Chí Minh,Phường Đông Hưng Thuận
Thành phố Hồ Chí Minh,Quận 3,Phường 14,Thành phố Hồ Chí Minh,Phường Nhiêu Lộc
Thành phố Hồ Chí Minh,Quận 3,Phường 4,Thành phố Hồ Chí Minh,Phường Bàn Cờ
Thành phố Hồ Chí Minh,Quận 3,Phường 4,Thành phố Hồ Chí Minh,Phường Xuân Hoà
Thành phố Hồ Chí Minh,Quận 3,Phường Võ Thị Sáu,Thành phố Hồ Chí Minh,Phường Xuân Hoà
Thành phố Hồ Chí Minh,Quận 4,Phường 15,Thành phố Hồ Chí Minh,Phường Khánh Hội
Thành phố Hồ Chí Minh,Quận 4,Phường 15,Thành phố Hồ Chí Minh,Phường Xóm Chiếu
Thành phố Hồ Chí Minh,Quận 4,Phường 18,Thành phố Hồ Chí Minh,Phường Xóm Chiếu
Thành phố Hồ Chí Minh,Quận 4,Phường 3,Thành phố Hồ Chí Minh,Phường Vĩnh Hội
Thành phố Hồ Chí Minh,Quận 4,Phường 4,Thành phố Hồ Chí Minh,Phường Khánh Hội
Thành phố Hồ Chí Minh,Quận 4,Phường 4,Thành phố Hồ Chí Minh,Phường Vĩnh Hội
Thành phố Hồ Chí Minh,Quận 4,Phường 9,Thành phố Hồ Chí Minh,Phường Khánh Hội
Thành phố Hồ Chí Minh,Quận 5,Phường 14,Thành phố Hồ Chí Minh,Phường Chợ Lớn
Thành phố Hồ Chí Minh,Quận 5,Phường 4,Thành phố Hồ Chí Minh,Phường Chợ Quán
Thành phố Hồ Chí Minh,Quận 5,Phường 9,Thành phố Hồ Chí Minh,Phường An Đông
Thành phố Hồ Chí Minh,Quận 6,Phường 11,Thành phố Hồ Chí Minh,Phường Bình Phú
Thành phố Hồ Chí Minh,Quận 6,Phường 14,Thành phố Hồ Chí Minh,Phường Phú Lâm
Thành phố Hồ Chí Minh,Quận 6,Phường 8,Thành phố Hồ Chí Minh,Phường Bình Tiên
Thành phố Hồ Chí Minh,Quận 6,Phường 9,Thành phố Hồ Chí Minh,Phường Bình Tây
Thành phố Hồ Chí Minh,Quận 7,Phường Bình Thuận,Thành phố Hồ Chí Minh,Phường Tân Thuận
Thành phố Hồ Chí Minh,Quận 7,Phường Phú Mỹ,Thành phố Hồ Chí Minh,Phường Phú Thuận
Thành phố Hồ Chí Minh,Quận 7,Phường Phú Mỹ,Thành phố Hồ Chí Minh,Phường Tân Mỹ
Thành phố Hồ Chí Minh,Quận 7,Phường Phú Thuận,Thành phố Hồ Chí Minh,Phường Phú Thuận
Thành phố Hồ Chí Minh,Quận 7,Phường Tân Hưng,Thành phố Hồ Chí Minh,Phường Tân Hưng
Thành phố Hồ Chí Minh,Quận 7,Phường Tân Kiểng,Thành phố Hồ Chí Minh,Phường Tân Hưng
Thành phố Hồ Chí Minh,Quận 7,Phường Tân Phong,Thành phố Hồ Chí Minh,Phường Tân Hưng
Thành phố Hồ Chí Minh,Quận 7,Phường Tân Phú,Thành phố Hồ Chí Minh,Phường Tân Mỹ
Thành phố Hồ Chí Minh,Quận 7,Phường Tân Quy,Thành phố Hồ Chí Minh,Phường Tân Hưng
Thành phố Hồ Chí Minh,Quận 7,Phường Tân Thuận Tây,Thành phố Hồ Chí Minh,Phường Tân Thuận
Thành phố Hồ Chí Minh,Quận 7,Phường Tân Thuận Đông,Thành phố Hồ Chí Minh,Phường Tân Thuận
Thành phố Hồ Chí Minh,Quận 8,Phường 15,Thành phố Hồ Chí Minh,Phường Phú Định
Thành phố Hồ Chí Minh,Quận 8,Phường 16,Thành phố Hồ Chí Minh,Phường Bình Phú
Thành phố Hồ Chí Minh,Quận 8,Phường 16,Thành phố Hồ Chí Minh,Phường Phú Định
Thành phố Hồ Chí Minh,Quận 8,Phường 16,Thành phố Hồ Chí Minh,Xã Tân Nhựt
Thành phố Hồ Chí Minh,Quận 8,Phường 4,Thành phố Hồ Chí Minh,Phường Chánh Hưng
Thành phố Hồ Chí Minh,Quận 8,Phường 5,Thành phố Hồ Chí Minh,Phường Bình Đông
Thành phố Hồ Chí Minh,Quận 8,Phường 5,Thành phố Hồ Chí Minh,Phường Chánh Hưng
Thành phố Hồ Chí Minh,Quận 8,Phường 6,Thành phố Hồ Chí Minh,Phường Bình Đông
Thành phố Hồ Chí Minh,Quận 8,Phường 7,Thành phố Hồ Chí Minh,Phường Bình Đông
Thành phố Hồ Chí Minh,Quận 8,Phường 7,Thành phố Hồ Chí Minh,Xã Bình Hưng
Thành phố Hồ Chí Minh,Quận 8,Phường Hưng Phú,Thành phố Hồ Chí Minh,Phường Chánh Hưng
Thành phố Hồ Chí Minh,Quận 8,Phường Xóm Củi,Thành phố Hồ Chí Minh,Phường Phú Định
Thành phố Hồ Chí Minh,Quận Bình Thạnh,Phường 13,Thành phố Hồ Chí Minh,Phường Bình Lợi Trung
Thành phố Hồ Chí Minh,Quận Bình Thạnh,Phường 14,Thành phố Hồ Chí Minh,Phường Bình Thạnh
Thành phố Hồ Chí Minh,Quận Bình Thạnh,Phường 17,Thành phố Hồ Chí Minh,Phường Gia Định
Thành phố Hồ Chí Minh,Quận Bình Thạnh,Phường 19,Thành phố Hồ Chí Minh,Phường Thạnh Mỹ Tây
Thành phố Hồ Chí Minh,Quận Bình Thạnh,Phường 22,Thành phố Hồ Chí Minh,Phường Thạnh Mỹ Tây
Thành phố Hồ Chí Minh,Quận Bình Thạnh,Phường 25,Thành phố Hồ Chí Minh,Phường Thạnh Mỹ Tây
Thành phố Hồ Chí Minh,Quận Bình Thạnh,Phường 26,Thành phố Hồ Chí Minh,Phường Bình Thạnh
Thành phố Hồ Chí Minh,Quận Bình Thạnh,Phường 27,Thành phố Hồ Chí Minh,Phường Bình Quới
Thành phố Hồ Chí Minh,Quận Bình Thạnh,Phường 28,Thành phố Hồ Chí Minh,Phường Bình Quới
Thành phố Hồ Chí Minh,Quận Bình Tân,Phường An Lạc,Thành phố Hồ Chí Minh,Phường An Lạc
Thành phố Hồ Chí Minh,Quận Bình Tân,Phường An Lạc A,Thành phố Hồ Chí Minh,Phường An Lạc
Thành phố Hồ Chí Minh,Quận Bình Tân,Phường Bình Hưng Hoà A,Thành phố Hồ Chí Minh,Phường Bình Hưng Hoà
Thành phố Hồ Chí Minh,Quận Bình Tân,Phường Bình Hưng Hoà A,Thành phố Hồ Chí Minh,Phường Bình Trị Đông
Thành phố Hồ Chí Minh,Quận Bình Tân,Phường Bình Hưng Hoà B,Thành phố Hồ Chí Minh,Phường Bình Tân
Thành phố Hồ Chí Minh,Quận Bình Tân,Phường Bình Hưng Hòa,Thành phố Hồ Chí Minh,Phường Bình Hưng Hoà
Thành phố Hồ Chí Minh,Quận Bình Tân,Phường Bình Trị Đông,Thành phố Hồ Chí Minh,Phường Bình Trị Đông
Thành phố Hồ Chí Minh,Quận Bình Tân,Phường Bình Trị Đông A,Thành phố Hồ Chí Minh,Phường Bình Trị Đông
Thành phố Hồ Chí Minh,Quận Bình Tân,Phường Bình Trị Đông A,Thành phố Hồ Chí Minh,Phường Bình Tân
Thành phố Hồ Chí Minh,Quận Bình Tân,Phường Bình Trị Đông B,Thành phố Hồ Chí Minh,Phường An Lạc
Thành phố Hồ Chí Minh,Quận Bình Tân,Phường Tân Tạo,Thành phố Hồ Chí Minh,Phường Bình Tân
Thành phố Hồ Chí Minh,Quận Bình Tân,Phường Tân Tạo,Thành phố Hồ Chí Minh,Phường Tân Tạo
Thành phố Hồ Chí Minh,Quận Bình Tân,Phường Tân Tạo,Thành phố Hồ Chí Minh,Xã Tân Vĩnh Lộc
Thành phố Hồ Chí Minh,Quận Bình Tân,Phường Tân Tạo A,Thành phố Hồ Chí Minh,Phường Tân Tạo
Thành phố Hồ Chí Minh,Quận Bình Tân,Phường Tân Tạo A,Thành phố Hồ Chí Minh,Xã Tân Nhựt
Thành phố Hồ Chí Minh,Quận Gò Vấp,Phường 11,Thành phố Hồ Chí Minh,Phường Thông Tây Hội
Thành phố Hồ Chí Minh,Quận Gò Vấp,Phường 14,Thành phố Hồ Chí Minh,Phường An Hội Tây
Thành phố Hồ Chí Minh,Quận Gò Vấp,Phường 16,Thành phố Hồ Chí Minh,Phường An Hội Đông
Thành phố Hồ Chí Minh,Quận Gò Vấp,Phường 17,Thành phố Hồ Chí Minh,Phường Gò Vấp
Thành phố Hồ Chí Minh,Quận Gò Vấp,Phường 3,Thành phố Hồ Chí Minh,Phường Hạnh Thông
Thành phố Hồ Chí Minh,Quận Gò Vấp,Phường 6,Thành phố Hồ Chí Minh,Phường An Nhơn
Thành phố Hồ Chí Minh,Quận Phú Nhuận,Phường 13,Thành phố Hồ Chí Minh,Phường Phú Nhuận
Thành phố Hồ Chí Minh,Quận Phú Nhuận,Phường 15,Thành phố Hồ Chí Minh,Phường Cầu Kiệu
Thành phố Hồ Chí Minh,Quận Phú Nhuận,Phường 15,Thành phố Hồ Chí Minh,Phường Phú Nhuận
Thành phố Hồ Chí Minh,Quận Phú Nhuận,Phường 7,Thành phố Hồ Chí Minh,Phường Cầu Kiệu
Thành phố Hồ Chí Minh,Quận Phú Nhuận,Phường 9,Thành phố Hồ Chí Minh,Phường Đức Nhuận
Thành phố Hồ Chí Minh,Quận Tân Bình,Phường 12,Thành phố Hồ Chí Minh,Phường Bảy Hiền
Thành phố Hồ Chí Minh,Quận Tân Bình,Phường 14,Thành phố Hồ Chí Minh,Phường Tân Bình
Thành phố Hồ Chí Minh,Quận Tân Bình,Phường 15,Thành phố Hồ Chí Minh,Phường Tân Bình
Thành phố Hồ Chí Minh,Quận Tân Bình,Phường 15,Thành phố Hồ Chí Minh,Phường Tân Sơn
Thành phố Hồ Chí Minh,Quận Tân Bình,Phường 3,Thành phố Hồ Chí Minh,Phường Tân Sơn Hoà
Thành phố Hồ Chí Minh,Quận Tân Bình,Phường 7,Thành phố Hồ Chí Minh,Phường Tân Sơn Nhất
Thành phố Hồ Chí Minh,Quận Tân Bình,Phường 9,Thành phố Hồ Chí Minh,Phường Tân Hoà
Thành phố Hồ Chí Minh,Quận Tân Phú,Phường Hiệp Tân,Thành phố Hồ Chí Minh,Phường Phú Thạnh
Thành phố Hồ Chí Minh,Quận Tân Phú,Phường Hòa Thạnh,Thành phố Hồ Chí Minh,Phường Tân Phú
Thành phố Hồ Chí Minh,Quận Tân Phú,Phường Phú Thạnh,Thành phố Hồ Chí Minh,Phường Phú Thạnh
Thành phố Hồ Chí Minh,Quận Tân Phú,Phường Phú Thọ Hòa,Thành phố Hồ Chí Minh,Phường Phú Thọ Hoà
Thành phố Hồ Chí Minh,Quận Tân Phú,Phường Phú Trung,Thành phố Hồ Chí Minh,Phường Tân Phú
Thành phố Hồ Chí Minh,Quận Tân Phú,Phường Sơn Kỳ,Thành phố Hồ Chí Minh,Phường Bình Hưng Hoà
Thành phố Hồ Chí Minh,Quận Tân Phú,Phường Sơn Kỳ,Thành phố Hồ Chí Minh,Phường Tân Sơn Nhì
Thành phố Hồ Chí Minh,Quận Tân Phú,Phường Sơn Kỳ,Thành phố Hồ Chí Minh,Phường Tây Thạnh
Thành phố Hồ Chí Minh,Quận Tân Phú,Phường Tân Quý,Thành phố Hồ Chí Minh,Phường Phú Thọ Hoà
Thành phố Hồ Chí Minh,Quận Tân Phú,Phường Tân Quý,Thành phố Hồ Chí Minh,Phường Tân Sơn Nhì
Thành phố Hồ Chí Minh,Quận Tân Phú,Phường Tân Sơn Nhì,Thành phố Hồ Chí Minh,Phường Tân Sơn Nhì
Thành phố Hồ Chí Minh,Quận Tân Phú,Phường Tân Thành,Thành phố Hồ Chí Minh,Phường Phú Thọ Hoà
Thành phố Hồ Chí Minh,Quận Tân Phú,Phường Tân Thành,Thành phố Hồ Chí Minh,Phường Tân Phú
Thành phố Hồ Chí Minh,Quận Tân Phú,Phường Tân Thành,Thành phố Hồ Chí Minh,Phường Tân Sơn Nhì
Thành phố Hồ Chí Minh,Quận Tân Phú,Phường Tân Thới Hòa,Thành phố Hồ Chí Minh,Phường Phú Thạnh
Thành phố Hồ Chí Minh,Quận Tân Phú,Phường Tân Thới Hòa,Thành phố Hồ Chí Minh,Phường Tân Phú
Thành phố Hồ Chí Minh,Quận Tân Phú,Phường Tây Thạnh,Thành phố Hồ Chí Minh,Phường Tây Thạnh
Thành phố Hồ Chí Minh,Thành phố Thủ Đức,Phường An Khánh,Thành phố Hồ Chí Minh,Phường An Khánh
Thành phố Hồ Chí Minh,Thành phố Thủ Đức,Phường An Lợi Đông,Thành phố Hồ Chí Minh,Phường An Khánh
Thành phố Hồ Chí Minh,Thành phố Thủ Đức,Phường An Phú,Thành phố Hồ Chí Minh,Phường An Khánh
Thành phố Hồ Chí Minh,Thành phố Thủ Đức,Phường An Phú,Thành phố Hồ Chí Minh,Phường Bình Trưng
Thành phố Hồ Chí Minh,Thành phố Thủ Đức,Phường Bình Chiểu,Thành phố Hồ Chí Minh,Phường Tam Bình
Thành phố Hồ Chí Minh,Thành phố Thủ Đức,Phường Bình Thọ,Thành phố Hồ Chí Minh,Phường Thủ Đức
Thành phố Hồ Chí Minh,Thành phố Thủ Đức,Phường Bình Trưng Tây,Thành phố Hồ Chí Minh,Phường Bình Trưng
Thành phố Hồ Chí Minh,Thành phố Thủ Đức,Phường Bình Trưng Đông,Thành phố Hồ Chí Minh,Phường Bình Trưng
Thành phố Hồ Chí Minh,Thành phố Thủ Đức,Phường Cát Lái,Thành phố Hồ Chí Minh,Phường Cát Lái
Thành phố Hồ Chí Minh,Thành phố Thủ Đức,Phường Hiệp Bình Chánh,Thành phố Hồ Chí Minh,Phường Hiệp Bình
Thành phố Hồ Chí Minh,Thành phố Thủ Đức,Phường Hiệp Bình Phước,Thành phố Hồ Chí Minh,Phường Hiệp Bình
Thành phố Hồ Chí Minh,Thành phố Thủ Đức,Phường Hiệp Phú,Thành phố Hồ Chí Minh,Phường Tăng Nhơn Phú
Thành phố Hồ Chí Minh,Thành phố Thủ Đức,Phường Linh Chiểu,Thành phố Hồ Chí Minh,Phường Thủ Đức
Thành phố Hồ Chí Minh,Thành phố Thủ Đức,Phường Linh Trung,Thành phố Hồ Chí Minh,Phường Linh Xuân
Thành phố Hồ Chí Minh,Thành phố Thủ Đức,Phường Linh Tây,Thành phố Hồ Chí Minh,Phường Linh Xuân
Thành phố Hồ Chí Minh,Thành phố Thủ Đức,Phường Linh Tây,Thành phố Hồ Chí Minh,Phường Thủ Đức
Thành phố Hồ Chí Minh,Thành phố Thủ Đức,Phường Linh Xuân,Thành phố Hồ Chí Minh,Phường Linh Xuân
Thành phố Hồ Chí Minh,Thành phố Thủ Đức,Phường Linh Đông,Thành phố Hồ Chí Minh,Phường Hiệp Bình
Thành phố Hồ Chí Minh,Thành phố Thủ Đức,Phường Linh Đông,Thành phố Hồ Chí Minh,Phường Thủ Đức
Thành phố Hồ Chí Minh,Thành phố Thủ Đức,Phường Long Bình,Thành phố Hồ Chí Minh,Phường Long Bình
Thành phố Hồ Chí Minh,Thành phố Thủ Đức,Phường Long Phước,Thành phố Hồ Chí Minh,Phường Long Phước
Thành phố Hồ Chí Minh,Thành phố Thủ Đức,Phường Long Thạnh Mỹ,Thành phố Hồ Chí Minh,Phường Long Bình
Thành phố Hồ Chí Minh,Thành phố Thủ Đức,Phường Long Thạnh Mỹ,Thành phố Hồ Chí Minh,Phường Tăng Nhơn Phú
Thành phố Hồ Chí Minh,Thành phố Thủ Đức,Phường Long Trường,Thành phố Hồ Chí Minh,Phường Long Trường
Thành phố Hồ Chí Minh,Thành phố Thủ Đức,Phường Phú Hữu,Thành phố Hồ Chí Minh,Phường Long Trường
Thành phố Hồ Chí Minh,Thành phố Thủ Đức,Phường Phước Bình,Thành phố Hồ Chí Minh,Phường Phước Long
Thành phố Hồ Chí Minh,Thành phố Thủ Đức,Phường Phước Long A,Thành phố Hồ Chí Minh,Phường Phước Long
Thành phố Hồ Chí Minh,Thành phố Thủ Đức,Phường Phước Long B,Thành phố Hồ Chí Minh,Phường Phước Long
Thành phố Hồ Chí Minh,Thành phố Thủ Đức,Phường Tam Bình,Thành phố Hồ Chí Minh,Phường Tam Bình
Thành phố Hồ Chí Minh,Thành phố Thủ Đức,Phường Tam Phú,Thành phố Hồ Chí Minh,Phường Tam Bình
Thành phố Hồ Chí Minh,Thành phố Thủ Đức,Phường Thạnh Mỹ Lợi,Thành phố Hồ Chí Minh,Phường Cát Lái
Thành phố Hồ Chí Minh,Thành phố Thủ Đức,Phường Thảo Điền,Thành phố Hồ Chí Minh,Phường An Khánh
Thành phố Hồ Chí Minh,Thành phố Thủ Đức,Phường Thủ Thiêm,Thành phố Hồ Chí Minh,Phường An Khánh
Thành phố Hồ Chí Minh,Thành phố Thủ Đức,Phường Trường Thạnh,Thành phố Hồ Chí Minh,Phường Long Phước
Thành phố Hồ Chí Minh,Thành phố Thủ Đức,Phường Trường Thọ,Thành phố Hồ Chí Minh,Phường Thủ Đức
Thành phố Hồ Chí Minh,Thành phố Thủ Đức,Phường Tân Phú,Thành phố Hồ Chí Minh,Phường Tăng Nhơn Phú
Thành phố Hồ Chí Minh,Thành phố Thủ Đức,Phường Tăng Nhơn Phú A,Thành phố Hồ Chí Minh,Phường Tăng Nhơn Phú
Thành phố Hồ Chí Minh,Thành phố Thủ Đức,Phường Tăng Nhơn Phú B,Thành phố Hồ Chí Minh,Phường Tăng Nhơn Phú
Thành phố Đà Nẵng,Huyện Hòa Vang,Xã Hòa Bắc,Thành phố Đà Nẵng,Phường Hải Vân
Thành phố Đà Nẵng,Huyện Hòa Vang,Xã Hòa Châu,Thành phố Đà Nẵng,Phường Hoà Xuân
Thành phố Đà Nẵng,Huyện Hòa Vang,Xã Hòa Khương,Thành phố Đà Nẵng,Xã Hoà Tiến
Thành phố Đà Nẵng,Huyện Hòa Vang,Xã Hòa Liên,Thành phố Đà Nẵng,Phường Hải Vân
Thành phố Đà Nẵng,Huyện Hòa Vang,Xã Hòa Liên,Thành phố Đà Nẵng,Phường Liên Chiểu
Thành phố Đà Nẵng,Huyện Hòa Vang,Xã Hòa Nhơn,Thành phố Đà Nẵng,Xã Bà Nà
Thành phố Đà Nẵng,Huyện Hòa Vang,Xã Hòa Ninh,Thành phố Đà Nẵng,Xã Bà Nà
Thành phố Đà Nẵng,Huyện Hòa Vang,Xã Hòa Phong,Thành phố Đà Nẵng,Xã Hoà Vang
Thành phố Đà Nẵng,Huyện Hòa Vang,Xã Hòa Phú,Thành phố Đà Nẵng,Xã Hoà Vang
Thành phố Đà Nẵng,Huyện Hòa Vang,Xã Hòa Phước,Thành phố Đà Nẵng,Phường Hoà Xuân
Thành phố Đà Nẵng,Huyện Hòa Vang,Xã Hòa Sơn,Thành phố Đà Nẵng,Phường Hoà Khánh
Thành phố Đà Nẵng,Huyện Hòa Vang,Xã Hòa Tiến,Thành phố Đà Nẵng,Xã Hoà Tiến
Thành phố Đà Nẵng,Quận Cẩm Lệ,Phường Hòa An,Thành phố Đà Nẵng,Phường An Khê
Thành phố Đà Nẵng,Quận Cẩm Lệ,Phường Hòa Phát,Thành phố Đà Nẵng,Phường An Khê
Thành phố Đà Nẵng,Quận Cẩm Lệ,Phường Hòa Thọ Tây,Thành phố Đà Nẵng,Phường Cẩm Lệ
Thành phố Đà Nẵng,Quận Cẩm Lệ,Phường Hòa Thọ Đông,Thành phố Đà Nẵng,Phường Cẩm Lệ
Thành phố Đà Nẵng,Quận Cẩm Lệ,Phường Hòa Xuân,Thành phố Đà Nẵng,Phường Hoà Xuân
Thành phố Đà Nẵng,Quận Cẩm Lệ,Phường Khuê Trung,Thành phố Đà Nẵng,Phường Cẩm Lệ
Thành phố Đà Nẵng,Quận Hải Châu,Phường Bình Thuận,Thành phố Đà Nẵng,Phường Hoà Cường
Thành phố Đà Nẵng,Quận Hải Châu,Phường Hòa Cường Bắc,Thành phố Đà Nẵng,Phường Hoà Cường
Thành phố Đà Nẵng,Quận Hải Châu,Phường Hòa Cường Nam,Thành phố Đà Nẵng,Phường Hoà Cường
Thành phố Đà Nẵng,Quận Hải Châu,Phường Hòa Thuận Tây,Thành phố Đà Nẵng,Phường Hoà Cường
Thành phố Đà Nẵng,Quận Hải Châu,Phường Hải Châu,Thành phố Đà Nẵng,Phường Hải Châu
Thành phố Đà Nẵng,Quận Hải Châu,Phường Phước Ninh,Thành phố Đà Nẵng,Phường Hải Châu
Thành phố Đà Nẵng,Quận Hải Châu,Phường Thanh Bình,Thành phố Đà Nẵng,Phường Hải Châu
Thành phố Đà Nẵng,Quận Hải Châu,Phường Thuận Phước,Thành phố Đà Nẵng,Phường Hải Châu
Thành phố Đà Nẵng,Quận Hải Châu,Phường Thạch Thang,Thành phố Đà Nẵng,Phường Hải Châu
Thành phố Đà Nẵng,Quận Liên Chiểu,Phường Hòa Hiệp Bắc,Thành phố Đà Nẵng,Phường Hải Vân
Thành phố Đà Nẵng,Quận Liên Chiểu,Phường Hòa Hiệp Nam,Thành phố Đà Nẵng,Phường Hải Vân
Thành phố Đà Nẵng,Quận Liên Chiểu,Phường Hòa Khánh Bắc,Thành phố Đà Nẵng,Phường Liên Chiểu
Thành phố Đà Nẵng,Quận Liên Chiểu,Phường Hòa Khánh Nam,Thành phố Đà Nẵng,Phường Hoà Khánh
Thành phố Đà Nẵng,Quận Liên Chiểu,Phường Hòa Minh,Thành phố Đà Nẵng,Phường Hoà Khánh
Thành phố Đà Nẵng,Quận Ngũ Hành Sơn,Phường Hoà Hải,Thành phố Đà Nẵng,Phường Ngũ Hành Sơn
Thành phố Đà Nẵng,Quận Ngũ Hành Sơn,Phường Hoà Quý,Thành phố Đà Nẵng,Phường Ngũ Hành Sơn
Thành phố Đà Nẵng,Quận Ngũ Hành Sơn,Phường Khuê Mỹ,Thành phố Đà Nẵng,Phường Ngũ Hành Sơn
Thành phố Đà Nẵng,Quận Ngũ Hành Sơn,Phường Mỹ An,Thành phố Đà Nẵng,Phường Ngũ Hành Sơn
Thành phố Đà Nẵng,Quận Sơn Trà,Phường An Hải Bắc,Thành phố Đà Nẵng,Phường An Hải
Thành phố Đà Nẵng,Quận Sơn Trà,Phường An Hải Nam,Thành phố Đà Nẵng,Phường An Hải
Thành phố Đà Nẵng,Quận Sơn Trà,Phường Mân Thái,Thành phố Đà Nẵng,Phường Sơn Trà
Thành phố Đà Nẵng,Quận Sơn Trà,Phường Nại Hiên Đông,Thành phố Đà Nẵng,Phường Sơn Trà
Thành phố Đà Nẵng,Quận Sơn Trà,Phường Phước Mỹ,Thành phố Đà Nẵng,Phường An Hải
Thành phố Đà Nẵng,Quận Sơn Trà,Phường Thọ Quang,Thành phố Đà Nẵng,Phường Sơn Trà
Thành phố Đà Nẵng,Quận Thanh Khê,Phường An Khê,Thành phố Đà Nẵng,Phường An Khê
Thành phố Đà Nẵng,Quận Thanh Khê,Phường Chính Gián,Thành phố Đà Nẵng,Phường Thanh Khê
Thành phố Đà Nẵng,Quận Thanh Khê,Phường Thanh Khê Tây,Thành phố Đà Nẵng,Phường Thanh Khê
Thành phố Đà Nẵng,Quận Thanh Khê,Phường Thanh Khê Đông,Thành phố Đà Nẵng,Phường Thanh Khê
Thành phố Đà Nẵng,Quận Thanh Khê,Phường Thạc Gián,Thành phố Đà Nẵng,Phường Thanh Khê
Thành phố Đà Nẵng,Quận Thanh Khê,Phường Xuân Hà,Thành phố Đà Nẵng,Phường Thanh Khê
Tỉnh An Giang,Huyện An Phú,Thị trấn An Phú,Tỉnh An Giang,Xã An Phú
Tỉnh An Giang,Huyện An Phú,Thị trấn Long Bình,Tỉnh An Giang,Xã Khánh Bình
Tỉnh An Giang,Huyện An Phú,Thị trấn Đa Phước,Tỉnh An Giang,Xã Vĩnh Hậu
Tỉnh An Giang,Huyện An Phú,Xã Khánh An,Tỉnh An Giang,Xã Khánh Bình
Tỉnh An Giang,Huyện An Phú,Xã Khánh Bình,Tỉnh An Giang,Xã Khánh Bình
Tỉnh An Giang,Huyện An Phú,Xã Nhơn Hội,Tỉnh An Giang,Xã Nhơn Hội
Tỉnh An Giang,Huyện An Phú,Xã Phú Hội,Tỉnh An Giang,Xã An Phú
Tỉnh An Giang,Huyện An Phú,Xã Phú Hội,Tỉnh An Giang,Xã Nhơn Hội
Tỉnh An Giang,Huyện An Phú,Xã Phú Hữu,Tỉnh An Giang,Xã Phú Hữu
Tỉnh An Giang,Huyện An Phú,Xã Phước Hưng,Tỉnh An Giang,Xã An Phú
Tỉnh An Giang,Huyện An Phú,Xã Phước Hưng,Tỉnh An Giang,Xã Nhơn Hội
Tỉnh An Giang,Huyện An Phú,Xã Phước Hưng,Tỉnh An Giang,Xã Phú Hữu
Tỉnh An Giang,Huyện An Phú,Xã Quốc Thái,Tỉnh An Giang,Xã Nhơn Hội
Tỉnh An Giang,Huyện An Phú,Xã Vĩnh Hậu,Tỉnh An Giang,Xã Vĩnh Hậu
Tỉnh An Giang,Huyện An Phú,Xã Vĩnh Hội Đông,Tỉnh An Giang,Xã An Phú
Tỉnh An Giang,Huyện An Phú,Xã Vĩnh Lộc,Tỉnh An Giang,Xã Phú Hữu
Tỉnh An Giang,Huyện An Phú,Xã Vĩnh Trường,Tỉnh An Giang,Xã Vĩnh Hậu
Tỉnh An Giang,Huyện Châu Phú,Thị trấn Cái Dầu,Tỉnh An Giang,Xã Châu Phú
Tỉnh An Giang,Huyện Châu Phú,Thị trấn Vĩnh Thạnh Trung,Tỉnh An Giang,Xã Vĩnh Thạnh Trung
Tỉnh An Giang,Huyện Châu Phú,Xã Bình Chánh,Tỉnh An Giang,Xã Bình Mỹ
Tỉnh An Giang,Huyện Châu Phú,Xã Bình Long,Tỉnh An Giang,Xã Châu Phú
Tỉnh An Giang,Huyện Châu Phú,Xã Bình Mỹ,Tỉnh An Giang,Xã Bình Mỹ
Tỉnh An Giang,Huyện Châu Phú,Xã Bình Phú,Tỉnh An Giang,Xã Châu Phú
Tỉnh An Giang,Huyện Châu Phú,Xã Bình Thủy,Tỉnh An Giang,Xã Bình Mỹ
Tỉnh An Giang,Huyện Châu Phú,Xã Khánh Hòa,Tỉnh An Giang,Xã Mỹ Đức
Tỉnh An Giang,Huyện Châu Phú,Xã Mỹ Phú,Tỉnh An Giang,Xã Vĩnh Thạnh Trung
Tỉnh An Giang,Huyện Châu Phú,Xã Mỹ Đức,Tỉnh An Giang,Xã Mỹ Đức
Tỉnh An Giang,Huyện Châu Phú,Xã Thạnh Mỹ Tây,Tỉnh An Giang,Xã Thạnh Mỹ Tây
Tỉnh An Giang,Huyện Châu Phú,Xã Đào Hữu Cảnh,Tỉnh An Giang,Xã Thạnh Mỹ Tây
Tỉnh An Giang,Huyện Châu Thành,Thị trấn An Châu,Tỉnh An Giang,Xã An Châu
Tỉnh An Giang,Huyện Châu Thành,Thị trấn Vĩnh Bình,Tỉnh An Giang,Xã Vĩnh An
Tỉnh An Giang,Huyện Châu Thành,Xã An Hòa,Tỉnh An Giang,Xã Bình Hoà
Tỉnh An Giang,Huyện Châu Thành,Xã Bình Hòa,Tỉnh An Giang,Xã Bình Hoà
Tỉnh An Giang,Huyện Châu Thành,Xã Bình Thạnh,Tỉnh An Giang,Xã Bình Hoà
Tỉnh An Giang,Huyện Châu Thành,Xã Cần Đăng,Tỉnh An Giang,Xã Cần Đăng
Tỉnh An Giang,Huyện Châu Thành,Xã Hòa Bình Thạnh,Tỉnh An Giang,Xã An Châu
Tỉnh An Giang,Huyện Châu Thành,Xã Tân Phú,Tỉnh An Giang,Xã Vĩnh An
Tỉnh An Giang,Huyện Châu Thành,Xã Vĩnh An,Tỉnh An Giang,Xã Vĩnh An
Tỉnh An Giang,Huyện Châu Thành,Xã Vĩnh Hanh,Tỉnh An Giang,Xã Vĩnh Hanh
Tỉnh An Giang,Huyện Châu Thành,Xã Vĩnh Lợi,Tỉnh An Giang,Xã Cần Đăng
Tỉnh An Giang,Huyện Châu Thành,Xã Vĩnh Nhuận,Tỉnh An Giang,Xã Vĩnh Hanh
Tỉnh An Giang,Huyện Châu Thành,Xã Vĩnh Thành,Tỉnh An Giang,Xã An Châu
Tỉnh An Giang,Huyện Chợ Mới,Thị trấn Chợ Mới,Tỉnh An Giang,Xã Chợ Mới
Tỉnh An Giang,Huyện Chợ Mới,Thị trấn Hội An,Tỉnh An Giang,Xã Hội An
Tỉnh An Giang,Huyện Chợ Mới,Thị trấn Mỹ Luông,Tỉnh An Giang,Xã Long Điền
Tỉnh An Giang,Huyện Chợ Mới,Xã An Thạnh Trung,Tỉnh An Giang,Xã Long Kiến
Tỉnh An Giang,Huyện Chợ Mới,Xã Bình Phước Xuân,Tỉnh An Giang,Xã Cù Lao Giêng
Tỉnh An Giang,Huyện Chợ Mới,Xã Hòa An,Tỉnh An Giang,Xã Hội An
Tỉnh An Giang,Huyện Chợ Mới,Xã Hòa Bình,Tỉnh An Giang,Xã Hội An
Tỉnh An Giang,Huyện Chợ Mới,Xã Kiến An,Tỉnh An Giang,Xã Chợ Mới
Tỉnh An Giang,Huyện Chợ Mới,Xã Kiến Thành,Tỉnh An Giang,Xã Chợ Mới
Tỉnh An Giang,Huyện Chợ Mới,Xã Long Giang,Tỉnh An Giang,Xã Nhơn Mỹ
Tỉnh An Giang,Huyện Chợ Mới,Xã Long Kiến,Tỉnh An Giang,Xã Long Kiến
Tỉnh An Giang,Huyện Chợ Mới,Xã Long Điền A,Tỉnh An Giang,Xã Long Điền
Tỉnh An Giang,Huyện Chợ Mới,Xã Long Điền B,Tỉnh An Giang,Xã Long Điền
Tỉnh An Giang,Huyện Chợ Mới,Xã Mỹ An,Tỉnh An Giang,Xã Long Kiến
Tỉnh An Giang,Huyện Chợ Mới,Xã Mỹ Hiệp,Tỉnh An Giang,Xã Cù Lao Giêng
Tỉnh An Giang,Huyện Chợ Mới,Xã Mỹ Hội Đông,Tỉnh An Giang,Xã Nhơn Mỹ
Tỉnh An Giang,Huyện Chợ Mới,Xã Nhơn Mỹ,Tỉnh An Giang,Xã Nhơn Mỹ
Tỉnh An Giang,Huyện Chợ Mới,Xã Tấn Mỹ,Tỉnh An Giang,Xã Cù Lao Giêng
Tỉnh An Giang,Huyện Phú Tân,Thị trấn Chợ Vàm,Tỉnh An Giang,Xã Chợ Vàm
Tỉnh An Giang,Huyện Phú Tân,Thị trấn Phú Mỹ,Tỉnh An Giang,Xã Phú Tân
Tỉnh An Giang,Huyện Phú Tân,Xã Bình Thạnh Đông,Tỉnh An Giang,Xã Bình Thạnh Đông
Tỉnh An Giang,Huyện Phú Tân,Xã Hiệp Xương,Tỉnh An Giang,Xã Bình Thạnh Đông
Tỉnh An Giang,Huyện Phú Tân,Xã Hoà Lạc,Tỉnh An Giang,Xã Hoà Lạc
Tỉnh An Giang,Huyện Phú Tân,Xã Long Hoà,Tỉnh An Giang,Xã Phú Lâm
Tỉnh An Giang,Huyện Phú Tân,Xã Phú An,Tỉnh An Giang,Xã Phú An
Tỉnh An Giang,Huyện Phú Tân,Xã Phú Bình,Tỉnh An Giang,Xã Bình Thạnh Đông
Tỉnh An Giang,Huyện Phú Tân,Xã Phú Hiệp,Tỉnh An Giang,Xã Hoà Lạc
Tỉnh An Giang,Huyện Phú Tân,Xã Phú Hưng,Tỉnh An Giang,Xã Phú Tân
Tỉnh An Giang,Huyện Phú Tân,Xã Phú Long,Tỉnh An Giang,Xã Phú Lâm
Tỉnh An Giang,Huyện Phú Tân,Xã Phú Lâm,Tỉnh An Giang,Xã Phú Lâm
Tỉnh An Giang,Huyện Phú Tân,Xã Phú Thành,Tỉnh An Giang,Xã Chợ Vàm
Tỉnh An Giang,Huyện Phú Tân,Xã Phú Thạnh,Tỉnh An Giang,Xã Chợ Vàm
Tỉnh An Giang,Huyện Phú Tân,Xã Phú Thọ,Tỉnh An Giang,Xã Phú An
Tỉnh An Giang,Huyện Phú Tân,Xã Phú Xuân,Tỉnh An Giang,Xã Phú An
Tỉnh An Giang,Huyện Phú Tân,Xã Tân Hòa,Tỉnh An Giang,Xã Phú Tân
Tỉnh An Giang,Huyện Phú Tân,Xã Tân Trung,Tỉnh An Giang,Xã Phú Tân
Tỉnh An Giang,Huyện Thoại Sơn,Thị trấn Núi Sập,Tỉnh An Giang,Xã Thoại Sơn
Tỉnh An Giang,Huyện Thoại Sơn,Thị trấn Phú Hoà,Tỉnh An Giang,Xã Phú Hoà
Tỉnh An Giang,Huyện Thoại Sơn,Thị trấn Óc Eo,Tỉnh An Giang,Xã Óc Eo
Tỉnh An Giang,Huyện Thoại Sơn,Xã An Bình,Tỉnh An Giang,Xã Tây Phú
Tỉnh An Giang,Huyện Thoại Sơn,Xã Bình Thành,Tỉnh An Giang,Xã Thoại Sơn
Tỉnh An Giang,Huyện Thoại Sơn,Xã Mỹ Phú Đông,Tỉnh An Giang,Xã Tây Phú
Tỉnh An Giang,Huyện Thoại Sơn,Xã Phú Thuận,Tỉnh An Giang,Xã Phú Hoà
Tỉnh An Giang,Huyện Thoại Sơn,Xã Thoại Giang,Tỉnh An Giang,Xã Thoại Sơn
Tỉnh An Giang,Huyện Thoại Sơn,Xã Tây Phú,Tỉnh An Giang,Xã Tây Phú
Tỉnh An Giang,Huyện Thoại Sơn,Xã Vĩnh Chánh,Tỉnh An Giang,Xã Phú Hoà
Tỉnh An Giang,Huyện Thoại Sơn,Xã Vĩnh Khánh,Tỉnh An Giang,Xã Vĩnh Trạch
Tỉnh An Giang,Huyện Thoại Sơn,Xã Vĩnh Phú,Tỉnh An Giang,Xã Định Mỹ
Tỉnh An Giang,Huyện Thoại Sơn,Xã Vĩnh Trạch,Tỉnh An Giang,Xã Vĩnh Trạch
Tỉnh An Giang,Huyện Thoại Sơn,Xã Vọng Thê,Tỉnh An Giang,Xã Óc Eo
Tỉnh An Giang,Huyện Thoại Sơn,Xã Vọng Đông,Tỉnh An Giang,Xã Óc Eo
Tỉnh An Giang,Huyện Thoại Sơn,Xã Định Mỹ,Tỉnh An Giang,Xã Định Mỹ
Tỉnh An Giang,Huyện Thoại Sơn,Xã Định Thành,Tỉnh An Giang,Xã Định Mỹ
Tỉnh An Giang,Huyện Tri Tôn,Thị trấn Ba Chúc,Tỉnh An Giang,Xã Ba Chúc
Tỉnh An Giang,Huyện Tri Tôn,Thị trấn Cô Tô,Tỉnh An Giang,Xã Cô Tô
Tỉnh An Giang,Huyện Tri Tôn,Thị trấn Tri Tôn,Tỉnh An Giang,Xã Tri Tôn
Tỉnh An Giang,Huyện Tri Tôn,Xã An Tức,Tỉnh An Giang,Xã Ô Lâm
Tỉnh An Giang,Huyện Tri Tôn,Xã Châu Lăng,Tỉnh An Giang,Xã Tri Tôn
Tỉnh An Giang,Huyện Tri Tôn,Xã Lê Trì,Tỉnh An Giang,Xã Ba Chúc
Tỉnh An Giang,Huyện Tri Tôn,Xã Lương An Trà,Tỉnh An Giang,Xã Vĩnh Gia
Tỉnh An Giang,Huyện Tri Tôn,Xã Lương Phi,Tỉnh An Giang,Xã Ô Lâm
Tỉnh An Giang,Huyện Tri Tôn,Xã Lạc Quới,Tỉnh An Giang,Xã Ba Chúc
Tỉnh An Giang,Huyện Tri Tôn,Xã Núi Tô,Tỉnh An Giang,Xã Tri Tôn
Tỉnh An Giang,Huyện Tri Tôn,Xã Tà Đảnh,Tỉnh An Giang,Xã Cô Tô
Tỉnh An Giang,Huyện Tri Tôn,Xã Tân Tuyến,Tỉnh An Giang,Xã Cô Tô
Tỉnh An Giang,Huyện Tri Tôn,Xã Vĩnh Gia,Tỉnh An Giang,Xã Vĩnh Gia
Tỉnh An Giang,Huyện Tri Tôn,Xã Vĩnh Phước,Tỉnh An Giang,Xã Vĩnh Gia
Tỉnh An Giang,Huyện Tri Tôn,Xã Ô Lâm,Tỉnh An Giang,Xã Ô Lâm
Tỉnh An Giang,Thành phố Châu Đốc,Phường Châu Phú A,Tỉnh An Giang,Phường Châu Đốc
Tỉnh An Giang,Thành phố Châu Đốc,Phường Châu Phú B,Tỉnh An Giang,Phường Châu Đốc
Tỉnh An Giang,Thành phố Châu Đốc,Phường Núi Sam,Tỉnh An Giang,Phường Vĩnh Tế
Tỉnh An Giang,Thành phố Châu Đốc,Phường Vĩnh Mỹ,Tỉnh An Giang,Phường Châu Đốc
Tỉnh An Giang,Thành phố Châu Đốc,Xã Vĩnh Châu,Tỉnh An Giang,Phường Châu Đốc
Tỉnh An Giang,Thành phố Châu Đốc,Xã Vĩnh Châu,Tỉnh An Giang,Phường Vĩnh Tế
Tỉnh An Giang,Thành phố Châu Đốc,Xã Vĩnh Tế,Tỉnh An Giang,Phường Vĩnh Tế
Tỉnh An Giang,Thành phố Long Xuyên,Phường Bình Khánh,Tỉnh An Giang,Phường Bình Đức
Tỉnh An Giang,Thành phố Long Xuyên,Phường Bình Đức,Tỉnh An Giang,Phường Bình Đức
Tỉnh An Giang,Thành phố Long Xuyên,Phường Mỹ Bình,Tỉnh An Giang,Phường Long Xuyên
Tỉnh An Giang,Thành phố Long Xuyên,Phường Mỹ Hòa,Tỉnh An Giang,Phường Long Xuyên
Tỉnh An Giang,Thành phố Long Xuyên,Phường Mỹ Long,Tỉnh An Giang,Phường Long Xuyên
Tỉnh An Giang,Thành phố Long Xuyên,Phường Mỹ Phước,Tỉnh An Giang,Phường Long Xuyên
Tỉnh An Giang,Thành phố Long Xuyên,Phường Mỹ Quý,Tỉnh An Giang,Phường Long Xuyên
Tỉnh An Giang,Thành phố Long Xuyên,Phường Mỹ Thạnh,Tỉnh An Giang,Phường Mỹ Thới
Tỉnh An Giang,Thành phố Long Xuyên,Phường Mỹ Thới,Tỉnh An Giang,Phường Mỹ Thới
Tỉnh An Giang,Thành phố Long Xuyên,Phường Mỹ Xuyên,Tỉnh An Giang,Phường Long Xuyên
Tỉnh An Giang,Thành phố Long Xuyên,Xã Mỹ Khánh,Tỉnh An Giang,Phường Bình Đức
Tỉnh An Giang,Thị xã Tân Châu,Phường Long Châu,Tỉnh An Giang,Phường Long Phú
Tỉnh An Giang,Thị xã Tân Châu,Phường Long Hưng,Tỉnh An Giang,Phường Long Phú
Tỉnh An Giang,Thị xã Tân Châu,Phường Long Phú,Tỉnh An Giang,Phường Long Phú
Tỉnh An Giang,Thị xã Tân Châu,Phường Long Sơn,Tỉnh An Giang,Phường Tân Châu
Tỉnh An Giang,Thị xã Tân Châu,Phường Long Thạnh,Tỉnh An Giang,Phường Tân Châu
Tỉnh An Giang,Thị xã Tân Châu,Xã Châu Phong,Tỉnh An Giang,Xã Châu Phong
Tỉnh An Giang,Thị xã Tân Châu,Xã Long An,Tỉnh An Giang,Xã Tân An
Tỉnh An Giang,Thị xã Tân Châu,Xã Lê Chánh,Tỉnh An Giang,Xã Châu Phong
Tỉnh An Giang,Thị xã Tân Châu,Xã Phú Lộc,Tỉnh An Giang,Xã Vĩnh Xương
Tỉnh An Giang,Thị xã Tân Châu,Xã Phú Vĩnh,Tỉnh An Giang,Xã Châu Phong
Tỉnh An Giang,Thị xã Tân Châu,Xã Tân Thạnh,Tỉnh An Giang,Xã Tân An
Tỉnh An Giang,Thị xã Tân Châu,Xã Vĩnh Hòa,Tỉnh An Giang,Xã Vĩnh Xương
Tỉnh An Giang,Thị xã Tân Châu,Xã Vĩnh Xương,Tỉnh An Giang,Xã Vĩnh Xương
Tỉnh An Giang,Thị xã Tịnh Biên,Phường An Phú,Tỉnh An Giang,Phường Tịnh Biên
Tỉnh An Giang,Thị xã Tịnh Biên,Phường Chi Lăng,Tỉnh An Giang,Phường Chi Lăng
Tỉnh An Giang,Thị xã Tịnh Biên,Phường Nhà Bàng,Tỉnh An Giang,Phường Thới Sơn
Tỉnh An Giang,Thị xã Tịnh Biên,Phường Nhơn Hưng,Tỉnh An Giang,Phường Thới Sơn
Tỉnh An Giang,Thị xã Tịnh Biên,Phường Núi Voi,Tỉnh An Giang,Phường Chi Lăng
Tỉnh An Giang,Thị xã Tịnh Biên,Phường Thới Sơn,Tỉnh An Giang,Phường Thới Sơn
Tỉnh An Giang,Thị xã Tịnh Biên,Phường Tịnh Biên,Tỉnh An Giang,Phường Tịnh Biên
Tỉnh An Giang,Thị xã Tịnh Biên,Xã An Cư,Tỉnh An Giang,Xã An Cư
Tỉnh An Giang,Thị xã Tịnh Biên,Xã An Hảo,Tỉnh An Giang,Xã Núi Cấm
Tỉnh An Giang,Thị xã Tịnh Biên,Xã An Nông,Tỉnh An Giang,Phường Tịnh Biên
Tỉnh An Giang,Thị xã Tịnh Biên,Xã Tân Lập,Tỉnh An Giang,Xã Núi Cấm
Tỉnh An Giang,Thị xã Tịnh Biên,Xã Tân Lợi,Tỉnh An Giang,Phường Chi Lăng
Tỉnh An Giang,Thị xã Tịnh Biên,Xã Văn Giáo,Tỉnh An Giang,Xã An Cư
Tỉnh An Giang,Thị xã Tịnh Biên,Xã Vĩnh Trung,Tỉnh An Giang,Xã An Cư
Tỉnh Bà Rịa - Vũng Tàu,Huyện Châu Đức,Thị trấn Kim Long,Thành phố Hồ Chí Minh,Xã Kim Long
Tỉnh Bà Rịa - Vũng Tàu,Huyện Châu Đức,Thị trấn Ngãi Giao,Thành phố Hồ Chí Minh,Xã Ngãi Giao
Tỉnh Bà Rịa - Vũng Tàu,Huyện Châu Đức,Xã Bàu Chinh,Thành phố Hồ Chí Minh,Xã Kim Long
Tỉnh Bà Rịa - Vũng Tàu,Huyện Châu Đức,Xã Bình Ba,Thành phố Hồ Chí Minh,Xã Ngãi Giao
Tỉnh Bà Rịa - Vũng Tàu,Huyện Châu Đức,Xã Bình Giã,Thành phố Hồ Chí Minh,Xã Bình Giã
Tỉnh Bà Rịa - Vũng Tàu,Huyện Châu Đức,Xã Bình Trung,Thành phố Hồ Chí Minh,Xã Bình Giã
Tỉnh Bà Rịa - Vũng Tàu,Huyện Châu Đức,Xã Cù Bị,Thành phố Hồ Chí Minh,Xã Châu Đức
Tỉnh Bà Rịa - Vũng Tàu,Huyện Châu Đức,Xã Láng Lớn,Thành phố Hồ Chí Minh,Xã Kim Long
Tỉnh Bà Rịa - Vũng Tàu,Huyện Châu Đức,Xã Nghĩa Thành,Thành phố Hồ Chí Minh,Xã Nghĩa Thành
Tỉnh Bà Rịa - Vũng Tàu,Huyện Châu Đức,Xã Quảng Thành,Thành phố Hồ Chí Minh,Xã Bình Giã
Tỉnh Bà Rịa - Vũng Tàu,Huyện Châu Đức,Xã Suối Nghệ,Thành phố Hồ Chí Minh,Xã Ngãi Giao
Tỉnh Bà Rịa - Vũng Tàu,Huyện Châu Đức,Xã Suối Rao,Thành phố Hồ Chí Minh,Xã Xuân Sơn
Tỉnh Bà Rịa - Vũng Tàu,Huyện Châu Đức,Xã Sơn Bình,Thành phố Hồ Chí Minh,Xã Xuân Sơn
Tỉnh Bà Rịa - Vũng Tàu,Huyện Châu Đức,Xã Xuân Sơn,Thành phố Hồ Chí Minh,Xã Xuân Sơn
Tỉnh Bà Rịa - Vũng Tàu,Huyện Châu Đức,Xã Xà Bang,Thành phố Hồ Chí Minh,Xã Châu Đức
Tỉnh Bà Rịa - Vũng Tàu,Huyện Châu Đức,Xã Đá Bạc,Thành phố Hồ Chí Minh,Xã Nghĩa Thành
Tỉnh Bà Rịa - Vũng Tàu,Huyện Long Đất,Thị trấn Long Hải,Thành phố Hồ Chí Minh,Xã Long Hải
Tỉnh Bà Rịa - Vũng Tàu,Huyện Long Đất,Thị trấn Long Điền,Thành phố Hồ Chí Minh,Xã Long Điền
Tỉnh Bà Rịa - Vũng Tàu,Huyện Long Đất,Thị trấn Phước Hải,Thành phố Hồ Chí Minh,Xã Phước Hải
Tỉnh Bà Rịa - Vũng Tàu,Huyện Long Đất,Thị trấn Đất Đỏ,Thành phố Hồ Chí Minh,Xã Đất Đỏ
Tỉnh Bà Rịa - Vũng Tàu,Huyện Long Đất,Xã Long Tân,Thành phố Hồ Chí Minh,Xã Đất Đỏ
Tỉnh Bà Rịa - Vũng Tàu,Huyện Long Đất,Xã Láng Dài,Thành phố Hồ Chí Minh,Xã Đất Đỏ
Tỉnh Bà Rịa - Vũng Tàu,Huyện Long Đất,Xã Phước Hưng,Thành phố Hồ Chí Minh,Xã Long Hải
Tỉnh Bà Rịa - Vũng Tàu,Huyện Long Đất,Xã Phước Hội,Thành phố Hồ Chí Minh,Xã Phước Hải
Tỉnh Bà Rịa - Vũng Tàu,Huyện Long Đất,Xã Phước Long Thọ,Thành phố Hồ Chí Minh,Xã Đất Đỏ
Tỉnh Bà Rịa - Vũng Tàu,Huyện Long Đất,Xã Phước Tỉnh,Thành phố Hồ Chí Minh,Xã Long Hải
Tỉnh Bà Rịa - Vũng Tàu,Huyện Long Đất,Xã Tam An,Thành phố Hồ Chí Minh,Xã Long Điền
Tỉnh Bà Rịa - Vũng Tàu,Huyện Xuyên Mộc,Thị trấn Phước Bửu,Thành phố Hồ Chí Minh,Xã Hồ Tràm
Tỉnh Bà Rịa - Vũng Tàu,Huyện Xuyên Mộc,Xã Bàu Lâm,Thành phố Hồ Chí Minh,Xã Bàu Lâm
Tỉnh Bà Rịa - Vũng Tàu,Huyện Xuyên Mộc,Xã Bông Trang,Thành phố Hồ Chí Minh,Xã Xuyên Mộc
Tỉnh Bà Rịa - Vũng Tàu,Huyện Xuyên Mộc,Xã Bưng Riềng,Thành phố Hồ Chí Minh,Xã Xuyên Mộc
Tỉnh Bà Rịa - Vũng Tàu,Huyện Xuyên Mộc,Xã Hòa Bình,Thành phố Hồ Chí Minh,Xã Hoà Hội
Tỉnh Bà Rịa - Vũng Tàu,Huyện Xuyên Mộc,Xã Hòa Hưng,Thành phố Hồ Chí Minh,Xã Hoà Hội
Tỉnh Bà Rịa - Vũng Tàu,Huyện Xuyên Mộc,Xã Hòa Hội,Thành phố Hồ Chí Minh,Xã Hoà Hội
Tỉnh Bà Rịa - Vũng Tàu,Huyện Xuyên Mộc,Xã Phước Thuận,Thành phố Hồ Chí Minh,Xã Hồ Tràm
Tỉnh Bà Rịa - Vũng Tàu,Huyện Xuyên Mộc,Xã Phước Tân,Thành phố Hồ Chí Minh,Xã Hồ Tràm
Tỉnh Bà Rịa - Vũng Tàu,Huyện Xuyên Mộc,Xã Tân Lâm,Thành phố Hồ Chí Minh,Xã Bàu Lâm
Tỉnh Bà Rịa - Vũng Tàu,Huyện Xuyên Mộc,Xã Xuyên Mộc,Thành phố Hồ Chí Minh,Xã Xuyên Mộc
Tỉnh Bà Rịa - Vũng Tàu,Thành phố Bà Rịa,Phường Kim Dinh,Thành phố Hồ Chí Minh,Phường Long Hương
Tỉnh Bà Rịa - Vũng Tàu,Thành phố Bà Rịa,Phường Long Hương,Thành phố Hồ Chí Minh,Phường Long Hương
Tỉnh Bà Rịa - Vũng Tàu,Thành phố Bà Rịa,Phường Long Toàn,Thành phố Hồ Chí Minh,Phường Bà Rịa
Tỉnh Bà Rịa - Vũng Tàu,Thành phố Bà Rịa,Phường Long Tâm,Thành phố Hồ Chí Minh,Phường Tam Long
Tỉnh Bà Rịa - Vũng Tàu,Thành phố Bà Rịa,Phường Phước Hưng,Thành phố Hồ Chí Minh,Phường Bà Rịa
Tỉnh Bà Rịa - Vũng Tàu,Thành phố Bà Rịa,Phường Phước Nguyên,Thành phố Hồ Chí Minh,Phường Bà Rịa
Tỉnh Bà Rịa - Vũng Tàu,Thành phố Bà Rịa,Phường Phước Trung,Thành phố Hồ Chí Minh,Phường Bà Rịa
Tỉnh Bà Rịa - Vũng Tàu,Thành phố Bà Rịa,Xã Hoà Long,Thành phố Hồ Chí Minh,Phường Tam Long
Tỉnh Bà Rịa - Vũng Tàu,Thành phố Bà Rịa,Xã Long Phước,Thành phố Hồ Chí Minh,Phường Tam Long
Tỉnh Bà Rịa - Vũng Tàu,Thành phố Bà Rịa,Xã Tân Hưng,Thành phố Hồ Chí Minh,Phường Long Hương
Tỉnh Bà Rịa - Vũng Tàu,Thành phố Phú Mỹ,Phường Hắc Dịch,Thành phố Hồ Chí Minh,Phường Tân Thành
Tỉnh Bà Rịa - Vũng Tàu,Thành phố Phú Mỹ,Phường Mỹ Xuân,Thành phố Hồ Chí Minh,Phường Phú Mỹ
Tỉnh Bà Rịa - Vũng Tàu,Thành phố Phú Mỹ,Phường Phú Mỹ,Thành phố Hồ Chí Minh,Phường Phú Mỹ
Tỉnh Bà Rịa - Vũng Tàu,Thành phố Phú Mỹ,Phường Phước Hoà,Thành phố Hồ Chí Minh,Phường Tân Phước
Tỉnh Bà Rịa - Vũng Tàu,Thành phố Phú Mỹ,Phường Tân Hoà,Thành phố Hồ Chí Minh,Phường Tân Hải
Tỉnh Bà Rịa - Vũng Tàu,Thành phố Phú Mỹ,Phường Tân Hải,Thành phố Hồ Chí Minh,Phường Tân Hải
Tỉnh Bà Rịa - Vũng Tàu,Thành phố Phú Mỹ,Phường Tân Phước,Thành phố Hồ Chí Minh,Phường Tân Phước
Tỉnh Bà Rịa - Vũng Tàu,Thành phố Phú Mỹ,Xã Châu Pha,Thành phố Hồ Chí Minh,Xã Châu Pha
Tỉnh Bà Rịa - Vũng Tàu,Thành phố Phú Mỹ,Xã Sông Xoài,Thành phố Hồ Chí Minh,Phường Tân Thành
Tỉnh Bà Rịa - Vũng Tàu,Thành phố Phú Mỹ,Xã Tóc Tiên,Thành phố Hồ Chí Minh,Xã Châu Pha
Tỉnh Bà Rịa - Vũng Tàu,Thành phố Vũng Tàu,Phường 10,Thành phố Hồ Chí Minh,Phường Rạch Dừa
Tỉnh Bà Rịa - Vũng Tàu,Thành phố Vũng Tàu,Phường 12,Thành phố Hồ Chí Minh,Phường Phước Thắng
Tỉnh Bà Rịa - Vũng Tàu,Thành phố Vũng Tàu,Phường 5,Thành phố Hồ Chí Minh,Phường Vũng Tàu
Tỉnh Bà Rịa - Vũng Tàu,Thành phố Vũng Tàu,Phường 9,Thành phố Hồ Chí Minh,Phường Tam Thắng
Tỉnh Bà Rịa - Vũng Tàu,Thành phố Vũng Tàu,Phường Nguyễn An Ninh,Thành phố Hồ Chí Minh,Phường Tam Thắng
Tỉnh Bà Rịa - Vũng Tàu,Thành phố Vũng Tàu,Phường Rạch Dừa,Thành phố Hồ Chí Minh,Phường Rạch Dừa
Tỉnh Bà Rịa - Vũng Tàu,Thành phố Vũng Tàu,Phường Thắng Nhì,Thành phố Hồ Chí Minh,Phường Vũng Tàu
Tỉnh Bà Rịa - Vũng Tàu,Thành phố Vũng Tàu,Phường Thắng Nhất,Thành phố Hồ Chí Minh,Phường Rạch Dừa
Tỉnh Bà Rịa - Vũng Tàu,Thành phố Vũng Tàu,Phường Thắng Tam,Thành phố Hồ Chí Minh,Phường Vũng Tàu
Tỉnh Bình Dương,Huyện Bàu Bàng,Thị trấn Lai Uyên,Thành phố Hồ Chí Minh,Xã Bàu Bàng
Tỉnh Bình Dương,Huyện Bàu Bàng,Thị trấn Lai Uyên,Thành phố Hồ Chí Minh,Xã Trừ Văn Thố
Tỉnh Bình Dương,Huyện Bàu Bàng,Xã Cây Trường II,Thành phố Hồ Chí Minh,Xã Trừ Văn Thố
Tỉnh Bình Dương,Huyện Bàu Bàng,Xã Hưng Hòa,Thành phố Hồ Chí Minh,Phường Chánh Phú Hoà
Tỉnh Bình Dương,Huyện Bàu Bàng,Xã Lai Hưng,Thành phố Hồ Chí Minh,Phường Bến Cát
Tỉnh Bình Dương,Huyện Bàu Bàng,Xã Long Nguyên,Thành phố Hồ Chí Minh,Phường Long Nguyên
Tỉnh Bình Dương,Huyện Bàu Bàng,Xã Trừ Văn Thố,Thành phố Hồ Chí Minh,Xã Trừ Văn Thố
Tỉnh Bình Dương,Huyện Bàu Bàng,Xã Tân Hưng,Thành phố Hồ Chí Minh,Phường Bến Cát
Tỉnh Bình Dương,Huyện Bắc Tân Uyên,Thị trấn Tân Bình,Thành phố Hồ Chí Minh,Phường Vĩnh Tân
Tỉnh Bình Dương,Huyện Bắc Tân Uyên,Thị trấn Tân Thành,Thành phố Hồ Chí Minh,Xã Bắc Tân Uyên
Tỉnh Bình Dương,Huyện Bắc Tân Uyên,Xã Bình Mỹ,Thành phố Hồ Chí Minh,Phường Bình Cơ
Tỉnh Bình Dương,Huyện Bắc Tân Uyên,Xã Hiếu Liêm,Thành phố Hồ Chí Minh,Xã Thường Tân
Tỉnh Bình Dương,Huyện Bắc Tân Uyên,Xã Lạc An,Thành phố Hồ Chí Minh,Xã Thường Tân
Tỉnh Bình Dương,Huyện Bắc Tân Uyên,Xã Thường Tân,Thành phố Hồ Chí Minh,Xã Thường Tân
Tỉnh Bình Dương,Huyện Bắc Tân Uyên,Xã Tân Lập,Thành phố Hồ Chí Minh,Phường Tân Uyên
Tỉnh Bình Dương,Huyện Bắc Tân Uyên,Xã Tân Mỹ,Thành phố Hồ Chí Minh,Phường Tân Uyên
Tỉnh Bình Dương,Huyện Bắc Tân Uyên,Xã Tân Mỹ,Thành phố Hồ Chí Minh,Xã Thường Tân
Tỉnh Bình Dương,Huyện Bắc Tân Uyên,Xã Tân Định,Thành phố Hồ Chí Minh,Xã Bắc Tân Uyên
Tỉnh Bình Dương,Huyện Bắc Tân Uyên,Xã Đất Cuốc,Thành phố Hồ Chí Minh,Xã Bắc Tân Uyên
Tỉnh Bình Dương,Huyện Dầu Tiếng,Thị trấn Dầu Tiếng,Thành phố Hồ Chí Minh,Xã Dầu Tiếng
Tỉnh Bình Dương,Huyện Dầu Tiếng,Xã An Lập,Thành phố Hồ Chí Minh,Phường Tây Nam
Tỉnh Bình Dương,Huyện Dầu Tiếng,Xã An Lập,Thành phố Hồ Chí Minh,Xã Thanh An
Tỉnh Bình Dương,Huyện Dầu Tiếng,Xã Long Hoà,Thành phố Hồ Chí Minh,Xã Long Hoà
Tỉnh Bình Dương,Huyện Dầu Tiếng,Xã Minh Hoà,Thành phố Hồ Chí Minh,Xã Minh Thạnh
Tỉnh Bình Dương,Huyện Dầu Tiếng,Xã Minh Thạnh,Thành phố Hồ Chí Minh,Xã Long Hoà
Tỉnh Bình Dương,Huyện Dầu Tiếng,Xã Minh Thạnh,Thành phố Hồ Chí Minh,Xã Minh Thạnh
Tỉnh Bình Dương,Huyện Dầu Tiếng,Xã Minh Tân,Thành phố Hồ Chí Minh,Xã Long Hoà
Tỉnh Bình Dương,Huyện Dầu Tiếng,Xã Minh Tân,Thành phố Hồ Chí Minh,Xã Minh Thạnh
Tỉnh Bình Dương,Huyện Dầu Tiếng,Xã Thanh An,Thành phố Hồ Chí Minh,Xã Thanh An
Tỉnh Bình Dương,Huyện Dầu Tiếng,Xã Thanh Tuyền,Thành phố Hồ Chí Minh,Phường Tây Nam
Tỉnh Bình Dương,Huyện Dầu Tiếng,Xã Thanh Tuyền,Thành phố Hồ Chí Minh,Xã Thanh An
Tỉnh Bình Dương,Huyện Dầu Tiếng,Xã Định An,Thành phố Hồ Chí Minh,Xã Dầu Tiếng
Tỉnh Bình Dương,Huyện Dầu Tiếng,Xã Định Hiệp,Thành phố Hồ Chí Minh,Xã Dầu Tiếng
Tỉnh Bình Dương,Huyện Dầu Tiếng,Xã Định Hiệp,Thành phố Hồ Chí Minh,Xã Thanh An
Tỉnh Bình Dương,Huyện Dầu Tiếng,Xã Định Thành,Thành phố Hồ Chí Minh,Xã Dầu Tiếng
Tỉnh Bình Dương,Huyện Phú Giáo,Thị trấn Phước Vĩnh,Thành phố Hồ Chí Minh,Xã Phú Giáo
Tỉnh Bình Dương,Huyện Phú Giáo,Xã An Bình,Thành phố Hồ Chí Minh,Xã Phú Giáo
Tỉnh Bình Dương,Huyện Phú Giáo,Xã An Linh,Thành phố Hồ Chí Minh,Xã An Long
Tỉnh Bình Dương,Huyện Phú Giáo,Xã An Long,Thành phố Hồ Chí Minh,Xã An Long
Tỉnh Bình Dương,Huyện Phú Giáo,Xã An Thái,Thành phố Hồ Chí Minh,Xã Phước Thành
Tỉnh Bình Dương,Huyện Phú Giáo,Xã Phước Hoà,Thành phố Hồ Chí Minh,Xã Phước Hoà
Tỉnh Bình Dương,Huyện Phú Giáo,Xã Phước Sang,Thành phố Hồ Chí Minh,Xã Phước Thành
Tỉnh Bình Dương,Huyện Phú Giáo,Xã Tam Lập,Thành phố Hồ Chí Minh,Xã Phú Giáo
Tỉnh Bình Dương,Huyện Phú Giáo,Xã Tam Lập,Thành phố Hồ Chí Minh,Xã Phước Hoà
Tỉnh Bình Dương,Huyện Phú Giáo,Xã Tân Hiệp,Thành phố Hồ Chí Minh,Xã Phước Thành
Tỉnh Bình Dương,Huyện Phú Giáo,Xã Tân Long,Thành phố Hồ Chí Minh,Xã An Long
Tỉnh Bình Dương,Huyện Phú Giáo,Xã Vĩnh Hoà,Thành phố Hồ Chí Minh,Xã Phước Hoà
Tỉnh Bình Dương,Thành phố Bến Cát,Phường An Tây,Thành phố Hồ Chí Minh,Phường Tây Nam
Tỉnh Bình Dương,Thành phố Bến Cát,Phường An Điền,Thành phố Hồ Chí Minh,Phường Long Nguyên
Tỉnh Bình Dương,Thành phố Bến Cát,Phường Chánh Phú Hòa,Thành phố Hồ Chí Minh,Phường Chánh Phú Hoà
Tỉnh Bình Dương,Thành phố Bến Cát,Phường Hòa Lợi,Thành phố Hồ Chí Minh,Phường Hoà Lợi
Tỉnh Bình Dương,Thành phố Bến Cát,Phường Mỹ Phước,Thành phố Hồ Chí Minh,Phường Bến Cát
Tỉnh Bình Dương,Thành phố Bến Cát,Phường Mỹ Phước,Thành phố Hồ Chí Minh,Phường Long Nguyên
Tỉnh Bình Dương,Thành phố Bến Cát,Phường Tân Định,Thành phố Hồ Chí Minh,Phường Hoà Lợi
Tỉnh Bình Dương,Thành phố Bến Cát,Xã Phú An,Thành phố Hồ Chí Minh,Phường Phú An
Tỉnh Bình Dương,Thành phố Dĩ An,Phường An Bình,Thành phố Hồ Chí Minh,Phường Dĩ An
Tỉnh Bình Dương,Thành phố Dĩ An,Phường Bình An,Thành phố Hồ Chí Minh,Phường Đông Hoà
Tỉnh Bình Dương,Thành phố Dĩ An,Phường Bình Thắng,Thành phố Hồ Chí Minh,Phường Đông Hoà
Tỉnh Bình Dương,Thành phố Dĩ An,Phường Dĩ An,Thành phố Hồ Chí Minh,Phường Dĩ An
Tỉnh Bình Dương,Thành phố Dĩ An,Phường Tân Bình,Thành phố Hồ Chí Minh,Phường Tân Đông Hiệp
Tỉnh Bình Dương,Thành phố Dĩ An,Phường Tân Đông Hiệp,Thành phố Hồ Chí Minh,Phường Dĩ An
Tỉnh Bình Dương,Thành phố Dĩ An,Phường Tân Đông Hiệp,Thành phố Hồ Chí Minh,Phường Tân Đông Hiệp
Tỉnh Bình Dương,Thành phố Dĩ An,Phường Đông Hòa,Thành phố Hồ Chí Minh,Phường Đông Hoà
Tỉnh Bình Dương,Thành phố Thuận An,Phường An Phú,Thành phố Hồ Chí Minh,Phường An Phú
Tỉnh Bình Dương,Thành phố Thuận An,Phường An Thạnh,Thành phố Hồ Chí Minh,Phường Thuận An
Tỉnh Bình Dương,Thành phố Thuận An,Phường Bình Chuẩn,Thành phố Hồ Chí Minh,Phường An Phú
Tỉnh Bình Dương,Thành phố Thuận An,Phường Bình Chuẩn,Thành phố Hồ Chí Minh,Phường Thuận Giao
Tỉnh Bình Dương,Thành phố Thuận An,Phường Bình Hòa,Thành phố Hồ Chí Minh,Phường Bình Hoà
Tỉnh Bình Dương,Thành phố Thuận An,Phường Bình Nhâm,Thành phố Hồ Chí Minh,Phường Lái Thiêu
Tỉnh Bình Dương,Thành phố Thuận An,Phường Hưng Định,Thành phố Hồ Chí Minh,Phường Thuận An
Tỉnh Bình Dương,Thành phố Thuận An,Phường Lái Thiêu,Thành phố Hồ Chí Minh,Phường Lái Thiêu
Tỉnh Bình Dương,Thành phố Thuận An,Phường Thuận Giao,Thành phố Hồ Chí Minh,Phường Thuận Giao
Tỉnh Bình Dương,Thành phố Thuận An,Phường Vĩnh Phú,Thành phố Hồ Chí Minh,Phường Bình Hoà
Tỉnh Bình Dương,Thành phố Thuận An,Phường Vĩnh Phú,Thành phố Hồ Chí Minh,Phường Lái Thiêu
Tỉnh Bình Dương,Thành phố Thuận An,Xã An Sơn,Thành phố Hồ Chí Minh,Phường Thuận An
Tỉnh Bình Dương,Thành phố Thủ Dầu Một,Phường Chánh Mỹ,Thành phố Hồ Chí Minh,Phường Chánh Hiệp
Tỉnh Bình Dương,Thành phố Thủ Dầu Một,Phường Chánh Mỹ,Thành phố Hồ Chí Minh,Phường Thủ Dầu Một
Tỉnh Bình Dương,Thành phố Thủ Dầu Một,Phường Chánh Nghĩa,Thành phố Hồ Chí Minh,Phường Thủ Dầu Một
Tỉnh Bình Dương,Thành phố Thủ Dầu Một,Phường Hiệp An,Thành phố Hồ Chí Minh,Phường Chánh Hiệp
Tỉnh Bình Dương,Thành phố Thủ Dầu Một,Phường Hiệp An,Thành phố Hồ Chí Minh,Phường Phú An
Tỉnh Bình Dương,Thành phố Thủ Dầu Một,Phường Hiệp Thành,Thành phố Hồ Chí Minh,Phường Phú Lợi
Tỉnh Bình Dương,Thành phố Thủ Dầu Một,Phường Hiệp Thành,Thành phố Hồ Chí Minh,Phường Thủ Dầu Một
Tỉnh Bình Dương,Thành phố Thủ Dầu Một,Phường Hoà Phú,Thành phố Hồ Chí Minh,Phường Bình Dương
Tỉnh Bình Dương,Thành phố Thủ Dầu Một,Phường Phú Cường,Thành phố Hồ Chí Minh,Phường Thủ Dầu Một
Tỉnh Bình Dương,Thành phố Thủ Dầu Một,Phường Phú Hòa,Thành phố Hồ Chí Minh,Phường Phú Lợi
Tỉnh Bình Dương,Thành phố Thủ Dầu Một,Phường Phú Lợi,Thành phố Hồ Chí Minh,Phường Phú Lợi
Tỉnh Bình Dương,Thành phố Thủ Dầu Một,Phường Phú Mỹ,Thành phố Hồ Chí Minh,Phường Bình Dương
Tỉnh Bình Dương,Thành phố Thủ Dầu Một,Phường Phú Thọ,Thành phố Hồ Chí Minh,Phường Thủ Dầu Một
Tỉnh Bình Dương,Thành phố Thủ Dầu Một,Phường Phú Tân,Thành phố Hồ Chí Minh,Phường Bình Dương
Tỉnh Bình Dương,Thành phố Thủ Dầu Một,Phường Tân An,Thành phố Hồ Chí Minh,Phường Phú An
Tỉnh Bình Dương,Thành phố Thủ Dầu Một,Phường Tương Bình Hiệp,Thành phố Hồ Chí Minh,Phường Chánh Hiệp
Tỉnh Bình Dương,Thành phố Thủ Dầu Một,Phường Định Hoà,Thành phố Hồ Chí Minh,Phường Chánh Hiệp
Tỉnh Bình Dương,Thành phố Tân Uyên,Phường Hội Nghĩa,Thành phố Hồ Chí Minh,Phường Bình Cơ
Tỉnh Bình Dương,Thành phố Tân Uyên,Phường Khánh Bình,Thành phố Hồ Chí Minh,Phường Tân Hiệp
Tỉnh Bình Dương,Thành phố Tân Uyên,Phường Phú Chánh,Thành phố Hồ Chí Minh,Phường Bình Dương
Tỉnh Bình Dương,Thành phố Tân Uyên,Phường Thái Hòa,Thành phố Hồ Chí Minh,Phường Tân Khánh
Tỉnh Bình Dương,Thành phố Tân Uyên,Phường Thái Hòa,Thành phố Hồ Chí Minh,Phường Tân Đông Hiệp
Tỉnh Bình Dương,Thành phố Tân Uyên,Phường Thạnh Phước,Thành phố Hồ Chí Minh,Phường Tân Khánh
Tỉnh Bình Dương,Thành phố Tân Uyên,Phường Tân Hiệp,Thành phố Hồ Chí Minh,Phường Tân Hiệp
Tỉnh Bình Dương,Thành phố Tân Uyên,Phường Tân Phước Khánh,Thành phố Hồ Chí Minh,Phường Tân Khánh
Tỉnh Bình Dương,Thành phố Tân Uyên,Phường Tân Vĩnh Hiệp,Thành phố Hồ Chí Minh,Phường Tân Khánh
Tỉnh Bình Dương,Thành phố Tân Uyên,Phường Uyên Hưng,Thành phố Hồ Chí Minh,Phường Tân Uyên
Tỉnh Bình Dương,Thành phố Tân Uyên,Phường Vĩnh Tân,Thành phố Hồ Chí Minh,Phường Vĩnh Tân
Tỉnh Bình Dương,Thành phố Tân Uyên,Xã Bạch Đằng,Thành phố Hồ Chí Minh,Phường Tân Uyên
Tỉnh Bình Dương,Thành phố Tân Uyên,Xã Thạnh Hội,Thành phố Hồ Chí Minh,Phường Tân Khánh
Tỉnh Bình Phước,Huyện Bù Gia Mập,Xã Bình Thắng,Thành phố Đồng Nai,Xã Đa Kia
Tỉnh Bình Phước,Huyện Bù Gia Mập,Xã Phú Nghĩa,Thành phố Đồng Nai,Xã Phú Nghĩa
Tỉnh Bình Phước,Huyện Bù Gia Mập,Xã Phú Văn,Thành phố Đồng Nai,Xã Phú Nghĩa
Tỉnh Bình Phước,Huyện Bù Gia Mập,Xã Phước Minh,Thành phố Đồng Nai,Xã Đa Kia
Tỉnh Bình Phước,Huyện Bù Gia Mập,Xã Đa Kia,Thành phố Đồng Nai,Xã Đa Kia
Tỉnh Bình Phước,Huyện Bù Gia Mập,Xã Đức Hạnh,Thành phố Đồng Nai,Xã Phú Nghĩa
Tỉnh Bình Phước,Huyện Bù Đăng,Thị trấn Đức Phong,Thành phố Đồng Nai,Xã Bù Đăng
Tỉnh Bình Phước,Huyện Bù Đăng,Xã Bom Bo,Thành phố Đồng Nai,Xã Bom Bo
Tỉnh Bình Phước,Huyện Bù Đăng,Xã Bình Minh,Thành phố Đồng Nai,Xã Bom Bo
Tỉnh Bình Phước,Huyện Bù Đăng,Xã Minh Hưng,Thành phố Đồng Nai,Xã Bù Đăng
Tỉnh Bình Phước,Huyện Bù Đăng,Xã Nghĩa Bình,Thành phố Đồng Nai,Xã Nghĩa Trung
Tỉnh Bình Phước,Huyện Bù Đăng,Xã Nghĩa Trung,Thành phố Đồng Nai,Xã Nghĩa Trung
Tỉnh Bình Phước,Huyện Bù Đăng,Xã Phú Sơn,Thành phố Đồng Nai,Xã Thọ Sơn
Tỉnh Bình Phước,Huyện Bù Đăng,Xã Phước Sơn,Thành phố Đồng Nai,Xã Phước Sơn
Tỉnh Bình Phước,Huyện Bù Đăng,Xã Thọ Sơn,Thành phố Đồng Nai,Xã Thọ Sơn
Tỉnh Bình Phước,Huyện Bù Đăng,Xã Thống Nhất,Thành phố Đồng Nai,Xã Phước Sơn
Tỉnh Bình Phước,Huyện Bù Đăng,Xã Đak Nhau,Thành phố Đồng Nai,Xã Đak Nhau
Tỉnh Bình Phước,Huyện Bù Đăng,Xã Đoàn Kết,Thành phố Đồng Nai,Xã Bù Đăng
Tỉnh Bình Phước,Huyện Bù Đăng,Xã Đăng Hà,Thành phố Đồng Nai,Xã Phước Sơn
Tỉnh Bình Phước,Huyện Bù Đăng,Xã Đường 10,Thành phố Đồng Nai,Xã Đak Nhau
Tỉnh Bình Phước,Huyện Bù Đăng,Xã Đồng Nai,Thành phố Đồng Nai,Xã Thọ Sơn
Tỉnh Bình Phước,Huyện Bù Đăng,Xã Đức Liễu,Thành phố Đồng Nai,Xã Nghĩa Trung
Tỉnh Bình Phước,Huyện Bù Đốp,Thị trấn Thanh Bình,Thành phố Đồng Nai,Xã Thiện Hưng
Tỉnh Bình Phước,Huyện Bù Đốp,Xã Hưng Phước,Thành phố Đồng Nai,Xã Hưng Phước
Tỉnh Bình Phước,Huyện Bù Đốp,Xã Phước Thiện,Thành phố Đồng Nai,Xã Hưng Phước
Tỉnh Bình Phước,Huyện Bù Đốp,Xã Thanh Hòa,Thành phố Đồng Nai,Xã Thiện Hưng
Tỉnh Bình Phước,Huyện Bù Đốp,Xã Thiện Hưng,Thành phố Đồng Nai,Xã Thiện Hưng
Tỉnh Bình Phước,Huyện Bù Đốp,Xã Tân Tiến,Thành phố Đồng Nai,Xã Tân Tiến
Tỉnh Bình Phước,Huyện Hớn Quản,Thị trấn Tân Khai,Thành phố Đồng Nai,Phường Tân Khai
Tỉnh Bình Phước,Huyện Hớn Quản,Xã An Khương,Thành phố Đồng Nai,Xã Tân Hưng
Tỉnh Bình Phước,Huyện Hớn Quản,Xã An Phú,Thành phố Đồng Nai,Xã Minh Đức
Tỉnh Bình Phước,Huyện Hớn Quản,Xã Minh Tâm,Thành phố Đồng Nai,Xã Minh Đức
Tỉnh Bình Phước,Huyện Hớn Quản,Xã Minh Đức,Thành phố Đồng Nai,Xã Minh Đức
Tỉnh Bình Phước,Huyện Hớn Quản,Xã Thanh An,Thành phố Đồng Nai,Xã Tân Hưng
Tỉnh Bình Phước,Huyện Hớn Quản,Xã Thanh Bình,Thành phố Đồng Nai,Phường Bình Long
Tỉnh Bình Phước,Huyện Hớn Quản,Xã Tân Hiệp,Thành phố Đồng Nai,Phường Tân Khai
Tỉnh Bình Phước,Huyện Hớn Quản,Xã Tân Hưng,Thành phố Đồng Nai,Xã Tân Hưng
Tỉnh Bình Phước,Huyện Hớn Quản,Xã Tân Lợi,Thành phố Đồng Nai,Xã Tân Quan
Tỉnh Bình Phước,Huyện Hớn Quản,Xã Tân Quan,Thành phố Đồng Nai,Xã Tân Quan
Tỉnh Bình Phước,Huyện Hớn Quản,Xã Đồng Nơ,Thành phố Đồng Nai,Phường Tân Khai
Tỉnh Bình Phước,Huyện Lộc Ninh,Thị trấn Lộc Ninh,Thành phố Đồng Nai,Phường Lộc Ninh
Tỉnh Bình Phước,Huyện Lộc Ninh,Xã Lộc An,Thành phố Đồng Nai,Xã Tân Tiến
Tỉnh Bình Phước,Huyện Lộc Ninh,Xã Lộc Hiệp,Thành phố Đồng Nai,Xã Lộc Quang
Tỉnh Bình Phước,Huyện Lộc Ninh,Xã Lộc Hòa,Thành phố Đồng Nai,Xã Lộc Thạnh
Tỉnh Bình Phước,Huyện Lộc Ninh,Xã Lộc Hưng,Thành phố Đồng Nai,Xã Lộc Hưng
Tỉnh Bình Phước,Huyện Lộc Ninh,Xã Lộc Khánh,Thành phố Đồng Nai,Xã Lộc Hưng
Tỉnh Bình Phước,Huyện Lộc Ninh,Xã Lộc Phú,Thành phố Đồng Nai,Xã Lộc Quang
Tỉnh Bình Phước,Huyện Lộc Ninh,Xã Lộc Quang,Thành phố Đồng Nai,Xã Lộc Quang
Tỉnh Bình Phước,Huyện Lộc Ninh,Xã Lộc Thiện,Thành phố Đồng Nai,Xã Lộc Tấn
Tỉnh Bình Phước,Huyện Lộc Ninh,Xã Lộc Thuận,Thành phố Đồng Nai,Phường Lộc Ninh
Tỉnh Bình Phước,Huyện Lộc Ninh,Xã Lộc Thành,Thành phố Đồng Nai,Xã Lộc Thành
Tỉnh Bình Phước,Huyện Lộc Ninh,Xã Lộc Thái,Thành phố Đồng Nai,Phường Lộc Ninh
Tỉnh Bình Phước,Huyện Lộc Ninh,Xã Lộc Thạnh,Thành phố Đồng Nai,Xã Lộc Thạnh
Tỉnh Bình Phước,Huyện Lộc Ninh,Xã Lộc Thịnh,Thành phố Đồng Nai,Xã Lộc Thành
Tỉnh Bình Phước,Huyện Lộc Ninh,Xã Lộc Tấn,Thành phố Đồng Nai,Xã Lộc Tấn
Tỉnh Bình Phước,Huyện Lộc Ninh,Xã Lộc Điền,Thành phố Đồng Nai,Xã Lộc Hưng
Tỉnh Bình Phước,Huyện Phú Riềng,Xã Bình Sơn,Thành phố Đồng Nai,Phường Phước Bình
Tỉnh Bình Phước,Huyện Phú Riềng,Xã Bình Tân,Thành phố Đồng Nai,Xã Bình Tân
Tỉnh Bình Phước,Huyện Phú Riềng,Xã Bù Nho,Thành phố Đồng Nai,Xã Phú Riềng
Tỉnh Bình Phước,Huyện Phú Riềng,Xã Long Bình,Thành phố Đồng Nai,Xã Bình Tân
Tỉnh Bình Phước,Huyện Phú Riềng,Xã Long Hà,Thành phố Đồng Nai,Xã Long Hà
Tỉnh Bình Phước,Huyện Phú Riềng,Xã Long Hưng,Thành phố Đồng Nai,Xã Bình Tân
Tỉnh Bình Phước,Huyện Phú Riềng,Xã Long Tân,Thành phố Đồng Nai,Xã Long Hà
Tỉnh Bình Phước,Huyện Phú Riềng,Xã Phú Riềng,Thành phố Đồng Nai,Xã Phú Riềng
Tỉnh Bình Phước,Huyện Phú Riềng,Xã Phú Trung,Thành phố Đồng Nai,Xã Phú Trung
Tỉnh Bình Phước,Huyện Phú Riềng,Xã Phước Tân,Thành phố Đồng Nai,Xã Phú Trung
Tỉnh Bình Phước,Huyện Đồng Phú,Xã Thuận Lợi,Thành phố Đồng Nai,Xã Thuận Lợi
Tỉnh Bình Phước,Huyện Đồng Phú,Xã Thuận Phú,Thành phố Đồng Nai,Xã Thuận Lợi
Tỉnh Bình Phước,Huyện Đồng Phú,Xã Tân Hòa,Thành phố Đồng Nai,Xã Tân Lợi
Tỉnh Bình Phước,Huyện Đồng Phú,Xã Tân Lập,Thành phố Đồng Nai,Phường Đồng Phú
Tỉnh Bình Phước,Huyện Đồng Phú,Xã Tân Lợi,Thành phố Đồng Nai,Xã Tân Lợi
Tỉnh Bình Phước,Huyện Đồng Phú,Xã Tân Phước,Thành phố Đồng Nai,Xã Đồng Tâm
Tỉnh Bình Phước,Huyện Đồng Phú,Xã Tân Tiến,Thành phố Đồng Nai,Phường Đồng Phú
Tỉnh Bình Phước,Huyện Đồng Phú,Xã Đồng Tiến,Thành phố Đồng Nai,Xã Đồng Tâm
Tỉnh Bình Phước,Huyện Đồng Phú,Xã Đồng Tâm,Thành phố Đồng Nai,Xã Đồng Tâm
Tỉnh Bình Phước,Thành phố Đồng Xoài,Phường Tiến Thành,Thành phố Đồng Nai,Phường Đồng Xoài
Tỉnh Bình Phước,Thành phố Đồng Xoài,Phường Tân Bình,Thành phố Đồng Nai,Phường Bình Phước
Tỉnh Bình Phước,Thành phố Đồng Xoài,Phường Tân Phú,Thành phố Đồng Nai,Phường Bình Phước
Tỉnh Bình Phước,Thành phố Đồng Xoài,Phường Tân Thiện,Thành phố Đồng Nai,Phường Bình Phước
Tỉnh Bình Phước,Thành phố Đồng Xoài,Phường Tân Xuân,Thành phố Đồng Nai,Phường Bình Phước
Tỉnh Bình Phước,Thành phố Đồng Xoài,Phường Tân Đồng,Thành phố Đồng Nai,Phường Bình Phước
Tỉnh Bình Phước,Thành phố Đồng Xoài,Xã Tiến Hưng,Thành phố Đồng Nai,Phường Bình Phước
Tỉnh Bình Phước,Thành phố Đồng Xoài,Xã Tân Thành,Thành phố Đồng Nai,Phường Đồng Xoài
Tỉnh Bình Phước,Thị xã Bình Long,Phường An Lộc,Thành phố Đồng Nai,Phường Bình Long
Tỉnh Bình Phước,Thị xã Bình Long,Phường Hưng Chiến,Thành phố Đồng Nai,Phường Bình Long
Tỉnh Bình Phước,Thị xã Bình Long,Phường Phú Thịnh,Thành phố Đồng Nai,Phường An Lộc
Tỉnh Bình Phước,Thị xã Bình Long,Phường Phú Đức,Thành phố Đồng Nai,Phường Bình Long
Tỉnh Bình Phước,Thị xã Bình Long,Xã Thanh Lương,Thành phố Đồng Nai,Phường An Lộc
Tỉnh Bình Phước,Thị xã Bình Long,Xã Thanh Phú,Thành phố Đồng Nai,Phường An Lộc
Tỉnh Bình Phước,Thị xã Chơn Thành,Phường Hưng Long,Thành phố Đồng Nai,Phường Chơn Thành
Tỉnh Bình Phước,Thị xã Chơn Thành,Phường Minh Hưng,Thành phố Đồng Nai,Phường Minh Hưng
Tỉnh Bình Phước,Thị xã Chơn Thành,Phường Minh Long,Thành phố Đồng Nai,Phường Minh Hưng
Tỉnh Bình Phước,Thị xã Chơn Thành,Phường Minh Thành,Thành phố Đồng Nai,Phường Chơn Thành
Tỉnh Bình Phước,Thị xã Chơn Thành,Phường Thành Tâm,Thành phố Đồng Nai,Phường Chơn Thành
Tỉnh Bình Phước,Thị xã Chơn Thành,Xã Minh Lập,Thành phố Đồng Nai,Xã Nha Bích
Tỉnh Bình Phước,Thị xã Chơn Thành,Xã Minh Thắng,Thành phố Đồng Nai,Xã Nha Bích
Tỉnh Bình Phước,Thị xã Chơn Thành,Xã Nha Bích,Thành phố Đồng Nai,Xã Nha Bích
Tỉnh Bình Phước,Thị xã Chơn Thành,Xã Quang Minh,Thành phố Đồng Nai,Xã Tân Quan
Tỉnh Bình Phước,Thị xã Phước Long,Phường Long Phước,Thành phố Đồng Nai,Phường Phước Bình
Tỉnh Bình Phước,Thị xã Phước Long,Phường Long Thủy,Thành phố Đồng Nai,Phường Phước Long
Tỉnh Bình Phước,Thị xã Phước Long,Phường Phước Bình,Thành phố Đồng Nai,Phường Phước Bình
Tỉnh Bình Phước,Thị xã Phước Long,Phường Sơn Giang,Thành phố Đồng Nai,Phường Phước Long
Tỉnh Bình Phước,Thị xã Phước Long,Phường Thác Mơ,Thành phố Đồng Nai,Phường Phước Long
Tỉnh Bình Phước,Thị xã Phước Long,Xã Long Giang,Thành phố Đồng Nai,Phường Phước Bình
Tỉnh Bình Phước,Thị xã Phước Long,Xã Phước Tín,Thành phố Đồng Nai,Phường Phước Long
Tỉnh Bình Thuận,Huyện Bắc Bình,Thị trấn Chợ Lầu,Tỉnh Lâm Đồng,Xã Bắc Bình
Tỉnh Bình Thuận,Huyện Bắc Bình,Thị trấn Lương Sơn,Tỉnh Lâm Đồng,Xã Lương Sơn
Tỉnh Bình Thuận,Huyện Bắc Bình,Xã Bình An,Tỉnh Lâm Đồng,Xã Hải Ninh
Tỉnh Bình Thuận,Huyện Bắc Bình,Xã Bình Tân,Tỉnh Lâm Đồng,Xã Sông Luỹ
Tỉnh Bình Thuận,Huyện Bắc Bình,Xã Hòa Thắng,Tỉnh Lâm Đồng,Xã Hoà Thắng
Tỉnh Bình Thuận,Huyện Bắc Bình,Xã Hòa Thắng,Tỉnh Lâm Đồng,Xã Hồng Thái
Tỉnh Bình Thuận,Huyện Bắc Bình,Xã Hải Ninh,Tỉnh Lâm Đồng,Xã Hải Ninh
Tỉnh Bình Thuận,Huyện Bắc Bình,Xã Hồng Phong,Tỉnh Lâm Đồng,Xã Hoà Thắng
Tỉnh Bình Thuận,Huyện Bắc Bình,Xã Hồng Thái,Tỉnh Lâm Đồng,Xã Hồng Thái
Tỉnh Bình Thuận,Huyện Bắc Bình,Xã Phan Hiệp,Tỉnh Lâm Đồng,Xã Bắc Bình
Tỉnh Bình Thuận,Huyện Bắc Bình,Xã Phan Hòa,Tỉnh Lâm Đồng,Xã Bắc Bình
Tỉnh Bình Thuận,Huyện Bắc Bình,Xã Phan Lâm,Tỉnh Lâm Đồng,Xã Phan Sơn
Tỉnh Bình Thuận,Huyện Bắc Bình,Xã Phan Rí Thành,Tỉnh Lâm Đồng,Xã Bắc Bình
Tỉnh Bình Thuận,Huyện Bắc Bình,Xã Phan Sơn,Tỉnh Lâm Đồng,Xã Phan Sơn
Tỉnh Bình Thuận,Huyện Bắc Bình,Xã Phan Thanh,Tỉnh Lâm Đồng,Xã Hồng Thái
Tỉnh Bình Thuận,Huyện Bắc Bình,Xã Phan Tiến,Tỉnh Lâm Đồng,Xã Sông Luỹ
Tỉnh Bình Thuận,Huyện Bắc Bình,Xã Phan Điền,Tỉnh Lâm Đồng,Xã Hải Ninh
Tỉnh Bình Thuận,Huyện Bắc Bình,Xã Sông Bình,Tỉnh Lâm Đồng,Xã Lương Sơn
Tỉnh Bình Thuận,Huyện Bắc Bình,Xã Sông Lũy,Tỉnh Lâm Đồng,Xã Sông Luỹ
Tỉnh Bình Thuận,Huyện Hàm Thuận Bắc,Thị trấn Ma Lâm,Tỉnh Lâm Đồng,Xã Hàm Thuận
Tỉnh Bình Thuận,Huyện Hàm Thuận Bắc,Thị trấn Phú Long,Tỉnh Lâm Đồng,Phường Hàm Thắng
Tỉnh Bình Thuận,Huyện Hàm Thuận Bắc,Xã Hàm Chính,Tỉnh Lâm Đồng,Xã Hàm Liêm
Tỉnh Bình Thuận,Huyện Hàm Thuận Bắc,Xã Hàm Hiệp,Tỉnh Lâm Đồng,Phường Bình Thuận
Tỉnh Bình Thuận,Huyện Hàm Thuận Bắc,Xã Hàm Liêm,Tỉnh Lâm Đồng,Xã Hàm Liêm
Tỉnh Bình Thuận,Huyện Hàm Thuận Bắc,Xã Hàm Phú,Tỉnh Lâm Đồng,Xã Hàm Thuận Bắc
Tỉnh Bình Thuận,Huyện Hàm Thuận Bắc,Xã Hàm Thắng,Tỉnh Lâm Đồng,Phường Hàm Thắng
Tỉnh Bình Thuận,Huyện Hàm Thuận Bắc,Xã Hàm Trí,Tỉnh Lâm Đồng,Xã Hàm Thuận Bắc
Tỉnh Bình Thuận,Huyện Hàm Thuận Bắc,Xã Hàm Đức,Tỉnh Lâm Đồng,Xã Hàm Thuận
Tỉnh Bình Thuận,Huyện Hàm Thuận Bắc,Xã Hồng Liêm,Tỉnh Lâm Đồng,Xã Hồng Sơn
Tỉnh Bình Thuận,Huyện Hàm Thuận Bắc,Xã Hồng Sơn,Tỉnh Lâm Đồng,Xã Hồng Sơn
Tỉnh Bình Thuận,Huyện Hàm Thuận Bắc,Xã La Dạ,Tỉnh Lâm Đồng,Xã La Dạ
Tỉnh Bình Thuận,Huyện Hàm Thuận Bắc,Xã Thuận Hòa,Tỉnh Lâm Đồng,Xã Hàm Thuận Bắc
Tỉnh Bình Thuận,Huyện Hàm Thuận Bắc,Xã Thuận Minh,Tỉnh Lâm Đồng,Xã Hàm Thuận
Tỉnh Bình Thuận,Huyện Hàm Thuận Bắc,Xã Đa Mi,Tỉnh Lâm Đồng,Xã La Dạ
Tỉnh Bình Thuận,Huyện Hàm Thuận Bắc,Xã Đông Giang,Tỉnh Lâm Đồng,Xã Đông Giang
Tỉnh Bình Thuận,Huyện Hàm Thuận Bắc,Xã Đông Tiến,Tỉnh Lâm Đồng,Xã Đông Giang
Tỉnh Bình Thuận,Huyện Hàm Thuận Nam,Thị trấn Thuận Nam,Tỉnh Lâm Đồng,Xã Hàm Thuận Nam
Tỉnh Bình Thuận,Huyện Hàm Thuận Nam,Xã Hàm Cường,Tỉnh Lâm Đồng,Xã Hàm Kiệm
Tỉnh Bình Thuận,Huyện Hàm Thuận Nam,Xã Hàm Cần,Tỉnh Lâm Đồng,Xã Hàm Thạnh
Tỉnh Bình Thuận,Huyện Hàm Thuận Nam,Xã Hàm Kiệm,Tỉnh Lâm Đồng,Xã Hàm Kiệm
Tỉnh Bình Thuận,Huyện Hàm Thuận Nam,Xã Hàm Minh,Tỉnh Lâm Đồng,Xã Hàm Thuận Nam
Tỉnh Bình Thuận,Huyện Hàm Thuận Nam,Xã Hàm Mỹ,Tỉnh Lâm Đồng,Xã Tuyên Quang
Tỉnh Bình Thuận,Huyện Hàm Thuận Nam,Xã Hàm Thạnh,Tỉnh Lâm Đồng,Xã Hàm Thạnh
Tỉnh Bình Thuận,Huyện Hàm Thuận Nam,Xã Mương Mán,Tỉnh Lâm Đồng,Xã Hàm Kiệm
Tỉnh Bình Thuận,Huyện Hàm Thuận Nam,Xã Mỹ Thạnh,Tỉnh Lâm Đồng,Xã Hàm Thạnh
Tỉnh Bình Thuận,Huyện Hàm Thuận Nam,Xã Tân Lập,Tỉnh Lâm Đồng,Xã Tân Lập
Tỉnh Bình Thuận,Huyện Hàm Thuận Nam,Xã Tân Thuận,Tỉnh Lâm Đồng,Xã Tân Thành
Tỉnh Bình Thuận,Huyện Hàm Thuận Nam,Xã Tân Thành,Tỉnh Lâm Đồng,Xã Tân Thành
Tỉnh Bình Thuận,Huyện Hàm Tân,Thị trấn Tân Minh,Tỉnh Lâm Đồng,Xã Tân Minh
Tỉnh Bình Thuận,Huyện Hàm Tân,Thị trấn Tân Nghĩa,Tỉnh Lâm Đồng,Xã Hàm Tân
Tỉnh Bình Thuận,Huyện Hàm Tân,Xã Sông Phan,Tỉnh Lâm Đồng,Xã Tân Lập
Tỉnh Bình Thuận,Huyện Hàm Tân,Xã Sơn Mỹ,Tỉnh Lâm Đồng,Xã Sơn Mỹ
Tỉnh Bình Thuận,Huyện Hàm Tân,Xã Thắng Hải,Tỉnh Lâm Đồng,Xã Sơn Mỹ
Tỉnh Bình Thuận,Huyện Hàm Tân,Xã Tân Hà,Tỉnh Lâm Đồng,Xã Hàm Tân
Tỉnh Bình Thuận,Huyện Hàm Tân,Xã Tân Phúc,Tỉnh Lâm Đồng,Xã Tân Minh
Tỉnh Bình Thuận,Huyện Hàm Tân,Xã Tân Thắng,Tỉnh Lâm Đồng,Xã Sơn Mỹ
Tỉnh Bình Thuận,Huyện Hàm Tân,Xã Tân Xuân,Tỉnh Lâm Đồng,Xã Hàm Tân
Tỉnh Bình Thuận,Huyện Hàm Tân,Xã Tân Đức,Tỉnh Lâm Đồng,Xã Tân Minh
Tỉnh Bình Thuận,Huyện Phú Quí,Xã Long Hải,Tỉnh Lâm Đồng,Đặc khu Phú Quý
Tỉnh Bình Thuận,Huyện Phú Quí,Xã Ngũ Phụng,Tỉnh Lâm Đồng,Đặc khu Phú Quý
Tỉnh Bình Thuận,Huyện Phú Quí,Xã Tam Thanh,Tỉnh Lâm Đồng,Đặc khu Phú Quý
Tỉnh Bình Thuận,Huyện Tuy Phong,Thị trấn Liên Hương,Tỉnh Lâm Đồng,Xã Liên Hương
Tỉnh Bình Thuận,Huyện Tuy Phong,Thị trấn Phan Rí Cửa,Tỉnh Lâm Đồng,Xã Phan Rí Cửa
Tỉnh Bình Thuận,Huyện Tuy Phong,Xã Bình Thạnh,Tỉnh Lâm Đồng,Xã Liên Hương
Tỉnh Bình Thuận,Huyện Tuy Phong,Xã Chí Công,Tỉnh Lâm Đồng,Xã Phan Rí Cửa
Tỉnh Bình Thuận,Huyện Tuy Phong,Xã Hòa Minh,Tỉnh Lâm Đồng,Xã Phan Rí Cửa
Tỉnh Bình Thuận,Huyện Tuy Phong,Xã Phan Dũng,Tỉnh Lâm Đồng,Xã Tuy Phong
Tỉnh Bình Thuận,Huyện Tuy Phong,Xã Phong Phú,Tỉnh Lâm Đồng,Xã Phan Rí Cửa
Tỉnh Bình Thuận,Huyện Tuy Phong,Xã Phong Phú,Tỉnh Lâm Đồng,Xã Tuy Phong
Tỉnh Bình Thuận,Huyện Tuy Phong,Xã Phú Lạc,Tỉnh Lâm Đồng,Xã Liên Hương
Tỉnh Bình Thuận,Huyện Tuy Phong,Xã Phước Thể,Tỉnh Lâm Đồng,Xã Liên Hương
Tỉnh Bình Thuận,Huyện Tuy Phong,Xã Vĩnh Hảo,Tỉnh Lâm Đồng,Xã Vĩnh Hảo
Tỉnh Bình Thuận,Huyện Tuy Phong,Xã Vĩnh Tân,Tỉnh Lâm Đồng,Xã Vĩnh Hảo
Tỉnh Bình Thuận,Huyện Tánh Linh,Thị trấn Lạc Tánh,Tỉnh Lâm Đồng,Xã Tánh Linh
Tỉnh Bình Thuận,Huyện Tánh Linh,Xã Bắc Ruộng,Tỉnh Lâm Đồng,Xã Bắc Ruộng
Tỉnh Bình Thuận,Huyện Tánh Linh,Xã Gia An,Tỉnh Lâm Đồng,Xã Tánh Linh
Tỉnh Bình Thuận,Huyện Tánh Linh,Xã Gia Huynh,Tỉnh Lâm Đồng,Xã Suối Kiết
Tỉnh Bình Thuận,Huyện Tánh Linh,Xã Huy Khiêm,Tỉnh Lâm Đồng,Xã Đồng Kho
Tỉnh Bình Thuận,Huyện Tánh Linh,Xã La Ngâu,Tỉnh Lâm Đồng,Xã Đồng Kho
Tỉnh Bình Thuận,Huyện Tánh Linh,Xã Măng Tố,Tỉnh Lâm Đồng,Xã Bắc Ruộng
Tỉnh Bình Thuận,Huyện Tánh Linh,Xã Nghị Đức,Tỉnh Lâm Đồng,Xã Nghị Đức
Tỉnh Bình Thuận,Huyện Tánh Linh,Xã Suối Kiết,Tỉnh Lâm Đồng,Xã Suối Kiết
Tỉnh Bình Thuận,Huyện Tánh Linh,Xã Đồng Kho,Tỉnh Lâm Đồng,Xã Đồng Kho
Tỉnh Bình Thuận,Huyện Tánh Linh,Xã Đức Bình,Tỉnh Lâm Đồng,Xã Đồng Kho
Tỉnh Bình Thuận,Huyện Tánh Linh,Xã Đức Phú,Tỉnh Lâm Đồng,Xã Nghị Đức
Tỉnh Bình Thuận,Huyện Tánh Linh,Xã Đức Thuận,Tỉnh Lâm Đồng,Xã Tánh Linh
Tỉnh Bình Thuận,Huyện Đức Linh,Thị trấn Võ Xu,Tỉnh Lâm Đồng,Xã Đức Linh
Tỉnh Bình Thuận,Huyện Đức Linh,Thị trấn Đức Tài,Tỉnh Lâm Đồng,Xã Hoài Đức
Tỉnh Bình Thuận,Huyện Đức Linh,Xã Mê Pu,Tỉnh Lâm Đồng,Xã Nam Thành
Tỉnh Bình Thuận,Huyện Đức Linh,Xã Nam Chính,Tỉnh Lâm Đồng,Xã Đức Linh
Tỉnh Bình Thuận,Huyện Đức Linh,Xã Sùng Nhơn,Tỉnh Lâm Đồng,Xã Nam Thành
Tỉnh Bình Thuận,Huyện Đức Linh,Xã Trà Tân,Tỉnh Lâm Đồng,Xã Trà Tân
Tỉnh Bình Thuận,Huyện Đức Linh,Xã Tân Hà,Tỉnh Lâm Đồng,Xã Trà Tân
Tỉnh Bình Thuận,Huyện Đức Linh,Xã Vũ Hoà,Tỉnh Lâm Đồng,Xã Đức Linh
Tỉnh Bình Thuận,Huyện Đức Linh,Xã Đa Kai,Tỉnh Lâm Đồng,Xã Nam Thành
Tỉnh Bình Thuận,Huyện Đức Linh,Xã Đông Hà,Tỉnh Lâm Đồng,Xã Trà Tân
Tỉnh Bình Thuận,Huyện Đức Linh,Xã Đức Hạnh,Tỉnh Lâm Đồng,Xã Hoài Đức
Tỉnh Bình Thuận,Huyện Đức Linh,Xã Đức Tín,Tỉnh Lâm Đồng,Xã Hoài Đức
Tỉnh Bình Thuận,Thành phố Phan Thiết,Phường Bình Hưng,Tỉnh Lâm Đồng,Phường Phan Thiết
Tỉnh Bình Thuận,Thành phố Phan Thiết,Phường Hàm Tiến,Tỉnh Lâm Đồng,Phường Mũi Né
Tỉnh Bình Thuận,Thành phố Phan Thiết,Phường Lạc Đạo,Tỉnh Lâm Đồng,Phường Phan Thiết
Tỉnh Bình Thuận,Thành phố Phan Thiết,Phường Mũi Né,Tỉnh Lâm Đồng,Phường Mũi Né
Tỉnh Bình Thuận,Thành phố Phan Thiết,Phường Phú Hài,Tỉnh Lâm Đồng,Phường Phú Thuỷ
Tỉnh Bình Thuận,Thành phố Phan Thiết,Phường Phú Thủy,Tỉnh Lâm Đồng,Phường Phú Thuỷ
Tỉnh Bình Thuận,Thành phố Phan Thiết,Phường Phú Trinh,Tỉnh Lâm Đồng,Phường Phan Thiết
Tỉnh Bình Thuận,Thành phố Phan Thiết,Phường Phú Tài,Tỉnh Lâm Đồng,Phường Bình Thuận
Tỉnh Bình Thuận,Thành phố Phan Thiết,Phường Thanh Hải,Tỉnh Lâm Đồng,Phường Phú Thuỷ
Tỉnh Bình Thuận,Thành phố Phan Thiết,Phường Xuân An,Tỉnh Lâm Đồng,Phường Hàm Thắng
Tỉnh Bình Thuận,Thành phố Phan Thiết,Phường Đức Long,Tỉnh Lâm Đồng,Phường Tiến Thành
Tỉnh Bình Thuận,Thành phố Phan Thiết,Xã Phong Nẫm,Tỉnh Lâm Đồng,Phường Bình Thuận
Tỉnh Bình Thuận,Thành phố Phan Thiết,Xã Thiện Nghiệp,Tỉnh Lâm Đồng,Phường Mũi Né
Tỉnh Bình Thuận,Thành phố Phan Thiết,Xã Tiến Lợi,Tỉnh Lâm Đồng,Xã Tuyên Quang
Tỉnh Bình Thuận,Thành phố Phan Thiết,Xã Tiến Thành,Tỉnh Lâm Đồng,Phường Tiến Thành
Tỉnh Bình Thuận,Thị xã La Gi,Phường Bình Tân,Tỉnh Lâm Đồng,Phường La Gi
Tỉnh Bình Thuận,Thị xã La Gi,Phường Phước Hội,Tỉnh Lâm Đồng,Phường Phước Hội
Tỉnh Bình Thuận,Thị xã La Gi,Phường Phước Lộc,Tỉnh Lâm Đồng,Phường Phước Hội
Tỉnh Bình Thuận,Thị xã La Gi,Phường Tân An,Tỉnh Lâm Đồng,Phường La Gi
Tỉnh Bình Thuận,Thị xã La Gi,Phường Tân Thiện,Tỉnh Lâm Đồng,Phường La Gi
Tỉnh Bình Thuận,Thị xã La Gi,Xã Tân Bình,Tỉnh Lâm Đồng,Phường La Gi
Tỉnh Bình Thuận,Thị xã La Gi,Xã Tân Hải,Tỉnh Lâm Đồng,Xã Tân Hải
Tỉnh Bình Thuận,Thị xã La Gi,Xã Tân Phước,Tỉnh Lâm Đồng,Phường Phước Hội
Tỉnh Bình Thuận,Thị xã La Gi,Xã Tân Tiến,Tỉnh Lâm Đồng,Xã Tân Hải
Tỉnh Bình Định,Huyện An Lão,Thị trấn An Lão,Tỉnh Gia Lai,Xã An Lão
Tỉnh Bình Định,Huyện An Lão,Xã An Dũng,Tỉnh Gia Lai,Xã An Vinh
Tỉnh Bình Định,Huyện An Lão,Xã An Hòa,Tỉnh Gia Lai,Xã An Hoà
Tỉnh Bình Định,Huyện An Lão,Xã An Hưng,Tỉnh Gia Lai,Xã An Lão
Tỉnh Bình Định,Huyện An Lão,Xã An Nghĩa,Tỉnh Gia Lai,Xã An Hoà
Tỉnh Bình Định,Huyện An Lão,Xã An Nghĩa,Tỉnh Gia Lai,Xã An Toàn
Tỉnh Bình Định,Huyện An Lão,Xã An Quang,Tỉnh Gia Lai,Xã An Hoà
Tỉnh Bình Định,Huyện An Lão,Xã An Toàn,Tỉnh Gia Lai,Xã An Toàn
Tỉnh Bình Định,Huyện An Lão,Xã An Trung,Tỉnh Gia Lai,Xã An Vinh
Tỉnh Bình Định,Huyện An Lão,Xã An Tân,Tỉnh Gia Lai,Xã An Lão
Tỉnh Bình Định,Huyện An Lão,Xã An Vinh,Tỉnh Gia Lai,Xã An Vinh
Tỉnh Bình Định,Huyện Hoài Ân,Thị trấn Tăng Bạt Hổ,Tỉnh Gia Lai,Xã Hoài Ân
Tỉnh Bình Định,Huyện Hoài Ân,Xã Bok Tới,Tỉnh Gia Lai,Xã Kim Sơn
Tỉnh Bình Định,Huyện Hoài Ân,Xã Ân Hảo Tây,Tỉnh Gia Lai,Xã Ân Hảo
Tỉnh Bình Định,Huyện Hoài Ân,Xã Ân Hảo Đông,Tỉnh Gia Lai,Xã Ân Hảo
Tỉnh Bình Định,Huyện Hoài Ân,Xã Ân Hữu,Tỉnh Gia Lai,Xã Ân Tường
Tỉnh Bình Định,Huyện Hoài Ân,Xã Ân Mỹ,Tỉnh Gia Lai,Xã Ân Hảo
Tỉnh Bình Định,Huyện Hoài Ân,Xã Ân Nghĩa,Tỉnh Gia Lai,Xã Kim Sơn
Tỉnh Bình Định,Huyện Hoài Ân,Xã Ân Phong,Tỉnh Gia Lai,Xã Hoài Ân
Tỉnh Bình Định,Huyện Hoài Ân,Xã Ân Sơn,Tỉnh Gia Lai,Xã Vạn Đức
Tỉnh Bình Định,Huyện Hoài Ân,Xã Ân Thạnh,Tỉnh Gia Lai,Xã Vạn Đức
Tỉnh Bình Định,Huyện Hoài Ân,Xã Ân Tín,Tỉnh Gia Lai,Xã Vạn Đức
Tỉnh Bình Định,Huyện Hoài Ân,Xã Ân Tường Tây,Tỉnh Gia Lai,Xã Ân Tường
Tỉnh Bình Định,Huyện Hoài Ân,Xã Ân Tường Đông,Tỉnh Gia Lai,Xã Hoài Ân
Tỉnh Bình Định,Huyện Hoài Ân,Xã Ân Đức,Tỉnh Gia Lai,Xã Hoài Ân
Tỉnh Bình Định,Huyện Hoài Ân,Xã Đak Mang,Tỉnh Gia Lai,Xã Ân Tường
Tỉnh Bình Định,Huyện Phù Cát,Thị trấn Cát Khánh,Tỉnh Gia Lai,Xã Đề Gi
Tỉnh Bình Định,Huyện Phù Cát,Thị trấn Cát Tiến,Tỉnh Gia Lai,Xã Cát Tiến
Tỉnh Bình Định,Huyện Phù Cát,Thị trấn Ngô Mây,Tỉnh Gia Lai,Xã Phù Cát
Tỉnh Bình Định,Huyện Phù Cát,Xã Cát Chánh,Tỉnh Gia Lai,Xã Ngô Mây
Tỉnh Bình Định,Huyện Phù Cát,Xã Cát Hanh,Tỉnh Gia Lai,Xã Hoà Hội
Tỉnh Bình Định,Huyện Phù Cát,Xã Cát Hiệp,Tỉnh Gia Lai,Xã Hoà Hội
Tỉnh Bình Định,Huyện Phù Cát,Xã Cát Hưng,Tỉnh Gia Lai,Xã Ngô Mây
Tỉnh Bình Định,Huyện Phù Cát,Xã Cát Hải,Tỉnh Gia Lai,Xã Cát Tiến
Tỉnh Bình Định,Huyện Phù Cát,Xã Cát Lâm,Tỉnh Gia Lai,Xã Hội Sơn
Tỉnh Bình Định,Huyện Phù Cát,Xã Cát Minh,Tỉnh Gia Lai,Xã Đề Gi
Tỉnh Bình Định,Huyện Phù Cát,Xã Cát Nhơn,Tỉnh Gia Lai,Xã Xuân An
Tỉnh Bình Định,Huyện Phù Cát,Xã Cát Sơn,Tỉnh Gia Lai,Xã Hội Sơn
Tỉnh Bình Định,Huyện Phù Cát,Xã Cát Thành,Tỉnh Gia Lai,Xã Cát Tiến
Tỉnh Bình Định,Huyện Phù Cát,Xã Cát Thắng,Tỉnh Gia Lai,Xã Ngô Mây
Tỉnh Bình Định,Huyện Phù Cát,Xã Cát Trinh,Tỉnh Gia Lai,Xã Phù Cát
Tỉnh Bình Định,Huyện Phù Cát,Xã Cát Tài,Tỉnh Gia Lai,Xã Đề Gi
Tỉnh Bình Định,Huyện Phù Cát,Xã Cát Tân,Tỉnh Gia Lai,Xã Phù Cát
Tỉnh Bình Định,Huyện Phù Cát,Xã Cát Tường,Tỉnh Gia Lai,Xã Xuân An
Tỉnh Bình Định,Huyện Phù Mỹ,Thị trấn Bình Dương,Tỉnh Gia Lai,Xã Bình Dương
Tỉnh Bình Định,Huyện Phù Mỹ,Thị trấn Phù Mỹ,Tỉnh Gia Lai,Xã Phù Mỹ
Tỉnh Bình Định,Huyện Phù Mỹ,Xã Mỹ An,Tỉnh Gia Lai,Xã Phù Mỹ Đông
Tỉnh Bình Định,Huyện Phù Mỹ,Xã Mỹ Chánh,Tỉnh Gia Lai,Xã An Lương
Tỉnh Bình Định,Huyện Phù Mỹ,Xã Mỹ Chánh Tây,Tỉnh Gia Lai,Xã Phù Mỹ
Tỉnh Bình Định,Huyện Phù Mỹ,Xã Mỹ Châu,Tỉnh Gia Lai,Xã Phù Mỹ Bắc
Tỉnh Bình Định,Huyện Phù Mỹ,Xã Mỹ Cát,Tỉnh Gia Lai,Xã An Lương
Tỉnh Bình Định,Huyện Phù Mỹ,Xã Mỹ Hiệp,Tỉnh Gia Lai,Xã Phù Mỹ Nam
Tỉnh Bình Định,Huyện Phù Mỹ,Xã Mỹ Hòa,Tỉnh Gia Lai,Xã Phù Mỹ Tây
Tỉnh Bình Định,Huyện Phù Mỹ,Xã Mỹ Lộc,Tỉnh Gia Lai,Xã Phù Mỹ Bắc
Tỉnh Bình Định,Huyện Phù Mỹ,Xã Mỹ Lợi,Tỉnh Gia Lai,Xã Bình Dương
Tỉnh Bình Định,Huyện Phù Mỹ,Xã Mỹ Phong,Tỉnh Gia Lai,Xã Bình Dương
Tỉnh Bình Định,Huyện Phù Mỹ,Xã Mỹ Quang,Tỉnh Gia Lai,Xã Phù Mỹ
Tỉnh Bình Định,Huyện Phù Mỹ,Xã Mỹ Thành,Tỉnh Gia Lai,Xã An Lương
Tỉnh Bình Định,Huyện Phù Mỹ,Xã Mỹ Thắng,Tỉnh Gia Lai,Xã Phù Mỹ Đông
Tỉnh Bình Định,Huyện Phù Mỹ,Xã Mỹ Thọ,Tỉnh Gia Lai,Xã Phù Mỹ Đông
Tỉnh Bình Định,Huyện Phù Mỹ,Xã Mỹ Trinh,Tỉnh Gia Lai,Xã Phù Mỹ Tây
Tỉnh Bình Định,Huyện Phù Mỹ,Xã Mỹ Tài,Tỉnh Gia Lai,Xã Phù Mỹ Nam
Tỉnh Bình Định,Huyện Phù Mỹ,Xã Mỹ Đức,Tỉnh Gia Lai,Xã Phù Mỹ Bắc
Tỉnh Bình Định,Huyện Tuy Phước,Thị trấn Diêu Trì,Tỉnh Gia Lai,Xã Tuy Phước
Tỉnh Bình Định,Huyện Tuy Phước,Thị trấn Tuy Phước,Tỉnh Gia Lai,Xã Tuy Phước
Tỉnh Bình Định,Huyện Tuy Phước,Xã Phước An,Tỉnh Gia Lai,Xã Tuy Phước Tây
Tỉnh Bình Định,Huyện Tuy Phước,Xã Phước Hiệp,Tỉnh Gia Lai,Xã Tuy Phước Bắc
Tỉnh Bình Định,Huyện Tuy Phước,Xã Phước Hòa,Tỉnh Gia Lai,Xã Tuy Phước Đông
Tỉnh Bình Định,Huyện Tuy Phước,Xã Phước Hưng,Tỉnh Gia Lai,Xã Tuy Phước Bắc
Tỉnh Bình Định,Huyện Tuy Phước,Xã Phước Lộc,Tỉnh Gia Lai,Xã Tuy Phước
Tỉnh Bình Định,Huyện Tuy Phước,Xã Phước Nghĩa,Tỉnh Gia Lai,Xã Tuy Phước
Tỉnh Bình Định,Huyện Tuy Phước,Xã Phước Quang,Tỉnh Gia Lai,Xã Tuy Phước Bắc
Tỉnh Bình Định,Huyện Tuy Phước,Xã Phước Sơn,Tỉnh Gia Lai,Xã Tuy Phước Đông
Tỉnh Bình Định,Huyện Tuy Phước,Xã Phước Thuận,Tỉnh Gia Lai,Xã Tuy Phước
Tỉnh Bình Định,Huyện Tuy Phước,Xã Phước Thành,Tỉnh Gia Lai,Xã Tuy Phước Tây
Tỉnh Bình Định,Huyện Tuy Phước,Xã Phước Thắng,Tỉnh Gia Lai,Xã Tuy Phước Đông
Tỉnh Bình Định,Huyện Tây Sơn,Thị trấn Phú Phong,Tỉnh Gia Lai,Xã Tây Sơn
Tỉnh Bình Định,Huyện Tây Sơn,Xã Bình Hòa,Tỉnh Gia Lai,Xã Bình An
Tỉnh Bình Định,Huyện Tây Sơn,Xã Bình Nghi,Tỉnh Gia Lai,Xã Tây Sơn
Tỉnh Bình Định,Huyện Tây Sơn,Xã Bình Thuận,Tỉnh Gia Lai,Xã Bình Hiệp
Tỉnh Bình Định,Huyện Tây Sơn,Xã Bình Thành,Tỉnh Gia Lai,Xã Bình An
Tỉnh Bình Định,Huyện Tây Sơn,Xã Bình Tân,Tỉnh Gia Lai,Xã Bình Hiệp
Tỉnh Bình Định,Huyện Tây Sơn,Xã Bình Tường,Tỉnh Gia Lai,Xã Bình Phú
Tỉnh Bình Định,Huyện Tây Sơn,Xã Tây An,Tỉnh Gia Lai,Xã Bình Hiệp
Tỉnh Bình Định,Huyện Tây Sơn,Xã Tây Bình,Tỉnh Gia Lai,Xã Bình An
Tỉnh Bình Định,Huyện Tây Sơn,Xã Tây Giang,Tỉnh Gia Lai,Xã Bình Khê
Tỉnh Bình Định,Huyện Tây Sơn,Xã Tây Phú,Tỉnh Gia Lai,Xã Bình Phú
Tỉnh Bình Định,Huyện Tây Sơn,Xã Tây Thuận,Tỉnh Gia Lai,Xã Bình Khê
Tỉnh Bình Định,Huyện Tây Sơn,Xã Tây Vinh,Tỉnh Gia Lai,Xã Bình An
Tỉnh Bình Định,Huyện Tây Sơn,Xã Tây Xuân,Tỉnh Gia Lai,Xã Tây Sơn
Tỉnh Bình Định,Huyện Tây Sơn,Xã Vĩnh An,Tỉnh Gia Lai,Xã Bình Phú
Tỉnh Bình Định,Huyện Vân Canh,Thị trấn Vân Canh,Tỉnh Gia Lai,Xã Vân Canh
Tỉnh Bình Định,Huyện Vân Canh,Xã Canh Hiển,Tỉnh Gia Lai,Xã Canh Vinh
Tỉnh Bình Định,Huyện Vân Canh,Xã Canh Hiệp,Tỉnh Gia Lai,Xã Canh Vinh
Tỉnh Bình Định,Huyện Vân Canh,Xã Canh Hiệp,Tỉnh Gia Lai,Xã Vân Canh
Tỉnh Bình Định,Huyện Vân Canh,Xã Canh Hòa,Tỉnh Gia Lai,Xã Vân Canh
Tỉnh Bình Định,Huyện Vân Canh,Xã Canh Liên,Tỉnh Gia Lai,Xã Canh Liên
Tỉnh Bình Định,Huyện Vân Canh,Xã Canh Liên,Tỉnh Gia Lai,Xã Canh Vinh
Tỉnh Bình Định,Huyện Vân Canh,Xã Canh Thuận,Tỉnh Gia Lai,Xã Vân Canh
Tỉnh Bình Định,Huyện Vân Canh,Xã Canh Vinh,Tỉnh Gia Lai,Xã Canh Vinh
Tỉnh Bình Định,Huyện Vĩnh Thạnh,Thị trấn Vĩnh Thạnh,Tỉnh Gia Lai,Xã Vĩnh Thạnh
Tỉnh Bình Định,Huyện Vĩnh Thạnh,Xã Vĩnh Hiệp,Tỉnh Gia Lai,Xã Vĩnh Thịnh
Tỉnh Bình Định,Huyện Vĩnh Thạnh,Xã Vĩnh Hòa,Tỉnh Gia Lai,Xã Vĩnh Quang
Tỉnh Bình Định,Huyện Vĩnh Thạnh,Xã Vĩnh Hảo,Tỉnh Gia Lai,Xã Vĩnh Thạnh
Tỉnh Bình Định,Huyện Vĩnh Thạnh,Xã Vĩnh Kim,Tỉnh Gia Lai,Xã Vĩnh Sơn
Tỉnh Bình Định,Huyện Vĩnh Thạnh,Xã Vĩnh Quang,Tỉnh Gia Lai,Xã Vĩnh Quang
Tỉnh Bình Định,Huyện Vĩnh Thạnh,Xã Vĩnh Sơn,Tỉnh Gia Lai,Xã Vĩnh Sơn
Tỉnh Bình Định,Huyện Vĩnh Thạnh,Xã Vĩnh Thuận,Tỉnh Gia Lai,Xã Vĩnh Quang
Tỉnh Bình Định,Huyện Vĩnh Thạnh,Xã Vĩnh Thịnh,Tỉnh Gia Lai,Xã Vĩnh Thịnh
Tỉnh Bình Định,Thành phố Quy Nhơn,Phường Bùi Thị Xuân,Tỉnh Gia Lai,Phường Quy Nhơn Tây
Tỉnh Bình Định,Thành phố Quy Nhơn,Phường Ghềnh Ráng,Tỉnh Gia Lai,Phường Quy Nhơn Nam
Tỉnh Bình Định,Thành phố Quy Nhơn,Phường Hải Cảng,Tỉnh Gia Lai,Phường Quy Nhơn
Tỉnh Bình Định,Thành phố Quy Nhơn,Phường Nguyễn Văn Cừ,Tỉnh Gia Lai,Phường Quy Nhơn Nam
Tỉnh Bình Định,Thành phố Quy Nhơn,Phường Ngô Mây,Tỉnh Gia Lai,Phường Quy Nhơn Nam
Tỉnh Bình Định,Thành phố Quy Nhơn,Phường Nhơn Bình,Tỉnh Gia Lai,Phường Quy Nhơn Đông
Tỉnh Bình Định,Thành phố Quy Nhơn,Phường Nhơn Phú,Tỉnh Gia Lai,Phường Quy Nhơn Bắc
Tỉnh Bình Định,Thành phố Quy Nhơn,Phường Quang Trung,Tỉnh Gia Lai,Phường Quy Nhơn Nam
Tỉnh Bình Định,Thành phố Quy Nhơn,Phường Thị Nại,Tỉnh Gia Lai,Phường Quy Nhơn
Tỉnh Bình Định,Thành phố Quy Nhơn,Phường Trần Phú,Tỉnh Gia Lai,Phường Quy Nhơn
Tỉnh Bình Định,Thành phố Quy Nhơn,Phường Trần Quang Diệu,Tỉnh Gia Lai,Phường Quy Nhơn Bắc
Tỉnh Bình Định,Thành phố Quy Nhơn,Phường Đống Đa,Tỉnh Gia Lai,Phường Quy Nhơn
Tỉnh Bình Định,Thành phố Quy Nhơn,Xã Nhơn Hải,Tỉnh Gia Lai,Phường Quy Nhơn Đông
Tỉnh Bình Định,Thành phố Quy Nhơn,Xã Nhơn Hội,Tỉnh Gia Lai,Phường Quy Nhơn Đông
Tỉnh Bình Định,Thành phố Quy Nhơn,Xã Nhơn Lý,Tỉnh Gia Lai,Phường Quy Nhơn Đông
Tỉnh Bình Định,Thành phố Quy Nhơn,Xã Phước Mỹ,Tỉnh Gia Lai,Phường Quy Nhơn Tây
Tỉnh Bình Định,Thị xã An Nhơn,Phường Bình Định,Tỉnh Gia Lai,Phường Bình Định
Tỉnh Bình Định,Thị xã An Nhơn,Phường Nhơn Hoà,Tỉnh Gia Lai,Phường An Nhơn Nam
Tỉnh Bình Định,Thị xã An Nhơn,Phường Nhơn Hưng,Tỉnh Gia Lai,Phường An Nhơn Đông
Tỉnh Bình Định,Thị xã An Nhơn,Phường Nhơn Thành,Tỉnh Gia Lai,Phường An Nhơn Bắc
Tỉnh Bình Định,Thị xã An Nhơn,Phường Đập Đá,Tỉnh Gia Lai,Phường An Nhơn
Tỉnh Bình Định,Thị xã An Nhơn,Xã Nhơn An,Tỉnh Gia Lai,Phường An Nhơn Đông
Tỉnh Bình Định,Thị xã An Nhơn,Xã Nhơn Hạnh,Tỉnh Gia Lai,Phường An Nhơn Bắc
Tỉnh Bình Định,Thị xã An Nhơn,Xã Nhơn Hậu,Tỉnh Gia Lai,Phường An Nhơn
Tỉnh Bình Định,Thị xã An Nhơn,Xã Nhơn Khánh,Tỉnh Gia Lai,Phường Bình Định
Tỉnh Bình Định,Thị xã An Nhơn,Xã Nhơn Lộc,Tỉnh Gia Lai,Xã An Nhơn Tây
Tỉnh Bình Định,Thị xã An Nhơn,Xã Nhơn Mỹ,Tỉnh Gia Lai,Phường An Nhơn
Tỉnh Bình Định,Thị xã An Nhơn,Xã Nhơn Phong,Tỉnh Gia Lai,Phường An Nhơn Bắc
Tỉnh Bình Định,Thị xã An Nhơn,Xã Nhơn Phúc,Tỉnh Gia Lai,Phường Bình Định
Tỉnh Bình Định,Thị xã An Nhơn,Xã Nhơn Thọ,Tỉnh Gia Lai,Phường An Nhơn Nam
Tỉnh Bình Định,Thị xã An Nhơn,Xã Nhơn Tân,Tỉnh Gia Lai,Xã An Nhơn Tây
Tỉnh Bình Định,Thị xã Hoài Nhơn,Phường Bồng Sơn,Tỉnh Gia Lai,Phường Bồng Sơn
Tỉnh Bình Định,Thị xã Hoài Nhơn,Phường Hoài Hương,Tỉnh Gia Lai,Phường Hoài Nhơn Đông
Tỉnh Bình Định,Thị xã Hoài Nhơn,Phường Hoài Hảo,Tỉnh Gia Lai,Phường Hoài Nhơn Tây
Tỉnh Bình Định,Thị xã Hoài Nhơn,Phường Hoài Thanh,Tỉnh Gia Lai,Phường Hoài Nhơn
Tỉnh Bình Định,Thị xã Hoài Nhơn,Phường Hoài Thanh Tây,Tỉnh Gia Lai,Phường Hoài Nhơn
Tỉnh Bình Định,Thị xã Hoài Nhơn,Phường Hoài Tân,Tỉnh Gia Lai,Phường Hoài Nhơn Nam
Tỉnh Bình Định,Thị xã Hoài Nhơn,Phường Hoài Xuân,Tỉnh Gia Lai,Phường Hoài Nhơn Nam
Tỉnh Bình Định,Thị xã Hoài Nhơn,Phường Hoài Đức,Tỉnh Gia Lai,Phường Bồng Sơn
Tỉnh Bình Định,Thị xã Hoài Nhơn,Phường Tam Quan,Tỉnh Gia Lai,Phường Tam Quan
Tỉnh Bình Định,Thị xã Hoài Nhơn,Phường Tam Quan Bắc,Tỉnh Gia Lai,Phường Hoài Nhơn Bắc
Tỉnh Bình Định,Thị xã Hoài Nhơn,Phường Tam Quan Nam,Tỉnh Gia Lai,Phường Hoài Nhơn
Tỉnh Bình Định,Thị xã Hoài Nhơn,Xã Hoài Châu,Tỉnh Gia Lai,Phường Tam Quan
Tỉnh Bình Định,Thị xã Hoài Nhơn,Xã Hoài Châu Bắc,Tỉnh Gia Lai,Phường Hoài Nhơn Bắc
Tỉnh Bình Định,Thị xã Hoài Nhơn,Xã Hoài Hải,Tỉnh Gia Lai,Phường Hoài Nhơn Đông
Tỉnh Bình Định,Thị xã Hoài Nhơn,Xã Hoài Mỹ,Tỉnh Gia Lai,Phường Hoài Nhơn Đông
Tỉnh Bình Định,Thị xã Hoài Nhơn,Xã Hoài Phú,Tỉnh Gia Lai,Phường Hoài Nhơn Tây
Tỉnh Bình Định,Thị xã Hoài Nhơn,Xã Hoài Sơn,Tỉnh Gia Lai,Phường Hoài Nhơn Bắc
Tỉnh Bạc Liêu,Huyện Hoà Bình,Thị trấn Hòa Bình,Tỉnh Cà Mau,Xã Hoà Bình
Tỉnh Bạc Liêu,Huyện Hoà Bình,Xã Minh Diệu,Tỉnh Cà Mau,Xã Vĩnh Mỹ
Tỉnh Bạc Liêu,Huyện Hoà Bình,Xã Vĩnh Bình,Tỉnh Cà Mau,Xã Vĩnh Mỹ
Tỉnh Bạc Liêu,Huyện Hoà Bình,Xã Vĩnh Hậu,Tỉnh Cà Mau,Xã Vĩnh Hậu
Tỉnh Bạc Liêu,Huyện Hoà Bình,Xã Vĩnh Hậu A,Tỉnh Cà Mau,Xã Vĩnh Hậu
Tỉnh Bạc Liêu,Huyện Hoà Bình,Xã Vĩnh Mỹ A,Tỉnh Cà Mau,Xã Hoà Bình
Tỉnh Bạc Liêu,Huyện Hoà Bình,Xã Vĩnh Mỹ B,Tỉnh Cà Mau,Xã Vĩnh Mỹ
Tỉnh Bạc Liêu,Huyện Hoà Bình,Xã Vĩnh Thịnh,Tỉnh Cà Mau,Xã Vĩnh Hậu
Tỉnh Bạc Liêu,Huyện Hồng Dân,Thị trấn Ngan Dừa,Tỉnh Cà Mau,Xã Hồng Dân
Tỉnh Bạc Liêu,Huyện Hồng Dân,Xã Lộc Ninh,Tỉnh Cà Mau,Xã Hồng Dân
Tỉnh Bạc Liêu,Huyện Hồng Dân,Xã Ninh Hòa,Tỉnh Cà Mau,Xã Hồng Dân
Tỉnh Bạc Liêu,Huyện Hồng Dân,Xã Ninh Quới,Tỉnh Cà Mau,Xã Ninh Quới
Tỉnh Bạc Liêu,Huyện Hồng Dân,Xã Ninh Quới A,Tỉnh Cà Mau,Xã Ninh Quới
Tỉnh Bạc Liêu,Huyện Hồng Dân,Xã Ninh Thạnh Lợi,Tỉnh Cà Mau,Xã Ninh Thạnh Lợi
Tỉnh Bạc Liêu,Huyện Hồng Dân,Xã Ninh Thạnh Lợi A,Tỉnh Cà Mau,Xã Ninh Thạnh Lợi
Tỉnh Bạc Liêu,Huyện Hồng Dân,Xã Vĩnh Lộc,Tỉnh Cà Mau,Xã Vĩnh Lộc
Tỉnh Bạc Liêu,Huyện Hồng Dân,Xã Vĩnh Lộc A,Tỉnh Cà Mau,Xã Vĩnh Lộc
Tỉnh Bạc Liêu,Huyện Phước Long,Thị trấn Phước Long,Tỉnh Cà Mau,Xã Phước Long
Tỉnh Bạc Liêu,Huyện Phước Long,Xã Hưng Phú,Tỉnh Cà Mau,Xã Vĩnh Thanh
Tỉnh Bạc Liêu,Huyện Phước Long,Xã Phong Thạnh Tây A,Tỉnh Cà Mau,Xã Phong Hiệp
Tỉnh Bạc Liêu,Huyện Phước Long,Xã Phong Thạnh Tây B,Tỉnh Cà Mau,Xã Phong Hiệp
Tỉnh Bạc Liêu,Huyện Phước Long,Xã Phước Long,Tỉnh Cà Mau,Xã Vĩnh Phước
Tỉnh Bạc Liêu,Huyện Phước Long,Xã Vĩnh Phú Tây,Tỉnh Cà Mau,Xã Vĩnh Phước
Tỉnh Bạc Liêu,Huyện Phước Long,Xã Vĩnh Phú Đông,Tỉnh Cà Mau,Xã Phước Long
Tỉnh Bạc Liêu,Huyện Phước Long,Xã Vĩnh Thanh,Tỉnh Cà Mau,Xã Vĩnh Thanh
Tỉnh Bạc Liêu,Huyện Vĩnh Lợi,Thị trấn Châu Hưng,Tỉnh Cà Mau,Xã Vĩnh Lợi
Tỉnh Bạc Liêu,Huyện Vĩnh Lợi,Xã Châu Hưng A,Tỉnh Cà Mau,Xã Vĩnh Lợi
Tỉnh Bạc Liêu,Huyện Vĩnh Lợi,Xã Châu Thới,Tỉnh Cà Mau,Xã Châu Thới
Tỉnh Bạc Liêu,Huyện Vĩnh Lợi,Xã Hưng Hội,Tỉnh Cà Mau,Xã Hưng Hội
Tỉnh Bạc Liêu,Huyện Vĩnh Lợi,Xã Hưng Thành,Tỉnh Cà Mau,Xã Hưng Hội
Tỉnh Bạc Liêu,Huyện Vĩnh Lợi,Xã Long Thạnh,Tỉnh Cà Mau,Xã Hoà Bình
Tỉnh Bạc Liêu,Huyện Vĩnh Lợi,Xã Vĩnh Hưng,Tỉnh Cà Mau,Xã Châu Thới
Tỉnh Bạc Liêu,Huyện Vĩnh Lợi,Xã Vĩnh Hưng A,Tỉnh Cà Mau,Xã Châu Thới
Tỉnh Bạc Liêu,Huyện Đông Hải,Thị trấn Gành Hào,Tỉnh Cà Mau,Xã Gành Hào
Tỉnh Bạc Liêu,Huyện Đông Hải,Xã An Phúc,Tỉnh Cà Mau,Xã Định Thành
Tỉnh Bạc Liêu,Huyện Đông Hải,Xã An Trạch,Tỉnh Cà Mau,Xã An Trạch
Tỉnh Bạc Liêu,Huyện Đông Hải,Xã An Trạch A,Tỉnh Cà Mau,Xã An Trạch
Tỉnh Bạc Liêu,Huyện Đông Hải,Xã Long Điền,Tỉnh Cà Mau,Xã Long Điền
Tỉnh Bạc Liêu,Huyện Đông Hải,Xã Long Điền Tây,Tỉnh Cà Mau,Xã Gành Hào
Tỉnh Bạc Liêu,Huyện Đông Hải,Xã Long Điền Đông,Tỉnh Cà Mau,Xã Đông Hải
Tỉnh Bạc Liêu,Huyện Đông Hải,Xã Long Điền Đông A,Tỉnh Cà Mau,Xã Đông Hải
Tỉnh Bạc Liêu,Huyện Đông Hải,Xã Điền Hải,Tỉnh Cà Mau,Xã Long Điền
Tỉnh Bạc Liêu,Huyện Đông Hải,Xã Định Thành,Tỉnh Cà Mau,Xã Định Thành
Tỉnh Bạc Liêu,Huyện Đông Hải,Xã Định Thành A,Tỉnh Cà Mau,Xã Định Thành
Tỉnh Bạc Liêu,Thành phố Bạc Liêu,Phường 1,Tỉnh Cà Mau,Phường Bạc Liêu
Tỉnh Bạc Liêu,Thành phố Bạc Liêu,Phường 2,Tỉnh Cà Mau,Phường Bạc Liêu
Tỉnh Bạc Liêu,Thành phố Bạc Liêu,Phường 3,Tỉnh Cà Mau,Phường Bạc Liêu
Tỉnh Bạc Liêu,Thành phố Bạc Liêu,Phường 5,Tỉnh Cà Mau,Phường Vĩnh Trạch
Tỉnh Bạc Liêu,Thành phố Bạc Liêu,Phường 7,Tỉnh Cà Mau,Phường Bạc Liêu
Tỉnh Bạc Liêu,Thành phố Bạc Liêu,Phường 8,Tỉnh Cà Mau,Phường Bạc Liêu
Tỉnh Bạc Liêu,Thành phố Bạc Liêu,Phường Nhà Mát,Tỉnh Cà Mau,Phường Hiệp Thành
Tỉnh Bạc Liêu,Thành phố Bạc Liêu,Xã Hiệp Thành,Tỉnh Cà Mau,Phường Hiệp Thành
Tỉnh Bạc Liêu,Thành phố Bạc Liêu,Xã Vĩnh Trạch,Tỉnh Cà Mau,Phường Vĩnh Trạch
Tỉnh Bạc Liêu,Thành phố Bạc Liêu,Xã Vĩnh Trạch Đông,Tỉnh Cà Mau,Phường Hiệp Thành
Tỉnh Bạc Liêu,Thị xã Giá Rai,Phường 1,Tỉnh Cà Mau,Phường Giá Rai
Tỉnh Bạc Liêu,Thị xã Giá Rai,Phường Hộ Phòng,Tỉnh Cà Mau,Phường Giá Rai
Tỉnh Bạc Liêu,Thị xã Giá Rai,Phường Láng Tròn,Tỉnh Cà Mau,Phường Láng Tròn
Tỉnh Bạc Liêu,Thị xã Giá Rai,Xã Phong Thạnh,Tỉnh Cà Mau,Phường Giá Rai
Tỉnh Bạc Liêu,Thị xã Giá Rai,Xã Phong Thạnh A,Tỉnh Cà Mau,Phường Giá Rai
Tỉnh Bạc Liêu,Thị xã Giá Rai,Xã Phong Thạnh Tây,Tỉnh Cà Mau,Xã Phong Thạnh
Tỉnh Bạc Liêu,Thị xã Giá Rai,Xã Phong Thạnh Đông,Tỉnh Cà Mau,Phường Láng Tròn
Tỉnh Bạc Liêu,Thị xã Giá Rai,Xã Phong Tân,Tỉnh Cà Mau,Phường Láng Tròn
Tỉnh Bạc Liêu,Thị xã Giá Rai,Xã Tân Phong,Tỉnh Cà Mau,Xã Phong Thạnh
Tỉnh Bạc Liêu,Thị xã Giá Rai,Xã Tân Thạnh,Tỉnh Cà Mau,Xã Phong Thạnh
Tỉnh Bắc Giang,Huyện Hiệp Hòa,Thị trấn Bắc Lý,Thành phố Bắc Ninh,Xã Xuân Cẩm
Tỉnh Bắc Giang,Huyện Hiệp Hòa,Thị trấn Thắng,Thành phố Bắc Ninh,Phường Hiệp Hoà
Tỉnh Bắc Giang,Huyện Hiệp Hòa,Xã Châu Minh,Thành phố Bắc Ninh,Xã Xuân Cẩm
Tỉnh Bắc Giang,Huyện Hiệp Hòa,Xã Danh Thắng,Thành phố Bắc Ninh,Phường Hiệp Hoà
Tỉnh Bắc Giang,Huyện Hiệp Hòa,Xã Hoàng Vân,Thành phố Bắc Ninh,Xã Hoàng Vân
Tỉnh Bắc Giang,Huyện Hiệp Hòa,Xã Hùng Thái,Thành phố Bắc Ninh,Xã Hợp Thịnh
Tỉnh Bắc Giang,Huyện Hiệp Hòa,Xã Hương Lâm,Thành phố Bắc Ninh,Xã Xuân Cẩm
Tỉnh Bắc Giang,Huyện Hiệp Hòa,Xã Hợp Thịnh,Thành phố Bắc Ninh,Xã Hợp Thịnh
Tỉnh Bắc Giang,Huyện Hiệp Hòa,Xã Lương Phong,Thành phố Bắc Ninh,Phường Hiệp Hoà
Tỉnh Bắc Giang,Huyện Hiệp Hòa,Xã Mai Trung,Thành phố Bắc Ninh,Xã Hợp Thịnh
Tỉnh Bắc Giang,Huyện Hiệp Hòa,Xã Mai Đình,Thành phố Bắc Ninh,Xã Xuân Cẩm
Tỉnh Bắc Giang,Huyện Hiệp Hòa,Xã Ngọc Sơn,Thành phố Bắc Ninh,Xã Hoàng Vân
Tỉnh Bắc Giang,Huyện Hiệp Hòa,Xã Sơn Thịnh,Thành phố Bắc Ninh,Xã Hợp Thịnh
Tỉnh Bắc Giang,Huyện Hiệp Hòa,Xã Thường Thắng,Thành phố Bắc Ninh,Xã Hợp Thịnh
Tỉnh Bắc Giang,Huyện Hiệp Hòa,Xã Toàn Thắng,Thành phố Bắc Ninh,Xã Hoàng Vân
Tỉnh Bắc Giang,Huyện Hiệp Hòa,Xã Xuân Cẩm,Thành phố Bắc Ninh,Xã Xuân Cẩm
Tỉnh Bắc Giang,Huyện Hiệp Hòa,Xã Đoan Bái,Thành phố Bắc Ninh,Phường Hiệp Hoà
Tỉnh Bắc Giang,Huyện Hiệp Hòa,Xã Đông Lỗ,Thành phố Bắc Ninh,Phường Hiệp Hoà
Tỉnh Bắc Giang,Huyện Hiệp Hòa,Xã Đồng Tiến,Thành phố Bắc Ninh,Xã Hoàng Vân
Tỉnh Bắc Giang,Huyện Lạng Giang,Thị trấn Kép,Thành phố Bắc Ninh,Phường Kép
Tỉnh Bắc Giang,Huyện Lạng Giang,Thị trấn Vôi,Thành phố Bắc Ninh,Phường Lạng Giang
Tỉnh Bắc Giang,Huyện Lạng Giang,Xã An Hà,Thành phố Bắc Ninh,Xã Tiên Lục
Tỉnh Bắc Giang,Huyện Lạng Giang,Xã Dương Đức,Thành phố Bắc Ninh,Xã Mỹ Thái
Tỉnh Bắc Giang,Huyện Lạng Giang,Xã Hương Lạc,Thành phố Bắc Ninh,Phường Lạng Giang
Tỉnh Bắc Giang,Huyện Lạng Giang,Xã Hương Sơn,Thành phố Bắc Ninh,Phường Kép
Tỉnh Bắc Giang,Huyện Lạng Giang,Xã Mỹ Thái,Thành phố Bắc Ninh,Xã Mỹ Thái
Tỉnh Bắc Giang,Huyện Lạng Giang,Xã Nghĩa Hòa,Thành phố Bắc Ninh,Xã Tiên Lục
Tỉnh Bắc Giang,Huyện Lạng Giang,Xã Nghĩa Hưng,Thành phố Bắc Ninh,Xã Tiên Lục
Tỉnh Bắc Giang,Huyện Lạng Giang,Xã Quang Thịnh,Thành phố Bắc Ninh,Phường Kép
Tỉnh Bắc Giang,Huyện Lạng Giang,Xã Thái Đào,Thành phố Bắc Ninh,Xã Tân Dĩnh
Tỉnh Bắc Giang,Huyện Lạng Giang,Xã Tiên Lục,Thành phố Bắc Ninh,Xã Tiên Lục
Tỉnh Bắc Giang,Huyện Lạng Giang,Xã Tân Dĩnh,Thành phố Bắc Ninh,Xã Tân Dĩnh
Tỉnh Bắc Giang,Huyện Lạng Giang,Xã Tân Hưng,Thành phố Bắc Ninh,Phường Lạng Giang
Tỉnh Bắc Giang,Huyện Lạng Giang,Xã Tân Thanh,Thành phố Bắc Ninh,Xã Mỹ Thái
Tỉnh Bắc Giang,Huyện Lạng Giang,Xã Xuân Hương,Thành phố Bắc Ninh,Xã Mỹ Thái
Tỉnh Bắc Giang,Huyện Lạng Giang,Xã Xương Lâm,Thành phố Bắc Ninh,Phường Lạng Giang
Tỉnh Bắc Giang,Huyện Lạng Giang,Xã Đào Mỹ,Thành phố Bắc Ninh,Xã Tiên Lục
Tỉnh Bắc Giang,Huyện Lạng Giang,Xã Đại Lâm,Thành phố Bắc Ninh,Xã Tân Dĩnh
Tỉnh Bắc Giang,Huyện Lục Nam,Thị trấn Phương Sơn,Thành phố Bắc Ninh,Phường Lục Nam
Tỉnh Bắc Giang,Huyện Lục Nam,Thị trấn Đồi Ngô,Thành phố Bắc Ninh,Phường Lục Nam
Tỉnh Bắc Giang,Huyện Lục Nam,Xã Bình Sơn,Thành phố Bắc Ninh,Xã Lục Sơn
Tỉnh Bắc Giang,Huyện Lục Nam,Xã Bảo Sơn,Thành phố Bắc Ninh,Xã Bảo Đài
Tỉnh Bắc Giang,Huyện Lục Nam,Xã Bảo Đài,Thành phố Bắc Ninh,Xã Bảo Đài
Tỉnh Bắc Giang,Huyện Lục Nam,Xã Bắc Lũng,Thành phố Bắc Ninh,Xã Bắc Lũng
Tỉnh Bắc Giang,Huyện Lục Nam,Xã Chu Điện,Thành phố Bắc Ninh,Phường Lục Nam
Tỉnh Bắc Giang,Huyện Lục Nam,Xã Cương Sơn,Thành phố Bắc Ninh,Phường Lục Nam
Tỉnh Bắc Giang,Huyện Lục Nam,Xã Cẩm Lý,Thành phố Bắc Ninh,Xã Cẩm Lý
Tỉnh Bắc Giang,Huyện Lục Nam,Xã Huyền Sơn,Thành phố Bắc Ninh,Xã Nghĩa Phương
Tỉnh Bắc Giang,Huyện Lục Nam,Xã Khám Lạng,Thành phố Bắc Ninh,Xã Bắc Lũng
Tỉnh Bắc Giang,Huyện Lục Nam,Xã Lan Mẫu,Thành phố Bắc Ninh,Xã Bắc Lũng
Tỉnh Bắc Giang,Huyện Lục Nam,Xã Lục Sơn,Thành phố Bắc Ninh,Xã Lục Sơn
Tỉnh Bắc Giang,Huyện Lục Nam,Xã Nghĩa Phương,Thành phố Bắc Ninh,Xã Nghĩa Phương
Tỉnh Bắc Giang,Huyện Lục Nam,Xã Tam Dị,Thành phố Bắc Ninh,Xã Bảo Đài
Tỉnh Bắc Giang,Huyện Lục Nam,Xã Thanh Lâm,Thành phố Bắc Ninh,Xã Bảo Đài
Tỉnh Bắc Giang,Huyện Lục Nam,Xã Tiên Nha,Thành phố Bắc Ninh,Phường Lục Nam
Tỉnh Bắc Giang,Huyện Lục Nam,Xã Trường Giang,Thành phố Bắc Ninh,Xã Nghĩa Phương
Tỉnh Bắc Giang,Huyện Lục Nam,Xã Trường Sơn,Thành phố Bắc Ninh,Xã Trường Sơn
Tỉnh Bắc Giang,Huyện Lục Nam,Xã Vô Tranh,Thành phố Bắc Ninh,Xã Trường Sơn
Tỉnh Bắc Giang,Huyện Lục Nam,Xã Yên Sơn,Thành phố Bắc Ninh,Xã Bắc Lũng
Tỉnh Bắc Giang,Huyện Lục Nam,Xã Đan Hội,Thành phố Bắc Ninh,Xã Cẩm Lý
Tỉnh Bắc Giang,Huyện Lục Nam,Xã Đông Hưng,Thành phố Bắc Ninh,Xã Đông Phú
Tỉnh Bắc Giang,Huyện Lục Nam,Xã Đông Phú,Thành phố Bắc Ninh,Xã Đông Phú
Tỉnh Bắc Giang,Huyện Lục Ngạn,Thị trấn Biển Động,Thành phố Bắc Ninh,Xã Biển Động
Tỉnh Bắc Giang,Huyện Lục Ngạn,Thị trấn Phì Điền,Thành phố Bắc Ninh,Xã Lục Ngạn
Tỉnh Bắc Giang,Huyện Lục Ngạn,Xã Biên Sơn,Thành phố Bắc Ninh,Xã Biên Sơn
Tỉnh Bắc Giang,Huyện Lục Ngạn,Xã Cấm Sơn,Thành phố Bắc Ninh,Xã Tân Sơn
Tỉnh Bắc Giang,Huyện Lục Ngạn,Xã Giáp Sơn,Thành phố Bắc Ninh,Xã Lục Ngạn
Tỉnh Bắc Giang,Huyện Lục Ngạn,Xã Hộ Đáp,Thành phố Bắc Ninh,Xã Sơn Hải
Tỉnh Bắc Giang,Huyện Lục Ngạn,Xã Kim Sơn,Thành phố Bắc Ninh,Xã Biển Động
Tỉnh Bắc Giang,Huyện Lục Ngạn,Xã Phong Minh,Thành phố Bắc Ninh,Xã Sa Lý
Tỉnh Bắc Giang,Huyện Lục Ngạn,Xã Phong Vân,Thành phố Bắc Ninh,Xã Biên Sơn
Tỉnh Bắc Giang,Huyện Lục Ngạn,Xã Phú Nhuận,Thành phố Bắc Ninh,Xã Biển Động
Tỉnh Bắc Giang,Huyện Lục Ngạn,Xã Sa Lý,Thành phố Bắc Ninh,Xã Sa Lý
Tỉnh Bắc Giang,Huyện Lục Ngạn,Xã Sơn Hải,Thành phố Bắc Ninh,Xã Sơn Hải
Tỉnh Bắc Giang,Huyện Lục Ngạn,Xã Tân Hoa,Thành phố Bắc Ninh,Xã Lục Ngạn
Tỉnh Bắc Giang,Huyện Lục Ngạn,Xã Tân Lập,Thành phố Bắc Ninh,Xã Đèo Gia
Tỉnh Bắc Giang,Huyện Lục Ngạn,Xã Tân Mộc,Thành phố Bắc Ninh,Xã Nam Dương
Tỉnh Bắc Giang,Huyện Lục Ngạn,Xã Tân Quang,Thành phố Bắc Ninh,Xã Lục Ngạn
Tỉnh Bắc Giang,Huyện Lục Ngạn,Xã Tân Sơn,Thành phố Bắc Ninh,Xã Tân Sơn
Tỉnh Bắc Giang,Huyện Lục Ngạn,Xã Đèo Gia,Thành phố Bắc Ninh,Xã Đèo Gia
Tỉnh Bắc Giang,Huyện Lục Ngạn,Xã Đồng Cốc,Thành phố Bắc Ninh,Xã Lục Ngạn
Tỉnh Bắc Giang,Huyện Sơn Động,Thị trấn An Châu,Thành phố Bắc Ninh,Xã Sơn Động
Tỉnh Bắc Giang,Huyện Sơn Động,Thị trấn Tây Yên Tử,Thành phố Bắc Ninh,Xã Tây Yên Tử
Tỉnh Bắc Giang,Huyện Sơn Động,Xã An Bá,Thành phố Bắc Ninh,Xã Sơn Động
Tỉnh Bắc Giang,Huyện Sơn Động,Xã An Lạc,Thành phố Bắc Ninh,Xã An Lạc
Tỉnh Bắc Giang,Huyện Sơn Động,Xã Cẩm Đàn,Thành phố Bắc Ninh,Xã Yên Định
Tỉnh Bắc Giang,Huyện Sơn Động,Xã Dương Hưu,Thành phố Bắc Ninh,Xã Dương Hưu
Tỉnh Bắc Giang,Huyện Sơn Động,Xã Giáo Liêm,Thành phố Bắc Ninh,Xã Đại Sơn
Tỉnh Bắc Giang,Huyện Sơn Động,Xã Hữu Sản,Thành phố Bắc Ninh,Xã Vân Sơn
Tỉnh Bắc Giang,Huyện Sơn Động,Xã Long Sơn,Thành phố Bắc Ninh,Xã Dương Hưu
Tỉnh Bắc Giang,Huyện Sơn Động,Xã Lệ Viễn,Thành phố Bắc Ninh,Xã An Lạc
Tỉnh Bắc Giang,Huyện Sơn Động,Xã Phúc Sơn,Thành phố Bắc Ninh,Xã Đại Sơn
Tỉnh Bắc Giang,Huyện Sơn Động,Xã Thanh Luận,Thành phố Bắc Ninh,Xã Tây Yên Tử
Tỉnh Bắc Giang,Huyện Sơn Động,Xã Vân Sơn,Thành phố Bắc Ninh,Xã Vân Sơn
Tỉnh Bắc Giang,Huyện Sơn Động,Xã Vĩnh An,Thành phố Bắc Ninh,Xã Sơn Động
Tỉnh Bắc Giang,Huyện Sơn Động,Xã Yên Định,Thành phố Bắc Ninh,Xã Yên Định
Tỉnh Bắc Giang,Huyện Sơn Động,Xã Đại Sơn,Thành phố Bắc Ninh,Xã Đại Sơn
Tỉnh Bắc Giang,Huyện Tân Yên,Thị trấn Cao Thượng,Thành phố Bắc Ninh,Xã Tân Yên
Tỉnh Bắc Giang,Huyện Tân Yên,Thị trấn Nhã Nam,Thành phố Bắc Ninh,Xã Nhã Nam
Tỉnh Bắc Giang,Huyện Tân Yên,Xã An Dương,Thành phố Bắc Ninh,Xã Nhã Nam
Tỉnh Bắc Giang,Huyện Tân Yên,Xã Cao Xá,Thành phố Bắc Ninh,Xã Tân Yên
Tỉnh Bắc Giang,Huyện Tân Yên,Xã Hợp Đức,Thành phố Bắc Ninh,Xã Phúc Hoà
Tỉnh Bắc Giang,Huyện Tân Yên,Xã Lam Sơn,Thành phố Bắc Ninh,Xã Quang Trung
Tỉnh Bắc Giang,Huyện Tân Yên,Xã Liên Chung,Thành phố Bắc Ninh,Xã Phúc Hoà
Tỉnh Bắc Giang,Huyện Tân Yên,Xã Liên Sơn,Thành phố Bắc Ninh,Xã Nhã Nam
Tỉnh Bắc Giang,Huyện Tân Yên,Xã Ngọc Châu,Thành phố Bắc Ninh,Xã Ngọc Thiện
Tỉnh Bắc Giang,Huyện Tân Yên,Xã Ngọc Lý,Thành phố Bắc Ninh,Xã Tân Yên
Tỉnh Bắc Giang,Huyện Tân Yên,Xã Ngọc Thiện,Thành phố Bắc Ninh,Xã Ngọc Thiện
Tỉnh Bắc Giang,Huyện Tân Yên,Xã Ngọc Vân,Thành phố Bắc Ninh,Xã Ngọc Thiện
Tỉnh Bắc Giang,Huyện Tân Yên,Xã Phúc Hòa,Thành phố Bắc Ninh,Xã Phúc Hoà
Tỉnh Bắc Giang,Huyện Tân Yên,Xã Quang Trung,Thành phố Bắc Ninh,Xã Quang Trung
Tỉnh Bắc Giang,Huyện Tân Yên,Xã Quế Nham,Thành phố Bắc Ninh,Phường Đa Mai
Tỉnh Bắc Giang,Huyện Tân Yên,Xã Song Vân,Thành phố Bắc Ninh,Xã Ngọc Thiện
Tỉnh Bắc Giang,Huyện Tân Yên,Xã Tân Trung,Thành phố Bắc Ninh,Xã Nhã Nam
Tỉnh Bắc Giang,Huyện Tân Yên,Xã Việt Lập,Thành phố Bắc Ninh,Xã Tân Yên
Tỉnh Bắc Giang,Huyện Tân Yên,Xã Việt Ngọc,Thành phố Bắc Ninh,Xã Ngọc Thiện
Tỉnh Bắc Giang,Huyện Yên Thế,Thị trấn Bố Hạ,Thành phố Bắc Ninh,Phường Bố Hạ
Tỉnh Bắc Giang,Huyện Yên Thế,Thị trấn Phồn Xương,Thành phố Bắc Ninh,Xã Yên Thế
Tỉnh Bắc Giang,Huyện Yên Thế,Xã An Thượng,Thành phố Bắc Ninh,Xã Tam Tiến
Tỉnh Bắc Giang,Huyện Yên Thế,Xã Canh Nậu,Thành phố Bắc Ninh,Xã Xuân Lương
Tỉnh Bắc Giang,Huyện Yên Thế,Xã Hương Vĩ,Thành phố Bắc Ninh,Phường Bố Hạ
Tỉnh Bắc Giang,Huyện Yên Thế,Xã Tam Tiến,Thành phố Bắc Ninh,Xã Tam Tiến
Tỉnh Bắc Giang,Huyện Yên Thế,Xã Tiến Thắng,Thành phố Bắc Ninh,Xã Tam Tiến
Tỉnh Bắc Giang,Huyện Yên Thế,Xã Tân Hiệp,Thành phố Bắc Ninh,Xã Yên Thế
Tỉnh Bắc Giang,Huyện Yên Thế,Xã Tân Sỏi,Thành phố Bắc Ninh,Xã Yên Thế
Tỉnh Bắc Giang,Huyện Yên Thế,Xã Xuân Lương,Thành phố Bắc Ninh,Xã Xuân Lương
Tỉnh Bắc Giang,Huyện Yên Thế,Xã Đông Sơn,Thành phố Bắc Ninh,Phường Bố Hạ
Tỉnh Bắc Giang,Huyện Yên Thế,Xã Đồng Hưu,Thành phố Bắc Ninh,Xã Đồng Kỳ
Tỉnh Bắc Giang,Huyện Yên Thế,Xã Đồng Kỳ,Thành phố Bắc Ninh,Xã Đồng Kỳ
Tỉnh Bắc Giang,Huyện Yên Thế,Xã Đồng Lạc,Thành phố Bắc Ninh,Xã Yên Thế
Tỉnh Bắc Giang,Huyện Yên Thế,Xã Đồng Tiến,Thành phố Bắc Ninh,Xã Xuân Lương
Tỉnh Bắc Giang,Huyện Yên Thế,Xã Đồng Tâm,Thành phố Bắc Ninh,Xã Yên Thế
Tỉnh Bắc Giang,Huyện Yên Thế,Xã Đồng Vương,Thành phố Bắc Ninh,Xã Đồng Kỳ
Tỉnh Bắc Giang,Thành phố Bắc Giang,Phường Cảnh Thụy,Thành phố Bắc Ninh,Phường Cảnh Thuỵ
Tỉnh Bắc Giang,Thành phố Bắc Giang,Phường Dĩnh Kế,Thành phố Bắc Ninh,Phường Bắc Giang
Tỉnh Bắc Giang,Thành phố Bắc Giang,Phường Dĩnh Trì,Thành phố Bắc Ninh,Phường Bắc Giang
Tỉnh Bắc Giang,Thành phố Bắc Giang,Phường Hoàng Văn Thụ,Thành phố Bắc Ninh,Phường Bắc Giang
Tỉnh Bắc Giang,Thành phố Bắc Giang,Phường Hương Gián,Thành phố Bắc Ninh,Phường Tân Tiến
Tỉnh Bắc Giang,Thành phố Bắc Giang,Phường Mỹ Độ,Thành phố Bắc Ninh,Phường Đa Mai
Tỉnh Bắc Giang,Thành phố Bắc Giang,Phường Ngô Quyền,Thành phố Bắc Ninh,Phường Bắc Giang
Tỉnh Bắc Giang,Thành phố Bắc Giang,Phường Nham Biền,Thành phố Bắc Ninh,Phường Yên Dũng
Tỉnh Bắc Giang,Thành phố Bắc Giang,Phường Nội Hoàng,Thành phố Bắc Ninh,Phường Tiền Phong
Tỉnh Bắc Giang,Thành phố Bắc Giang,Phường Song Khê,Thành phố Bắc Ninh,Phường Tiền Phong
Tỉnh Bắc Giang,Thành phố Bắc Giang,Phường Song Mai,Thành phố Bắc Ninh,Phường Đa Mai
Tỉnh Bắc Giang,Thành phố Bắc Giang,Phường Thọ Xương,Thành phố Bắc Ninh,Phường Bắc Giang
Tỉnh Bắc Giang,Thành phố Bắc Giang,Phường Tiền Phong,Thành phố Bắc Ninh,Phường Tiền Phong
Tỉnh Bắc Giang,Thành phố Bắc Giang,Phường Trần Phú,Thành phố Bắc Ninh,Phường Bắc Giang
Tỉnh Bắc Giang,Thành phố Bắc Giang,Phường Tân An,Thành phố Bắc Ninh,Phường Tân An
Tỉnh Bắc Giang,Thành phố Bắc Giang,Phường Tân Liễu,Thành phố Bắc Ninh,Phường Yên Dũng
Tỉnh Bắc Giang,Thành phố Bắc Giang,Phường Tân Mỹ,Thành phố Bắc Ninh,Phường Đa Mai
Tỉnh Bắc Giang,Thành phố Bắc Giang,Phường Tân Tiến,Thành phố Bắc Ninh,Phường Tân Tiến
Tỉnh Bắc Giang,Thành phố Bắc Giang,Phường Xương Giang,Thành phố Bắc Ninh,Phường Bắc Giang
Tỉnh Bắc Giang,Thành phố Bắc Giang,Phường Đa Mai,Thành phố Bắc Ninh,Phường Đa Mai
Tỉnh Bắc Giang,Thành phố Bắc Giang,Phường Đồng Sơn,Thành phố Bắc Ninh,Phường Tiền Phong
Tỉnh Bắc Giang,Thành phố Bắc Giang,Xã Lãng Sơn,Thành phố Bắc Ninh,Phường Tân An
Tỉnh Bắc Giang,Thành phố Bắc Giang,Xã Quỳnh Sơn,Thành phố Bắc Ninh,Phường Tân An
Tỉnh Bắc Giang,Thành phố Bắc Giang,Xã Tiến Dũng,Thành phố Bắc Ninh,Phường Cảnh Thuỵ
Tỉnh Bắc Giang,Thành phố Bắc Giang,Xã Trí Yên,Thành phố Bắc Ninh,Phường Tân An
Tỉnh Bắc Giang,Thành phố Bắc Giang,Xã Tư Mại,Thành phố Bắc Ninh,Phường Cảnh Thuỵ
Tỉnh Bắc Giang,Thành phố Bắc Giang,Xã Xuân Phú,Thành phố Bắc Ninh,Phường Tân Tiến
Tỉnh Bắc Giang,Thành phố Bắc Giang,Xã Yên Lư,Thành phố Bắc Ninh,Phường Yên Dũng
Tỉnh Bắc Giang,Thành phố Bắc Giang,Xã Đồng Phúc,Thành phố Bắc Ninh,Xã Đồng Việt
Tỉnh Bắc Giang,Thành phố Bắc Giang,Xã Đồng Việt,Thành phố Bắc Ninh,Xã Đồng Việt
Tỉnh Bắc Giang,Thành phố Bắc Giang,Xã Đức Giang,Thành phố Bắc Ninh,Xã Đồng Việt
Tỉnh Bắc Giang,Thị xã Chũ,Phường Chũ,Thành phố Bắc Ninh,Phường Chũ
Tỉnh Bắc Giang,Thị xã Chũ,Phường Hồng Giang,Thành phố Bắc Ninh,Phường Chũ
Tỉnh Bắc Giang,Thị xã Chũ,Phường Phượng Sơn,Thành phố Bắc Ninh,Phường Phượng Sơn
Tỉnh Bắc Giang,Thị xã Chũ,Phường Thanh Hải,Thành phố Bắc Ninh,Phường Chũ
Tỉnh Bắc Giang,Thị xã Chũ,Phường Trù Hựu,Thành phố Bắc Ninh,Phường Chũ
Tỉnh Bắc Giang,Thị xã Chũ,Xã Kiên Lao,Thành phố Bắc Ninh,Xã Kiên Lao
Tỉnh Bắc Giang,Thị xã Chũ,Xã Kiên Thành,Thành phố Bắc Ninh,Xã Kiên Lao
Tỉnh Bắc Giang,Thị xã Chũ,Xã Mỹ An,Thành phố Bắc Ninh,Phường Phượng Sơn
Tỉnh Bắc Giang,Thị xã Chũ,Xã Nam Dương,Thành phố Bắc Ninh,Xã Nam Dương
Tỉnh Bắc Giang,Thị xã Chũ,Xã Quý Sơn,Thành phố Bắc Ninh,Phường Phượng Sơn
Tỉnh Bắc Giang,Thị xã Việt Yên,Phường Bích Động,Thành phố Bắc Ninh,Phường Việt Yên
Tỉnh Bắc Giang,Thị xã Việt Yên,Phường Hồng Thái,Thành phố Bắc Ninh,Phường Việt Yên
Tỉnh Bắc Giang,Thị xã Việt Yên,Phường Ninh Sơn,Thành phố Bắc Ninh,Phường Vân Hà
Tỉnh Bắc Giang,Thị xã Việt Yên,Phường Nếnh,Thành phố Bắc Ninh,Phường Nếnh
Tỉnh Bắc Giang,Thị xã Việt Yên,Phường Quang Châu,Thành phố Bắc Ninh,Phường Nếnh
Tỉnh Bắc Giang,Thị xã Việt Yên,Phường Quảng Minh,Thành phố Bắc Ninh,Phường Vân Hà
Tỉnh Bắc Giang,Thị xã Việt Yên,Phường Tăng Tiến,Thành phố Bắc Ninh,Phường Nếnh
Tỉnh Bắc Giang,Thị xã Việt Yên,Phường Tự Lạn,Thành phố Bắc Ninh,Phường Tự Lạn
Tỉnh Bắc Giang,Thị xã Việt Yên,Phường Vân Trung,Thành phố Bắc Ninh,Phường Nếnh
Tỉnh Bắc Giang,Thị xã Việt Yên,Xã Hương Mai,Thành phố Bắc Ninh,Phường Tự Lạn
Tỉnh Bắc Giang,Thị xã Việt Yên,Xã Minh Đức,Thành phố Bắc Ninh,Phường Việt Yên
Tỉnh Bắc Giang,Thị xã Việt Yên,Xã Nghĩa Trung,Thành phố Bắc Ninh,Phường Việt Yên
Tỉnh Bắc Giang,Thị xã Việt Yên,Xã Thượng Lan,Thành phố Bắc Ninh,Phường Tự Lạn
Tỉnh Bắc Giang,Thị xã Việt Yên,Xã Tiên Sơn,Thành phố Bắc Ninh,Phường Vân Hà
Tỉnh Bắc Giang,Thị xã Việt Yên,Xã Trung Sơn,Thành phố Bắc Ninh,Phường Vân Hà
Tỉnh Bắc Giang,Thị xã Việt Yên,Xã Việt Tiến,Thành phố Bắc Ninh,Phường Tự Lạn
Tỉnh Bắc Giang,Thị xã Việt Yên,Xã Vân Hà,Thành phố Bắc Ninh,Phường Vân Hà
Tỉnh Bắc Kạn,Huyện Ba Bể,Thị trấn Chợ Rã,Tỉnh Thái Nguyên,Xã Chợ Rã
Tỉnh Bắc Kạn,Huyện Ba Bể,Xã Bành Trạch,Tỉnh Thái Nguyên,Xã Phúc Lộc
Tỉnh Bắc Kạn,Huyện Ba Bể,Xã Cao Thượng,Tỉnh Thái Nguyên,Xã Ba Bể
Tỉnh Bắc Kạn,Huyện Ba Bể,Xã Chu Hương,Tỉnh Thái Nguyên,Xã Thượng Minh
Tỉnh Bắc Kạn,Huyện Ba Bể,Xã Hoàng Trĩ,Tỉnh Thái Nguyên,Xã Đồng Phúc
Tỉnh Bắc Kạn,Huyện Ba Bể,Xã Hà Hiệu,Tỉnh Thái Nguyên,Xã Phúc Lộc
Tỉnh Bắc Kạn,Huyện Ba Bể,Xã Khang Ninh,Tỉnh Thái Nguyên,Xã Ba Bể
Tỉnh Bắc Kạn,Huyện Ba Bể,Xã Mỹ Phương,Tỉnh Thái Nguyên,Xã Thượng Minh
Tỉnh Bắc Kạn,Huyện Ba Bể,Xã Nam Mẫu,Tỉnh Thái Nguyên,Xã Ba Bể
Tỉnh Bắc Kạn,Huyện Ba Bể,Xã Phúc Lộc,Tỉnh Thái Nguyên,Xã Phúc Lộc
Tỉnh Bắc Kạn,Huyện Ba Bể,Xã Quảng Khê,Tỉnh Thái Nguyên,Xã Đồng Phúc
Tỉnh Bắc Kạn,Huyện Ba Bể,Xã Thượng Giáo,Tỉnh Thái Nguyên,Xã Chợ Rã
Tỉnh Bắc Kạn,Huyện Ba Bể,Xã Yến Dương,Tỉnh Thái Nguyên,Xã Thượng Minh
Tỉnh Bắc Kạn,Huyện Ba Bể,Xã Địa Linh,Tỉnh Thái Nguyên,Xã Chợ Rã
Tỉnh Bắc Kạn,Huyện Ba Bể,Xã Đồng Phúc,Tỉnh Thái Nguyên,Xã Đồng Phúc
Tỉnh Bắc Kạn,Huyện Bạch Thông,Thị trấn Phủ Thông,Tỉnh Thái Nguyên,Xã Phủ Thông
Tỉnh Bắc Kạn,Huyện Bạch Thông,Xã Cao Sơn,Tỉnh Thái Nguyên,Xã Vĩnh Thông
Tỉnh Bắc Kạn,Huyện Bạch Thông,Xã Cẩm Giàng,Tỉnh Thái Nguyên,Xã Cẩm Giàng
Tỉnh Bắc Kạn,Huyện Bạch Thông,Xã Dương Phong,Tỉnh Thái Nguyên,Xã Bạch Thông
Tỉnh Bắc Kạn,Huyện Bạch Thông,Xã Lục Bình,Tỉnh Thái Nguyên,Xã Phủ Thông
Tỉnh Bắc Kạn,Huyện Bạch Thông,Xã Mỹ Thanh,Tỉnh Thái Nguyên,Xã Cẩm Giàng
Tỉnh Bắc Kạn,Huyện Bạch Thông,Xã Nguyên Phúc,Tỉnh Thái Nguyên,Xã Cẩm Giàng
Tỉnh Bắc Kạn,Huyện Bạch Thông,Xã Quang Thuận,Tỉnh Thái Nguyên,Xã Bạch Thông
Tỉnh Bắc Kạn,Huyện Bạch Thông,Xã Quân Hà,Tỉnh Thái Nguyên,Xã Cẩm Giàng
Tỉnh Bắc Kạn,Huyện Bạch Thông,Xã Tân Tú,Tỉnh Thái Nguyên,Xã Phủ Thông
Tỉnh Bắc Kạn,Huyện Bạch Thông,Xã Vi Hương,Tỉnh Thái Nguyên,Xã Phủ Thông
Tỉnh Bắc Kạn,Huyện Bạch Thông,Xã Vũ Muộn,Tỉnh Thái Nguyên,Xã Vĩnh Thông
Tỉnh Bắc Kạn,Huyện Bạch Thông,Xã Đôn Phong,Tỉnh Thái Nguyên,Xã Phong Quang
Tỉnh Bắc Kạn,Huyện Chợ Mới,Thị trấn Đồng Tâm,Tỉnh Thái Nguyên,Xã Chợ Mới
Tỉnh Bắc Kạn,Huyện Chợ Mới,Xã Bình Văn,Tỉnh Thái Nguyên,Xã Yên Bình
Tỉnh Bắc Kạn,Huyện Chợ Mới,Xã Cao Kỳ,Tỉnh Thái Nguyên,Xã Tân Kỳ
Tỉnh Bắc Kạn,Huyện Chợ Mới,Xã Hoà Mục,Tỉnh Thái Nguyên,Xã Tân Kỳ
Tỉnh Bắc Kạn,Huyện Chợ Mới,Xã Mai Lạp,Tỉnh Thái Nguyên,Xã Thanh Mai
Tỉnh Bắc Kạn,Huyện Chợ Mới,Xã Như Cố,Tỉnh Thái Nguyên,Xã Chợ Mới
Tỉnh Bắc Kạn,Huyện Chợ Mới,Xã Nông Hạ,Tỉnh Thái Nguyên,Xã Thanh Thịnh
Tỉnh Bắc Kạn,Huyện Chợ Mới,Xã Quảng Chu,Tỉnh Thái Nguyên,Xã Chợ Mới
Tỉnh Bắc Kạn,Huyện Chợ Mới,Xã Thanh Mai,Tỉnh Thái Nguyên,Xã Thanh Mai
Tỉnh Bắc Kạn,Huyện Chợ Mới,Xã Thanh Thịnh,Tỉnh Thái Nguyên,Xã Thanh Thịnh
Tỉnh Bắc Kạn,Huyện Chợ Mới,Xã Thanh Vận,Tỉnh Thái Nguyên,Xã Thanh Mai
Tỉnh Bắc Kạn,Huyện Chợ Mới,Xã Tân Sơn,Tỉnh Thái Nguyên,Xã Tân Kỳ
Tỉnh Bắc Kạn,Huyện Chợ Mới,Xã Yên Cư,Tỉnh Thái Nguyên,Xã Yên Bình
Tỉnh Bắc Kạn,Huyện Chợ Mới,Xã Yên Hân,Tỉnh Thái Nguyên,Xã Yên Bình
Tỉnh Bắc Kạn,Huyện Chợ Đồn,Thị trấn Bằng Lũng,Tỉnh Thái Nguyên,Xã Chợ Đồn
Tỉnh Bắc Kạn,Huyện Chợ Đồn,Xã Bình Trung,Tỉnh Thái Nguyên,Xã Nghĩa Tá
Tỉnh Bắc Kạn,Huyện Chợ Đồn,Xã Bản Thi,Tỉnh Thái Nguyên,Xã Yên Thịnh
Tỉnh Bắc Kạn,Huyện Chợ Đồn,Xã Bằng Lãng,Tỉnh Thái Nguyên,Xã Chợ Đồn
Tỉnh Bắc Kạn,Huyện Chợ Đồn,Xã Bằng Phúc,Tỉnh Thái Nguyên,Xã Đồng Phúc
Tỉnh Bắc Kạn,Huyện Chợ Đồn,Xã Lương Bằng,Tỉnh Thái Nguyên,Xã Nghĩa Tá
Tỉnh Bắc Kạn,Huyện Chợ Đồn,Xã Nam Cường,Tỉnh Thái Nguyên,Xã Nam Cường
Tỉnh Bắc Kạn,Huyện Chợ Đồn,Xã Nghĩa Tá,Tỉnh Thái Nguyên,Xã Nghĩa Tá
Tỉnh Bắc Kạn,Huyện Chợ Đồn,Xã Ngọc Phái,Tỉnh Thái Nguyên,Xã Chợ Đồn
Tỉnh Bắc Kạn,Huyện Chợ Đồn,Xã Phương Viên,Tỉnh Thái Nguyên,Xã Chợ Đồn
Tỉnh Bắc Kạn,Huyện Chợ Đồn,Xã Quảng Bạch,Tỉnh Thái Nguyên,Xã Quảng Bạch
Tỉnh Bắc Kạn,Huyện Chợ Đồn,Xã Tân Lập,Tỉnh Thái Nguyên,Xã Quảng Bạch
Tỉnh Bắc Kạn,Huyện Chợ Đồn,Xã Xuân Lạc,Tỉnh Thái Nguyên,Xã Nam Cường
Tỉnh Bắc Kạn,Huyện Chợ Đồn,Xã Yên Mỹ,Tỉnh Thái Nguyên,Xã Yên Phong
Tỉnh Bắc Kạn,Huyện Chợ Đồn,Xã Yên Phong,Tỉnh Thái Nguyên,Xã Yên Phong
Tỉnh Bắc Kạn,Huyện Chợ Đồn,Xã Yên Thượng,Tỉnh Thái Nguyên,Xã Yên Thịnh
Tỉnh Bắc Kạn,Huyện Chợ Đồn,Xã Yên Thịnh,Tỉnh Thái Nguyên,Xã Yên Thịnh
Tỉnh Bắc Kạn,Huyện Chợ Đồn,Xã Đại Sảo,Tỉnh Thái Nguyên,Xã Yên Phong
Tỉnh Bắc Kạn,Huyện Chợ Đồn,Xã Đồng Lạc,Tỉnh Thái Nguyên,Xã Nam Cường
Tỉnh Bắc Kạn,Huyện Chợ Đồn,Xã Đồng Thắng,Tỉnh Thái Nguyên,Xã Bạch Thông
Tỉnh Bắc Kạn,Huyện Na Rì,Thị trấn Yến Lạc,Tỉnh Thái Nguyên,Xã Na Rì
Tỉnh Bắc Kạn,Huyện Na Rì,Xã Côn Minh,Tỉnh Thái Nguyên,Xã Côn Minh
Tỉnh Bắc Kạn,Huyện Na Rì,Xã Cư Lễ,Tỉnh Thái Nguyên,Xã Trần Phú
Tỉnh Bắc Kạn,Huyện Na Rì,Xã Cường Lợi,Tỉnh Thái Nguyên,Xã Cường Lợi
Tỉnh Bắc Kạn,Huyện Na Rì,Xã Dương Sơn,Tỉnh Thái Nguyên,Xã Côn Minh
Tỉnh Bắc Kạn,Huyện Na Rì,Xã Kim Hỷ,Tỉnh Thái Nguyên,Xã Văn Lang
Tỉnh Bắc Kạn,Huyện Na Rì,Xã Kim Lư,Tỉnh Thái Nguyên,Xã Na Rì
Tỉnh Bắc Kạn,Huyện Na Rì,Xã Liêm Thuỷ,Tỉnh Thái Nguyên,Xã Xuân Dương
Tỉnh Bắc Kạn,Huyện Na Rì,Xã Lương Thượng,Tỉnh Thái Nguyên,Xã Văn Lang
Tỉnh Bắc Kạn,Huyện Na Rì,Xã Quang Phong,Tỉnh Thái Nguyên,Xã Côn Minh
Tỉnh Bắc Kạn,Huyện Na Rì,Xã Sơn Thành,Tỉnh Thái Nguyên,Xã Na Rì
Tỉnh Bắc Kạn,Huyện Na Rì,Xã Trần Phú,Tỉnh Thái Nguyên,Xã Trần Phú
Tỉnh Bắc Kạn,Huyện Na Rì,Xã Văn Lang,Tỉnh Thái Nguyên,Xã Văn Lang
Tỉnh Bắc Kạn,Huyện Na Rì,Xã Văn Minh,Tỉnh Thái Nguyên,Xã Trần Phú
Tỉnh Bắc Kạn,Huyện Na Rì,Xã Văn Vũ,Tỉnh Thái Nguyên,Xã Cường Lợi
Tỉnh Bắc Kạn,Huyện Na Rì,Xã Xuân Dương,Tỉnh Thái Nguyên,Xã Xuân Dương
Tỉnh Bắc Kạn,Huyện Na Rì,Xã Đổng Xá,Tỉnh Thái Nguyên,Xã Xuân Dương
Tỉnh Bắc Kạn,Huyện Ngân Sơn,Thị trấn Nà Phặc,Tỉnh Thái Nguyên,Xã Nà Phặc
Tỉnh Bắc Kạn,Huyện Ngân Sơn,Thị trấn Vân Tùng,Tỉnh Thái Nguyên,Xã Ngân Sơn
Tỉnh Bắc Kạn,Huyện Ngân Sơn,Xã Bằng Vân,Tỉnh Thái Nguyên,Xã Bằng Vân
Tỉnh Bắc Kạn,Huyện Ngân Sơn,Xã Cốc Đán,Tỉnh Thái Nguyên,Xã Ngân Sơn
Tỉnh Bắc Kạn,Huyện Ngân Sơn,Xã Hiệp Lực,Tỉnh Thái Nguyên,Xã Hiệp Lực
Tỉnh Bắc Kạn,Huyện Ngân Sơn,Xã Thuần Mang,Tỉnh Thái Nguyên,Xã Hiệp Lực
Tỉnh Bắc Kạn,Huyện Ngân Sơn,Xã Thượng Ân,Tỉnh Thái Nguyên,Xã Bằng Vân
Tỉnh Bắc Kạn,Huyện Ngân Sơn,Xã Trung Hoà,Tỉnh Thái Nguyên,Xã Nà Phặc
Tỉnh Bắc Kạn,Huyện Ngân Sơn,Xã Đức Vân,Tỉnh Thái Nguyên,Xã Ngân Sơn
Tỉnh Bắc Kạn,Huyện Pác Nặm,Xã An Thắng,Tỉnh Thái Nguyên,Xã Nghiên Loan
Tỉnh Bắc Kạn,Huyện Pác Nặm,Xã Bằng Thành,Tỉnh Thái Nguyên,Xã Bằng Thành
Tỉnh Bắc Kạn,Huyện Pác Nặm,Xã Bộc Bố,Tỉnh Thái Nguyên,Xã Bằng Thành
Tỉnh Bắc Kạn,Huyện Pác Nặm,Xã Cao Tân,Tỉnh Thái Nguyên,Xã Cao Minh
Tỉnh Bắc Kạn,Huyện Pác Nặm,Xã Công Bằng,Tỉnh Thái Nguyên,Xã Cao Minh
Tỉnh Bắc Kạn,Huyện Pác Nặm,Xã Cổ Linh,Tỉnh Thái Nguyên,Xã Cao Minh
Tỉnh Bắc Kạn,Huyện Pác Nặm,Xã Giáo Hiệu,Tỉnh Thái Nguyên,Xã Bằng Thành
Tỉnh Bắc Kạn,Huyện Pác Nặm,Xã Nghiên Loan,Tỉnh Thái Nguyên,Xã Nghiên Loan
Tỉnh Bắc Kạn,Huyện Pác Nặm,Xã Nhạn Môn,Tỉnh Thái Nguyên,Xã Bằng Thành
Tỉnh Bắc Kạn,Huyện Pác Nặm,Xã Xuân La,Tỉnh Thái Nguyên,Xã Nghiên Loan
Tỉnh Bắc Kạn,Thành phố Bắc Kạn,Phường Huyền Tụng,Tỉnh Thái Nguyên,Phường Đức Xuân
Tỉnh Bắc Kạn,Thành phố Bắc Kạn,Phường Nguyễn Thị Minh Khai,Tỉnh Thái Nguyên,Phường Đức Xuân
Tỉnh Bắc Kạn,Thành phố Bắc Kạn,Phường Phùng Chí Kiên,Tỉnh Thái Nguyên,Phường Bắc Kạn
Tỉnh Bắc Kạn,Thành phố Bắc Kạn,Phường Sông Cầu,Tỉnh Thái Nguyên,Phường Bắc Kạn
Tỉnh Bắc Kạn,Thành phố Bắc Kạn,Phường Xuất Hóa,Tỉnh Thái Nguyên,Phường Bắc Kạn
Tỉnh Bắc Kạn,Thành phố Bắc Kạn,Phường Đức Xuân,Tỉnh Thái Nguyên,Phường Đức Xuân
Tỉnh Bắc Kạn,Thành phố Bắc Kạn,Xã Dương Quang,Tỉnh Thái Nguyên,Xã Phong Quang
Tỉnh Bắc Kạn,Thành phố Bắc Kạn,Xã Nông Thượng,Tỉnh Thái Nguyên,Phường Bắc Kạn
Tỉnh Bắc Ninh,Huyện Gia Bình,Thị trấn Gia Bình,Thành phố Bắc Ninh,Phường Gia Bình
Tỉnh Bắc Ninh,Huyện Gia Bình,Thị trấn Nhân Thắng,Thành phố Bắc Ninh,Phường Nhân Thắng
Tỉnh Bắc Ninh,Huyện Gia Bình,Xã Bình Dương,Thành phố Bắc Ninh,Phường Nhân Thắng
Tỉnh Bắc Ninh,Huyện Gia Bình,Xã Cao Đức,Thành phố Bắc Ninh,Xã Cao Đức
Tỉnh Bắc Ninh,Huyện Gia Bình,Xã Giang Sơn,Thành phố Bắc Ninh,Xã Đông Cứu
Tỉnh Bắc Ninh,Huyện Gia Bình,Xã Lãng Ngâm,Thành phố Bắc Ninh,Xã Đông Cứu
Tỉnh Bắc Ninh,Huyện Gia Bình,Xã Quỳnh Phú,Thành phố Bắc Ninh,Phường Gia Bình
Tỉnh Bắc Ninh,Huyện Gia Bình,Xã Song Giang,Thành phố Bắc Ninh,Xã Đại Lai
Tỉnh Bắc Ninh,Huyện Gia Bình,Xã Thái Bảo,Thành phố Bắc Ninh,Phường Nhân Thắng
Tỉnh Bắc Ninh,Huyện Gia Bình,Xã Vạn Ninh,Thành phố Bắc Ninh,Xã Cao Đức
Tỉnh Bắc Ninh,Huyện Gia Bình,Xã Xuân Lai,Thành phố Bắc Ninh,Phường Gia Bình
Tỉnh Bắc Ninh,Huyện Gia Bình,Xã Đông Cứu,Thành phố Bắc Ninh,Xã Đông Cứu
Tỉnh Bắc Ninh,Huyện Gia Bình,Xã Đại Bái,Thành phố Bắc Ninh,Phường Gia Bình
Tỉnh Bắc Ninh,Huyện Gia Bình,Xã Đại Lai,Thành phố Bắc Ninh,Xã Đại Lai
Tỉnh Bắc Ninh,Huyện Lương Tài,Thị trấn Thứa,Thành phố Bắc Ninh,Phường Lương Tài
Tỉnh Bắc Ninh,Huyện Lương Tài,Xã An Thịnh,Thành phố Bắc Ninh,Xã Trung Kênh
Tỉnh Bắc Ninh,Huyện Lương Tài,Xã An Tập,Thành phố Bắc Ninh,Xã Trung Kênh
Tỉnh Bắc Ninh,Huyện Lương Tài,Xã Bình Định,Thành phố Bắc Ninh,Xã Lâm Thao
Tỉnh Bắc Ninh,Huyện Lương Tài,Xã Lâm Thao,Thành phố Bắc Ninh,Xã Lâm Thao
Tỉnh Bắc Ninh,Huyện Lương Tài,Xã Phú Hòa,Thành phố Bắc Ninh,Phường Lương Tài
Tỉnh Bắc Ninh,Huyện Lương Tài,Xã Phú Lương,Thành phố Bắc Ninh,Xã Trung Chính
Tỉnh Bắc Ninh,Huyện Lương Tài,Xã Quang Minh,Thành phố Bắc Ninh,Xã Trung Chính
Tỉnh Bắc Ninh,Huyện Lương Tài,Xã Quảng Phú,Thành phố Bắc Ninh,Xã Lâm Thao
Tỉnh Bắc Ninh,Huyện Lương Tài,Xã Trung Chính,Thành phố Bắc Ninh,Xã Trung Chính
Tỉnh Bắc Ninh,Huyện Lương Tài,Xã Trung Kênh,Thành phố Bắc Ninh,Xã Trung Kênh
Tỉnh Bắc Ninh,Huyện Lương Tài,Xã Tân Lãng,Thành phố Bắc Ninh,Phường Lương Tài
Tỉnh Bắc Ninh,Huyện Tiên Du,Thị trấn Lim,Thành phố Bắc Ninh,Phường Tiên Du
Tỉnh Bắc Ninh,Huyện Tiên Du,Xã Cảnh Hưng,Thành phố Bắc Ninh,Xã Phật Tích
Tỉnh Bắc Ninh,Huyện Tiên Du,Xã Hiên Vân,Thành phố Bắc Ninh,Xã Liên Bão
Tỉnh Bắc Ninh,Huyện Tiên Du,Xã Hoàn Sơn,Thành phố Bắc Ninh,Xã Đại Đồng
Tỉnh Bắc Ninh,Huyện Tiên Du,Xã Liên Bão,Thành phố Bắc Ninh,Xã Liên Bão
Tỉnh Bắc Ninh,Huyện Tiên Du,Xã Lạc Vệ,Thành phố Bắc Ninh,Xã Tân Chi
Tỉnh Bắc Ninh,Huyện Tiên Du,Xã Minh Đạo,Thành phố Bắc Ninh,Xã Phật Tích
Tỉnh Bắc Ninh,Huyện Tiên Du,Xã Nội Duệ,Thành phố Bắc Ninh,Phường Tiên Du
Tỉnh Bắc Ninh,Huyện Tiên Du,Xã Phú Lâm,Thành phố Bắc Ninh,Phường Tiên Du
Tỉnh Bắc Ninh,Huyện Tiên Du,Xã Phật Tích,Thành phố Bắc Ninh,Xã Phật Tích
Tỉnh Bắc Ninh,Huyện Tiên Du,Xã Tri Phương,Thành phố Bắc Ninh,Xã Đại Đồng
Tỉnh Bắc Ninh,Huyện Tiên Du,Xã Tân Chi,Thành phố Bắc Ninh,Xã Tân Chi
Tỉnh Bắc Ninh,Huyện Tiên Du,Xã Việt Đoàn,Thành phố Bắc Ninh,Xã Liên Bão
Tỉnh Bắc Ninh,Huyện Tiên Du,Xã Đại Đồng,Thành phố Bắc Ninh,Xã Đại Đồng
Tỉnh Bắc Ninh,Huyện Yên Phong,Thị trấn Chờ,Thành phố Bắc Ninh,Phường Yên Phong
Tỉnh Bắc Ninh,Huyện Yên Phong,Xã Dũng Liệt,Thành phố Bắc Ninh,Xã Yên Trung
Tỉnh Bắc Ninh,Huyện Yên Phong,Xã Hòa Tiến,Thành phố Bắc Ninh,Xã Tam Giang
Tỉnh Bắc Ninh,Huyện Yên Phong,Xã Long Châu,Thành phố Bắc Ninh,Phường Yên Phong
Tỉnh Bắc Ninh,Huyện Yên Phong,Xã Tam Giang,Thành phố Bắc Ninh,Xã Tam Giang
Tỉnh Bắc Ninh,Huyện Yên Phong,Xã Tam Đa,Thành phố Bắc Ninh,Xã Tam Đa
Tỉnh Bắc Ninh,Huyện Yên Phong,Xã Thụy Hòa,Thành phố Bắc Ninh,Xã Tam Đa
Tỉnh Bắc Ninh,Huyện Yên Phong,Xã Trung Nghĩa,Thành phố Bắc Ninh,Phường Yên Phong
Tỉnh Bắc Ninh,Huyện Yên Phong,Xã Văn Môn,Thành phố Bắc Ninh,Xã Văn Môn
Tỉnh Bắc Ninh,Huyện Yên Phong,Xã Yên Phụ,Thành phố Bắc Ninh,Xã Văn Môn
Tỉnh Bắc Ninh,Huyện Yên Phong,Xã Yên Trung,Thành phố Bắc Ninh,Xã Yên Trung
Tỉnh Bắc Ninh,Huyện Yên Phong,Xã Đông Phong,Thành phố Bắc Ninh,Xã Tam Đa
Tỉnh Bắc Ninh,Huyện Yên Phong,Xã Đông Thọ,Thành phố Bắc Ninh,Xã Văn Môn
Tỉnh Bắc Ninh,Huyện Yên Phong,Xã Đông Tiến,Thành phố Bắc Ninh,Phường Yên Phong
Tỉnh Bắc Ninh,Thành phố Bắc Ninh,Phường Hòa Long,Thành phố Bắc Ninh,Phường Kinh Bắc
Tỉnh Bắc Ninh,Thành phố Bắc Ninh,Phường Hạp Lĩnh,Thành phố Bắc Ninh,Phường Hạp Lĩnh
Tỉnh Bắc Ninh,Thành phố Bắc Ninh,Phường Khúc Xuyên,Thành phố Bắc Ninh,Phường Kinh Bắc
Tỉnh Bắc Ninh,Thành phố Bắc Ninh,Phường Khắc Niệm,Thành phố Bắc Ninh,Phường Hạp Lĩnh
Tỉnh Bắc Ninh,Thành phố Bắc Ninh,Phường Kim Chân,Thành phố Bắc Ninh,Phường Vũ Ninh
Tỉnh Bắc Ninh,Thành phố Bắc Ninh,Phường Kinh Bắc,Thành phố Bắc Ninh,Phường Kinh Bắc
Tỉnh Bắc Ninh,Thành phố Bắc Ninh,Phường Nam Sơn,Thành phố Bắc Ninh,Phường Nam Sơn
Tỉnh Bắc Ninh,Thành phố Bắc Ninh,Phường Phong Khê,Thành phố Bắc Ninh,Phường Võ Cường
Tỉnh Bắc Ninh,Thành phố Bắc Ninh,Phường Suối Hoa,Thành phố Bắc Ninh,Phường Kinh Bắc
Tỉnh Bắc Ninh,Thành phố Bắc Ninh,Phường Thị Cầu,Thành phố Bắc Ninh,Phường Vũ Ninh
Tỉnh Bắc Ninh,Thành phố Bắc Ninh,Phường Tiền Ninh Vệ,Thành phố Bắc Ninh,Phường Kinh Bắc
Tỉnh Bắc Ninh,Thành phố Bắc Ninh,Phường Vân Dương,Thành phố Bắc Ninh,Phường Nam Sơn
Tỉnh Bắc Ninh,Thành phố Bắc Ninh,Phường Võ Cường,Thành phố Bắc Ninh,Phường Võ Cường
Tỉnh Bắc Ninh,Thành phố Bắc Ninh,Phường Vũ Ninh,Thành phố Bắc Ninh,Phường Vũ Ninh
Tỉnh Bắc Ninh,Thành phố Bắc Ninh,Phường Vạn An,Thành phố Bắc Ninh,Phường Kinh Bắc
Tỉnh Bắc Ninh,Thành phố Bắc Ninh,Phường Đáp Cầu,Thành phố Bắc Ninh,Phường Vũ Ninh
Tỉnh Bắc Ninh,Thành phố Bắc Ninh,Phường Đại Phúc,Thành phố Bắc Ninh,Phường Võ Cường
Tỉnh Bắc Ninh,Thành phố Từ Sơn,Phường Châu Khê,Thành phố Bắc Ninh,Phường Phù Khê
Tỉnh Bắc Ninh,Thành phố Từ Sơn,Phường Hương Mạc,Thành phố Bắc Ninh,Phường Phù Khê
Tỉnh Bắc Ninh,Thành phố Từ Sơn,Phường Phù Chẩn,Thành phố Bắc Ninh,Phường Từ Sơn
Tỉnh Bắc Ninh,Thành phố Từ Sơn,Phường Phù Khê,Thành phố Bắc Ninh,Phường Phù Khê
Tỉnh Bắc Ninh,Thành phố Từ Sơn,Phường Tam Sơn,Thành phố Bắc Ninh,Phường Tam Sơn
Tỉnh Bắc Ninh,Thành phố Từ Sơn,Phường Trang Hạ,Thành phố Bắc Ninh,Phường Đồng Nguyên
Tỉnh Bắc Ninh,Thành phố Từ Sơn,Phường Tân Hồng,Thành phố Bắc Ninh,Phường Từ Sơn
Tỉnh Bắc Ninh,Thành phố Từ Sơn,Phường Tương Giang,Thành phố Bắc Ninh,Phường Tam Sơn
Tỉnh Bắc Ninh,Thành phố Từ Sơn,Phường Đình Bảng,Thành phố Bắc Ninh,Phường Từ Sơn
Tỉnh Bắc Ninh,Thành phố Từ Sơn,Phường Đông Ngàn,Thành phố Bắc Ninh,Phường Từ Sơn
Tỉnh Bắc Ninh,Thành phố Từ Sơn,Phường Đồng Kỵ,Thành phố Bắc Ninh,Phường Đồng Nguyên
Tỉnh Bắc Ninh,Thành phố Từ Sơn,Phường Đồng Nguyên,Thành phố Bắc Ninh,Phường Đồng Nguyên
Tỉnh Bắc Ninh,Thị xã Quế Võ,Phường Bằng An,Thành phố Bắc Ninh,Phường Quế Võ
Tỉnh Bắc Ninh,Thị xã Quế Võ,Phường Bồng Lai,Thành phố Bắc Ninh,Phường Bồng Lai
Tỉnh Bắc Ninh,Thị xã Quế Võ,Phường Cách Bi,Thành phố Bắc Ninh,Phường Bồng Lai
Tỉnh Bắc Ninh,Thị xã Quế Võ,Phường Nhân Hòa,Thành phố Bắc Ninh,Phường Nhân Hoà
Tỉnh Bắc Ninh,Thị xã Quế Võ,Phường Phù Lương,Thành phố Bắc Ninh,Phường Đào Viên
Tỉnh Bắc Ninh,Thị xã Quế Võ,Phường Phương Liễu,Thành phố Bắc Ninh,Phường Phương Liễu
Tỉnh Bắc Ninh,Thị xã Quế Võ,Phường Phượng Mao,Thành phố Bắc Ninh,Phường Phương Liễu
Tỉnh Bắc Ninh,Thị xã Quế Võ,Phường Phố Mới,Thành phố Bắc Ninh,Phường Quế Võ
Tỉnh Bắc Ninh,Thị xã Quế Võ,Phường Quế Tân,Thành phố Bắc Ninh,Phường Quế Võ
Tỉnh Bắc Ninh,Thị xã Quế Võ,Phường Việt Hùng,Thành phố Bắc Ninh,Phường Quế Võ
Tỉnh Bắc Ninh,Thị xã Quế Võ,Phường Đại Xuân,Thành phố Bắc Ninh,Phường Nhân Hoà
Tỉnh Bắc Ninh,Thị xã Quế Võ,Xã Chi Lăng,Thành phố Bắc Ninh,Phường Chi Lăng
Tỉnh Bắc Ninh,Thị xã Quế Võ,Xã Châu Phong,Thành phố Bắc Ninh,Phường Phù Lãng
Tỉnh Bắc Ninh,Thị xã Quế Võ,Xã Mộ Đạo,Thành phố Bắc Ninh,Phường Bồng Lai
Tỉnh Bắc Ninh,Thị xã Quế Võ,Xã Ngọc Xá,Thành phố Bắc Ninh,Phường Đào Viên
Tỉnh Bắc Ninh,Thị xã Quế Võ,Xã Phù Lãng,Thành phố Bắc Ninh,Phường Phù Lãng
Tỉnh Bắc Ninh,Thị xã Quế Võ,Xã Việt Thống,Thành phố Bắc Ninh,Phường Nhân Hoà
Tỉnh Bắc Ninh,Thị xã Quế Võ,Xã Yên Giả,Thành phố Bắc Ninh,Phường Chi Lăng
Tỉnh Bắc Ninh,Thị xã Quế Võ,Xã Đào Viên,Thành phố Bắc Ninh,Phường Đào Viên
Tỉnh Bắc Ninh,Thị xã Quế Võ,Xã Đức Long,Thành phố Bắc Ninh,Phường Phù Lãng
Tỉnh Bắc Ninh,Thị xã Thuận Thành,Phường An Bình,Thành phố Bắc Ninh,Phường Mão Điền
Tỉnh Bắc Ninh,Thị xã Thuận Thành,Phường Gia Đông,Thành phố Bắc Ninh,Phường Thuận Thành
Tỉnh Bắc Ninh,Thị xã Thuận Thành,Phường Hà Mãn,Thành phố Bắc Ninh,Phường Song Liễu
Tỉnh Bắc Ninh,Thị xã Thuận Thành,Phường Hồ,Thành phố Bắc Ninh,Phường Thuận Thành
Tỉnh Bắc Ninh,Thị xã Thuận Thành,Phường Ninh Xá,Thành phố Bắc Ninh,Phường Ninh Xá
Tỉnh Bắc Ninh,Thị xã Thuận Thành,Phường Song Hồ,Thành phố Bắc Ninh,Phường Thuận Thành
Tỉnh Bắc Ninh,Thị xã Thuận Thành,Phường Thanh Khương,Thành phố Bắc Ninh,Phường Trí Quả
Tỉnh Bắc Ninh,Thị xã Thuận Thành,Phường Trí Quả,Thành phố Bắc Ninh,Phường Trí Quả
Tỉnh Bắc Ninh,Thị xã Thuận Thành,Phường Trạm Lộ,Thành phố Bắc Ninh,Phường Trạm Lộ
Tỉnh Bắc Ninh,Thị xã Thuận Thành,Phường Xuân Lâm,Thành phố Bắc Ninh,Phường Song Liễu
Tỉnh Bắc Ninh,Thị xã Thuận Thành,Xã Hoài Thượng,Thành phố Bắc Ninh,Phường Mão Điền
Tỉnh Bắc Ninh,Thị xã Thuận Thành,Xã Mão Điền,Thành phố Bắc Ninh,Phường Mão Điền
Tỉnh Bắc Ninh,Thị xã Thuận Thành,Xã Nghĩa Đạo,Thành phố Bắc Ninh,Phường Trạm Lộ
Tỉnh Bắc Ninh,Thị xã Thuận Thành,Xã Nguyệt Đức,Thành phố Bắc Ninh,Phường Ninh Xá
Tỉnh Bắc Ninh,Thị xã Thuận Thành,Xã Ngũ Thái,Thành phố Bắc Ninh,Phường Song Liễu
Tỉnh Bắc Ninh,Thị xã Thuận Thành,Xã Song Liễu,Thành phố Bắc Ninh,Phường Song Liễu
Tỉnh Bắc Ninh,Thị xã Thuận Thành,Xã Đình Tổ,Thành phố Bắc Ninh,Phường Trí Quả
Tỉnh Bắc Ninh,Thị xã Thuận Thành,Xã Đại Đồng Thành,Thành phố Bắc Ninh,Phường Thuận Thành
Tỉnh Bến Tre,Huyện Ba Tri,Thị trấn Ba Tri,Tỉnh Vĩnh Long,Xã Ba Tri
Tỉnh Bến Tre,Huyện Ba Tri,Thị trấn Tiệm Tôm,Tỉnh Vĩnh Long,Xã Tân Thuỷ
Tỉnh Bến Tre,Huyện Ba Tri,Xã An Bình Tây,Tỉnh Vĩnh Long,Xã Ba Tri
Tỉnh Bến Tre,Huyện Ba Tri,Xã An Hiệp,Tỉnh Vĩnh Long,Xã An Hiệp
Tỉnh Bến Tre,Huyện Ba Tri,Xã An Hòa Tây,Tỉnh Vĩnh Long,Xã Tân Thuỷ
Tỉnh Bến Tre,Huyện Ba Tri,Xã An Ngãi Trung,Tỉnh Vĩnh Long,Xã An Ngãi Trung
Tỉnh Bến Tre,Huyện Ba Tri,Xã An Ngãi Tây,Tỉnh Vĩnh Long,Xã An Hiệp
Tỉnh Bến Tre,Huyện Ba Tri,Xã An Phú Trung,Tỉnh Vĩnh Long,Xã An Ngãi Trung
Tỉnh Bến Tre,Huyện Ba Tri,Xã An Đức,Tỉnh Vĩnh Long,Xã Ba Tri
Tỉnh Bến Tre,Huyện Ba Tri,Xã Bảo Thuận,Tỉnh Vĩnh Long,Xã Bảo Thạnh
Tỉnh Bến Tre,Huyện Ba Tri,Xã Bảo Thạnh,Tỉnh Vĩnh Long,Xã Bảo Thạnh
Tỉnh Bến Tre,Huyện Ba Tri,Xã Mỹ Chánh,Tỉnh Vĩnh Long,Xã Mỹ Chánh Hoà
Tỉnh Bến Tre,Huyện Ba Tri,Xã Mỹ Nhơn,Tỉnh Vĩnh Long,Xã Mỹ Chánh Hoà
Tỉnh Bến Tre,Huyện Ba Tri,Xã Mỹ Thạnh,Tỉnh Vĩnh Long,Xã An Ngãi Trung
Tỉnh Bến Tre,Huyện Ba Tri,Xã Phú Lễ,Tỉnh Vĩnh Long,Xã Tân Xuân
Tỉnh Bến Tre,Huyện Ba Tri,Xã Phước Ngãi,Tỉnh Vĩnh Long,Xã Tân Xuân
Tỉnh Bến Tre,Huyện Ba Tri,Xã Tân Hưng,Tỉnh Vĩnh Long,Xã An Hiệp
Tỉnh Bến Tre,Huyện Ba Tri,Xã Tân Thủy,Tỉnh Vĩnh Long,Xã Tân Thuỷ
Tỉnh Bến Tre,Huyện Ba Tri,Xã Tân Xuân,Tỉnh Vĩnh Long,Xã Tân Xuân
Tỉnh Bến Tre,Huyện Ba Tri,Xã Vĩnh An,Tỉnh Vĩnh Long,Xã Ba Tri
Tỉnh Bến Tre,Huyện Ba Tri,Xã Vĩnh Hòa,Tỉnh Vĩnh Long,Xã Ba Tri
Tỉnh Bến Tre,Huyện Bình Đại,Thị trấn Bình Đại,Tỉnh Vĩnh Long,Xã Bình Đại
Tỉnh Bến Tre,Huyện Bình Đại,Xã Bình Thắng,Tỉnh Vĩnh Long,Xã Bình Đại
Tỉnh Bến Tre,Huyện Bình Đại,Xã Bình Thới,Tỉnh Vĩnh Long,Xã Bình Đại
Tỉnh Bến Tre,Huyện Bình Đại,Xã Châu Hưng,Tỉnh Vĩnh Long,Xã Châu Hưng
Tỉnh Bến Tre,Huyện Bình Đại,Xã Long Hòa,Tỉnh Vĩnh Long,Xã Châu Hưng
Tỉnh Bến Tre,Huyện Bình Đại,Xã Long Định,Tỉnh Vĩnh Long,Xã Phú Thuận
Tỉnh Bến Tre,Huyện Bình Đại,Xã Lộc Thuận,Tỉnh Vĩnh Long,Xã Lộc Thuận
Tỉnh Bến Tre,Huyện Bình Đại,Xã Phú Long,Tỉnh Vĩnh Long,Xã Thạnh Trị
Tỉnh Bến Tre,Huyện Bình Đại,Xã Phú Thuận,Tỉnh Vĩnh Long,Xã Phú Thuận
Tỉnh Bến Tre,Huyện Bình Đại,Xã Tam Hiệp,Tỉnh Vĩnh Long,Xã Phú Thuận
Tỉnh Bến Tre,Huyện Bình Đại,Xã Thạnh Phước,Tỉnh Vĩnh Long,Xã Thạnh Phước
Tỉnh Bến Tre,Huyện Bình Đại,Xã Thạnh Trị,Tỉnh Vĩnh Long,Xã Thạnh Trị
Tỉnh Bến Tre,Huyện Bình Đại,Xã Thới Lai,Tỉnh Vĩnh Long,Xã Châu Hưng
Tỉnh Bến Tre,Huyện Bình Đại,Xã Thới Thuận,Tỉnh Vĩnh Long,Xã Thới Thuận
Tỉnh Bến Tre,Huyện Bình Đại,Xã Thừa Đức,Tỉnh Vĩnh Long,Xã Thới Thuận
Tỉnh Bến Tre,Huyện Bình Đại,Xã Vang Quới Tây,Tỉnh Vĩnh Long,Xã Lộc Thuận
Tỉnh Bến Tre,Huyện Bình Đại,Xã Vang Quới Đông,Tỉnh Vĩnh Long,Xã Lộc Thuận
Tỉnh Bến Tre,Huyện Bình Đại,Xã Đại Hòa Lộc,Tỉnh Vĩnh Long,Xã Thạnh Phước
Tỉnh Bến Tre,Huyện Bình Đại,Xã Định Trung,Tỉnh Vĩnh Long,Xã Thạnh Trị
Tỉnh Bến Tre,Huyện Châu Thành,Thị trấn Tiên Thủy,Tỉnh Vĩnh Long,Xã Tiên Thuỷ
Tỉnh Bến Tre,Huyện Châu Thành,Xã An Phước,Tỉnh Vĩnh Long,Xã Giao Long
Tỉnh Bến Tre,Huyện Châu Thành,Xã Giao Long,Tỉnh Vĩnh Long,Xã Giao Long
Tỉnh Bến Tre,Huyện Châu Thành,Xã Hữu Định,Tỉnh Vĩnh Long,Phường Phú Tân
Tỉnh Bến Tre,Huyện Châu Thành,Xã Phú Túc,Tỉnh Vĩnh Long,Xã Phú Túc
Tỉnh Bến Tre,Huyện Châu Thành,Xã Phú Đức,Tỉnh Vĩnh Long,Xã Tân Phú
Tỉnh Bến Tre,Huyện Châu Thành,Xã Phước Thạnh,Tỉnh Vĩnh Long,Phường Phú Tân
Tỉnh Bến Tre,Huyện Châu Thành,Xã Quới Thành,Tỉnh Vĩnh Long,Xã Tiên Thuỷ
Tỉnh Bến Tre,Huyện Châu Thành,Xã Tam Phước,Tỉnh Vĩnh Long,Phường Sơn Đông
Tỉnh Bến Tre,Huyện Châu Thành,Xã Thành Triệu,Tỉnh Vĩnh Long,Xã Tiên Thuỷ
Tỉnh Bến Tre,Huyện Châu Thành,Xã Tiên Long,Tỉnh Vĩnh Long,Xã Tân Phú
Tỉnh Bến Tre,Huyện Châu Thành,Xã Tân Phú,Tỉnh Vĩnh Long,Xã Tân Phú
Tỉnh Bến Tre,Huyện Châu Thành,Xã Tân Thạch,Tỉnh Vĩnh Long,Xã Phú Túc
Tỉnh Bến Tre,Huyện Châu Thành,Xã Tường Đa,Tỉnh Vĩnh Long,Xã Phú Túc
Tỉnh Bến Tre,Huyện Chợ Lách,Thị trấn Chợ Lách,Tỉnh Vĩnh Long,Xã Chợ Lách
Tỉnh Bến Tre,Huyện Chợ Lách,Xã Hòa Nghĩa,Tỉnh Vĩnh Long,Xã Chợ Lách
Tỉnh Bến Tre,Huyện Chợ Lách,Xã Hưng Khánh Trung B,Tỉnh Vĩnh Long,Xã Hưng Khánh Trung
Tỉnh Bến Tre,Huyện Chợ Lách,Xã Long Thới,Tỉnh Vĩnh Long,Xã Chợ Lách
Tỉnh Bến Tre,Huyện Chợ Lách,Xã Phú Phụng,Tỉnh Vĩnh Long,Xã Phú Phụng
Tỉnh Bến Tre,Huyện Chợ Lách,Xã Phú Sơn,Tỉnh Vĩnh Long,Xã Vĩnh Thành
Tỉnh Bến Tre,Huyện Chợ Lách,Xã Sơn Định,Tỉnh Vĩnh Long,Xã Phú Phụng
Tỉnh Bến Tre,Huyện Chợ Lách,Xã Tân Thiềng,Tỉnh Vĩnh Long,Xã Vĩnh Thành
Tỉnh Bến Tre,Huyện Chợ Lách,Xã Vĩnh Bình,Tỉnh Vĩnh Long,Xã Phú Phụng
Tỉnh Bến Tre,Huyện Chợ Lách,Xã Vĩnh Hòa,Tỉnh Vĩnh Long,Xã Hưng Khánh Trung
Tỉnh Bến Tre,Huyện Chợ Lách,Xã Vĩnh Thành,Tỉnh Vĩnh Long,Xã Vĩnh Thành
Tỉnh Bến Tre,Huyện Giồng Trôm,Thị trấn Giồng Trôm,Tỉnh Vĩnh Long,Xã Giồng Trôm
Tỉnh Bến Tre,Huyện Giồng Trôm,Xã Bình Hoà,Tỉnh Vĩnh Long,Xã Giồng Trôm
Tỉnh Bến Tre,Huyện Giồng Trôm,Xã Bình Thành,Tỉnh Vĩnh Long,Xã Giồng Trôm
Tỉnh Bến Tre,Huyện Giồng Trôm,Xã Châu Bình,Tỉnh Vĩnh Long,Xã Châu Hoà
Tỉnh Bến Tre,Huyện Giồng Trôm,Xã Châu Hòa,Tỉnh Vĩnh Long,Xã Châu Hoà
Tỉnh Bến Tre,Huyện Giồng Trôm,Xã Hưng Lễ,Tỉnh Vĩnh Long,Xã Hưng Nhượng
Tỉnh Bến Tre,Huyện Giồng Trôm,Xã Hưng Nhượng,Tỉnh Vĩnh Long,Xã Hưng Nhượng
Tỉnh Bến Tre,Huyện Giồng Trôm,Xã Hưng Phong,Tỉnh Vĩnh Long,Xã Phước Long
Tỉnh Bến Tre,Huyện Giồng Trôm,Xã Long Mỹ,Tỉnh Vĩnh Long,Xã Phước Long
Tỉnh Bến Tre,Huyện Giồng Trôm,Xã Lương Hòa,Tỉnh Vĩnh Long,Xã Lương Hoà
Tỉnh Bến Tre,Huyện Giồng Trôm,Xã Lương Phú,Tỉnh Vĩnh Long,Xã Lương Phú
Tỉnh Bến Tre,Huyện Giồng Trôm,Xã Lương Quới,Tỉnh Vĩnh Long,Xã Châu Hoà
Tỉnh Bến Tre,Huyện Giồng Trôm,Xã Mỹ Thạnh,Tỉnh Vĩnh Long,Xã Lương Phú
Tỉnh Bến Tre,Huyện Giồng Trôm,Xã Phong Nẫm,Tỉnh Vĩnh Long,Xã Lương Hoà
Tỉnh Bến Tre,Huyện Giồng Trôm,Xã Phước Long,Tỉnh Vĩnh Long,Xã Phước Long
Tỉnh Bến Tre,Huyện Giồng Trôm,Xã Sơn Phú,Tỉnh Vĩnh Long,Phường An Hội
Tỉnh Bến Tre,Huyện Giồng Trôm,Xã Thuận Điền,Tỉnh Vĩnh Long,Xã Lương Phú
Tỉnh Bến Tre,Huyện Giồng Trôm,Xã Thạnh Phú Đông,Tỉnh Vĩnh Long,Xã Tân Hào
Tỉnh Bến Tre,Huyện Giồng Trôm,Xã Tân Hào,Tỉnh Vĩnh Long,Xã Tân Hào
Tỉnh Bến Tre,Huyện Giồng Trôm,Xã Tân Lợi Thạnh,Tỉnh Vĩnh Long,Xã Tân Hào
Tỉnh Bến Tre,Huyện Giồng Trôm,Xã Tân Thanh,Tỉnh Vĩnh Long,Xã Hưng Nhượng
Tỉnh Bến Tre,Huyện Mỏ Cày Bắc,Thị trấn Phước Mỹ Trung,Tỉnh Vĩnh Long,Xã Phước Mỹ Trung
Tỉnh Bến Tre,Huyện Mỏ Cày Bắc,Xã Hưng Khánh Trung A,Tỉnh Vĩnh Long,Xã Hưng Khánh Trung
Tỉnh Bến Tre,Huyện Mỏ Cày Bắc,Xã Khánh Thạnh Tân,Tỉnh Vĩnh Long,Xã Nhuận Phú Tân
Tỉnh Bến Tre,Huyện Mỏ Cày Bắc,Xã Nhuận Phú Tân,Tỉnh Vĩnh Long,Xã Nhuận Phú Tân
Tỉnh Bến Tre,Huyện Mỏ Cày Bắc,Xã Phú Mỹ,Tỉnh Vĩnh Long,Xã Phước Mỹ Trung
Tỉnh Bến Tre,Huyện Mỏ Cày Bắc,Xã Thanh Tân,Tỉnh Vĩnh Long,Phường Bến Tre
Tỉnh Bến Tre,Huyện Mỏ Cày Bắc,Xã Thành An,Tỉnh Vĩnh Long,Xã Tân Thành Bình
Tỉnh Bến Tre,Huyện Mỏ Cày Bắc,Xã Thạnh Ngãi,Tỉnh Vĩnh Long,Xã Phước Mỹ Trung
Tỉnh Bến Tre,Huyện Mỏ Cày Bắc,Xã Tân Bình,Tỉnh Vĩnh Long,Xã Tân Thành Bình
Tỉnh Bến Tre,Huyện Mỏ Cày Bắc,Xã Tân Phú Tây,Tỉnh Vĩnh Long,Xã Phước Mỹ Trung
Tỉnh Bến Tre,Huyện Mỏ Cày Bắc,Xã Tân Thanh Tây,Tỉnh Vĩnh Long,Xã Nhuận Phú Tân
Tỉnh Bến Tre,Huyện Mỏ Cày Bắc,Xã Tân Thành Bình,Tỉnh Vĩnh Long,Xã Tân Thành Bình
Tỉnh Bến Tre,Huyện Mỏ Cày Nam,Thị trấn Mỏ Cày,Tỉnh Vĩnh Long,Xã Mỏ Cày
Tỉnh Bến Tre,Huyện Mỏ Cày Nam,Xã An Thạnh,Tỉnh Vĩnh Long,Xã Mỏ Cày
Tỉnh Bến Tre,Huyện Mỏ Cày Nam,Xã An Thới,Tỉnh Vĩnh Long,Xã Thành Thới
Tỉnh Bến Tre,Huyện Mỏ Cày Nam,Xã An Định,Tỉnh Vĩnh Long,Xã An Định
Tỉnh Bến Tre,Huyện Mỏ Cày Nam,Xã Bình Khánh,Tỉnh Vĩnh Long,Xã Đồng Khởi
Tỉnh Bến Tre,Huyện Mỏ Cày Nam,Xã Cẩm Sơn,Tỉnh Vĩnh Long,Xã Hương Mỹ
Tỉnh Bến Tre,Huyện Mỏ Cày Nam,Xã Hương Mỹ,Tỉnh Vĩnh Long,Xã Hương Mỹ
Tỉnh Bến Tre,Huyện Mỏ Cày Nam,Xã Minh Đức,Tỉnh Vĩnh Long,Xã An Định
Tỉnh Bến Tre,Huyện Mỏ Cày Nam,Xã Ngãi Đăng,Tỉnh Vĩnh Long,Xã Hương Mỹ
Tỉnh Bến Tre,Huyện Mỏ Cày Nam,Xã Phước Hiệp,Tỉnh Vĩnh Long,Xã Đồng Khởi
Tỉnh Bến Tre,Huyện Mỏ Cày Nam,Xã Thành Thới A,Tỉnh Vĩnh Long,Xã Thành Thới
Tỉnh Bến Tre,Huyện Mỏ Cày Nam,Xã Thành Thới B,Tỉnh Vĩnh Long,Xã Thành Thới
Tỉnh Bến Tre,Huyện Mỏ Cày Nam,Xã Tân Hội,Tỉnh Vĩnh Long,Xã Mỏ Cày
Tỉnh Bến Tre,Huyện Mỏ Cày Nam,Xã Tân Trung,Tỉnh Vĩnh Long,Xã An Định
Tỉnh Bến Tre,Huyện Mỏ Cày Nam,Xã Đa Phước Hội,Tỉnh Vĩnh Long,Xã Mỏ Cày
Tỉnh Bến Tre,Huyện Mỏ Cày Nam,Xã Định Thủy,Tỉnh Vĩnh Long,Xã Đồng Khởi
Tỉnh Bến Tre,Huyện Thạnh Phú,Thị trấn Thạnh Phú,Tỉnh Vĩnh Long,Xã Thạnh Phú
Tỉnh Bến Tre,Huyện Thạnh Phú,Xã An Nhơn,Tỉnh Vĩnh Long,Xã An Qui
Tỉnh Bến Tre,Huyện Thạnh Phú,Xã An Thuận,Tỉnh Vĩnh Long,Xã An Qui
Tỉnh Bến Tre,Huyện Thạnh Phú,Xã An Thạnh,Tỉnh Vĩnh Long,Xã Thạnh Phú
Tỉnh Bến Tre,Huyện Thạnh Phú,Xã An Điền,Tỉnh Vĩnh Long,Xã Thạnh Hải
Tỉnh Bến Tre,Huyện Thạnh Phú,Xã Bình Thạnh,Tỉnh Vĩnh Long,Xã Thạnh Phú
Tỉnh Bến Tre,Huyện Thạnh Phú,Xã Giao Thạnh,Tỉnh Vĩnh Long,Xã Thạnh Phong
Tỉnh Bến Tre,Huyện Thạnh Phú,Xã Hòa Lợi,Tỉnh Vĩnh Long,Xã Quới Điền
Tỉnh Bến Tre,Huyện Thạnh Phú,Xã Mỹ Hưng,Tỉnh Vĩnh Long,Xã Quới Điền
Tỉnh Bến Tre,Huyện Thạnh Phú,Xã Phú Khánh,Tỉnh Vĩnh Long,Xã Đại Điền
Tỉnh Bến Tre,Huyện Thạnh Phú,Xã Quới Điền,Tỉnh Vĩnh Long,Xã Quới Điền
Tỉnh Bến Tre,Huyện Thạnh Phú,Xã Thạnh Hải,Tỉnh Vĩnh Long,Xã Thạnh Hải
Tỉnh Bến Tre,Huyện Thạnh Phú,Xã Thạnh Phong,Tỉnh Vĩnh Long,Xã Thạnh Phong
Tỉnh Bến Tre,Huyện Thạnh Phú,Xã Thới Thạnh,Tỉnh Vĩnh Long,Xã Đại Điền
Tỉnh Bến Tre,Huyện Thạnh Phú,Xã Tân Phong,Tỉnh Vĩnh Long,Xã Đại Điền
Tỉnh Bến Tre,Huyện Thạnh Phú,Xã Đại Điền,Tỉnh Vĩnh Long,Xã Đại Điền
Tỉnh Bến Tre,Thành phố Bến Tre,Phường 6,Tỉnh Vĩnh Long,Phường Sơn Đông
Tỉnh Bến Tre,Thành phố Bến Tre,Phường 8,Tỉnh Vĩnh Long,Phường Phú Khương
Tỉnh Bến Tre,Thành phố Bến Tre,Phường An Hội,Tỉnh Vĩnh Long,Phường An Hội
Tỉnh Bến Tre,Thành phố Bến Tre,Phường Phú Khương,Tỉnh Vĩnh Long,Phường Phú Khương
Tỉnh Bến Tre,Thành phố Bến Tre,Phường Phú Tân,Tỉnh Vĩnh Long,Phường Phú Tân
Tỉnh Bến Tre,Thành phố Bến Tre,Xã Bình Phú,Tỉnh Vĩnh Long,Phường Bến Tre
Tỉnh Bến Tre,Thành phố Bến Tre,Xã Mỹ Thạnh An,Tỉnh Vĩnh Long,Phường An Hội
Tỉnh Bến Tre,Thành phố Bến Tre,Xã Nhơn Thạnh,Tỉnh Vĩnh Long,Phường Phú Khương
Tỉnh Bến Tre,Thành phố Bến Tre,Xã Phú Hưng,Tỉnh Vĩnh Long,Phường Phú Khương
Tỉnh Bến Tre,Thành phố Bến Tre,Xã Phú Nhuận,Tỉnh Vĩnh Long,Phường An Hội
Tỉnh Bến Tre,Thành phố Bến Tre,Xã Sơn Đông,Tỉnh Vĩnh Long,Phường Sơn Đông
Tỉnh Cao Bằng,Huyện Bảo Lâm,Thị trấn Pác Miầu,Tỉnh Cao Bằng,Xã Bảo Lâm
Tỉnh Cao Bằng,Huyện Bảo Lâm,Xã Lý Bôn,Tỉnh Cao Bằng,Xã Lý Bôn
Tỉnh Cao Bằng,Huyện Bảo Lâm,Xã Mông Ân,Tỉnh Cao Bằng,Xã Bảo Lâm
Tỉnh Cao Bằng,Huyện Bảo Lâm,Xã Nam Cao,Tỉnh Cao Bằng,Xã Nam Quang
Tỉnh Cao Bằng,Huyện Bảo Lâm,Xã Nam Quang,Tỉnh Cao Bằng,Xã Nam Quang
Tỉnh Cao Bằng,Huyện Bảo Lâm,Xã Quảng Lâm,Tỉnh Cao Bằng,Xã Quảng Lâm
Tỉnh Cao Bằng,Huyện Bảo Lâm,Xã Thái Học,Tỉnh Cao Bằng,Xã Yên Thổ
Tỉnh Cao Bằng,Huyện Bảo Lâm,Xã Thái Sơn,Tỉnh Cao Bằng,Xã Yên Thổ
Tỉnh Cao Bằng,Huyện Bảo Lâm,Xã Vĩnh Phong,Tỉnh Cao Bằng,Xã Bảo Lâm
Tỉnh Cao Bằng,Huyện Bảo Lâm,Xã Vĩnh Quang,Tỉnh Cao Bằng,Xã Lý Bôn
Tỉnh Cao Bằng,Huyện Bảo Lâm,Xã Yên Thổ,Tỉnh Cao Bằng,Xã Yên Thổ
Tỉnh Cao Bằng,Huyện Bảo Lâm,Xã Đức Hạnh,Tỉnh Cao Bằng,Xã Cốc Pàng
Tỉnh Cao Bằng,Huyện Bảo Lạc,Thị trấn Bảo Lạc,Tỉnh Cao Bằng,Xã Bảo Lạc
Tỉnh Cao Bằng,Huyện Bảo Lạc,Xã Bảo Toàn,Tỉnh Cao Bằng,Xã Bảo Lạc
Tỉnh Cao Bằng,Huyện Bảo Lạc,Xã Cô Ba,Tỉnh Cao Bằng,Xã Cô Ba
Tỉnh Cao Bằng,Huyện Bảo Lạc,Xã Cốc Pàng,Tỉnh Cao Bằng,Xã Cốc Pàng
Tỉnh Cao Bằng,Huyện Bảo Lạc,Xã Huy Giáp,Tỉnh Cao Bằng,Xã Huy Giáp
Tỉnh Cao Bằng,Huyện Bảo Lạc,Xã Hưng Thịnh,Tỉnh Cao Bằng,Xã Hưng Đạo
Tỉnh Cao Bằng,Huyện Bảo Lạc,Xã Hưng Đạo,Tỉnh Cao Bằng,Xã Hưng Đạo
Tỉnh Cao Bằng,Huyện Bảo Lạc,Xã Hồng An,Tỉnh Cao Bằng,Xã Xuân Trường
Tỉnh Cao Bằng,Huyện Bảo Lạc,Xã Hồng Trị,Tỉnh Cao Bằng,Xã Bảo Lạc
Tỉnh Cao Bằng,Huyện Bảo Lạc,Xã Khánh Xuân,Tỉnh Cao Bằng,Xã Khánh Xuân
Tỉnh Cao Bằng,Huyện Bảo Lạc,Xã Kim Cúc,Tỉnh Cao Bằng,Xã Hưng Đạo
Tỉnh Cao Bằng,Huyện Bảo Lạc,Xã Phan Thanh,Tỉnh Cao Bằng,Xã Khánh Xuân
Tỉnh Cao Bằng,Huyện Bảo Lạc,Xã Sơn Lập,Tỉnh Cao Bằng,Xã Sơn Lộ
Tỉnh Cao Bằng,Huyện Bảo Lạc,Xã Sơn Lộ,Tỉnh Cao Bằng,Xã Sơn Lộ
Tỉnh Cao Bằng,Huyện Bảo Lạc,Xã Thượng Hà,Tỉnh Cao Bằng,Xã Cô Ba
Tỉnh Cao Bằng,Huyện Bảo Lạc,Xã Xuân Trường,Tỉnh Cao Bằng,Xã Xuân Trường
Tỉnh Cao Bằng,Huyện Bảo Lạc,Xã Đình Phùng,Tỉnh Cao Bằng,Xã Huy Giáp
Tỉnh Cao Bằng,Huyện Hoà An,Thị trấn Nước Hai,Tỉnh Cao Bằng,Xã Hoà An
Tỉnh Cao Bằng,Huyện Hoà An,Xã Bình Dương,Tỉnh Cao Bằng,Xã Bạch Đằng
Tỉnh Cao Bằng,Huyện Hoà An,Xã Bạch Đằng,Tỉnh Cao Bằng,Xã Bạch Đằng
Tỉnh Cao Bằng,Huyện Hoà An,Xã Dân Chủ,Tỉnh Cao Bằng,Xã Nam Tuấn
Tỉnh Cao Bằng,Huyện Hoà An,Xã Hoàng Tung,Tỉnh Cao Bằng,Phường Thục Phán
Tỉnh Cao Bằng,Huyện Hoà An,Xã Hồng Nam,Tỉnh Cao Bằng,Xã Kim Đồng
Tỉnh Cao Bằng,Huyện Hoà An,Xã Hồng Việt,Tỉnh Cao Bằng,Xã Hoà An
Tỉnh Cao Bằng,Huyện Hoà An,Xã Lê Chung,Tỉnh Cao Bằng,Phường Tân Giang
Tỉnh Cao Bằng,Huyện Hoà An,Xã Nam Tuấn,Tỉnh Cao Bằng,Xã Nam Tuấn
Tỉnh Cao Bằng,Huyện Hoà An,Xã Nguyễn Huệ,Tỉnh Cao Bằng,Xã Nguyễn Huệ
Tỉnh Cao Bằng,Huyện Hoà An,Xã Ngũ Lão,Tỉnh Cao Bằng,Xã Nguyễn Huệ
Tỉnh Cao Bằng,Huyện Hoà An,Xã Quang Trung,Tỉnh Cao Bằng,Xã Nguyễn Huệ
Tỉnh Cao Bằng,Huyện Hoà An,Xã Trương Lương,Tỉnh Cao Bằng,Xã Minh Tâm
Tỉnh Cao Bằng,Huyện Hoà An,Xã Đại Tiến,Tỉnh Cao Bằng,Xã Hoà An
Tỉnh Cao Bằng,Huyện Hà Quảng,Thị trấn Thông Nông,Tỉnh Cao Bằng,Xã Thông Nông
Tỉnh Cao Bằng,Huyện Hà Quảng,Thị trấn Xuân Hòa,Tỉnh Cao Bằng,Xã Trường Hà
Tỉnh Cao Bằng,Huyện Hà Quảng,Xã Cải Viên,Tỉnh Cao Bằng,Xã Tổng Cọt
Tỉnh Cao Bằng,Huyện Hà Quảng,Xã Cần Nông,Tỉnh Cao Bằng,Xã Cần Yên
Tỉnh Cao Bằng,Huyện Hà Quảng,Xã Cần Yên,Tỉnh Cao Bằng,Xã Cần Yên
Tỉnh Cao Bằng,Huyện Hà Quảng,Xã Hồng Sỹ,Tỉnh Cao Bằng,Xã Hà Quảng
Tỉnh Cao Bằng,Huyện Hà Quảng,Xã Lũng Nặm,Tỉnh Cao Bằng,Xã Lũng Nặm
Tỉnh Cao Bằng,Huyện Hà Quảng,Xã Lương Can,Tỉnh Cao Bằng,Xã Thông Nông
Tỉnh Cao Bằng,Huyện Hà Quảng,Xã Lương Thông,Tỉnh Cao Bằng,Xã Cần Yên
Tỉnh Cao Bằng,Huyện Hà Quảng,Xã Mã Ba,Tỉnh Cao Bằng,Xã Hà Quảng
Tỉnh Cao Bằng,Huyện Hà Quảng,Xã Ngọc Đào,Tỉnh Cao Bằng,Xã Hà Quảng
Tỉnh Cao Bằng,Huyện Hà Quảng,Xã Ngọc Động,Tỉnh Cao Bằng,Xã Thanh Long
Tỉnh Cao Bằng,Huyện Hà Quảng,Xã Nội Thôn,Tỉnh Cao Bằng,Xã Tổng Cọt
Tỉnh Cao Bằng,Huyện Hà Quảng,Xã Quý Quân,Tỉnh Cao Bằng,Xã Trường Hà
Tỉnh Cao Bằng,Huyện Hà Quảng,Xã Sóc Hà,Tỉnh Cao Bằng,Xã Trường Hà
Tỉnh Cao Bằng,Huyện Hà Quảng,Xã Thanh Long,Tỉnh Cao Bằng,Xã Thanh Long
Tỉnh Cao Bằng,Huyện Hà Quảng,Xã Thượng Thôn,Tỉnh Cao Bằng,Xã Lũng Nặm
Tỉnh Cao Bằng,Huyện Hà Quảng,Xã Trường Hà,Tỉnh Cao Bằng,Xã Trường Hà
Tỉnh Cao Bằng,Huyện Hà Quảng,Xã Tổng Cọt,Tỉnh Cao Bằng,Xã Tổng Cọt
Tỉnh Cao Bằng,Huyện Hà Quảng,Xã Yên Sơn,Tỉnh Cao Bằng,Xã Thanh Long
Tỉnh Cao Bằng,Huyện Hà Quảng,Xã Đa Thông,Tỉnh Cao Bằng,Xã Thông Nông
Tỉnh Cao Bằng,Huyện Hạ Lang,Thị trấn Thanh Nhật,Tỉnh Cao Bằng,Xã Hạ Lang
Tỉnh Cao Bằng,Huyện Hạ Lang,Xã An Lạc,Tỉnh Cao Bằng,Xã Vinh Quý
Tỉnh Cao Bằng,Huyện Hạ Lang,Xã Cô Ngân,Tỉnh Cao Bằng,Xã Vinh Quý
Tỉnh Cao Bằng,Huyện Hạ Lang,Xã Kim Loan,Tỉnh Cao Bằng,Xã Vinh Quý
Tỉnh Cao Bằng,Huyện Hạ Lang,Xã Lý Quốc,Tỉnh Cao Bằng,Xã Lý Quốc
Tỉnh Cao Bằng,Huyện Hạ Lang,Xã Minh Long,Tỉnh Cao Bằng,Xã Lý Quốc
Tỉnh Cao Bằng,Huyện Hạ Lang,Xã Quang Long,Tỉnh Cao Bằng,Xã Quang Long
Tỉnh Cao Bằng,Huyện Hạ Lang,Xã Thắng Lợi,Tỉnh Cao Bằng,Xã Quang Long
Tỉnh Cao Bằng,Huyện Hạ Lang,Xã Thị Hoa,Tỉnh Cao Bằng,Xã Hạ Lang
Tỉnh Cao Bằng,Huyện Hạ Lang,Xã Thống Nhất,Tỉnh Cao Bằng,Xã Hạ Lang
Tỉnh Cao Bằng,Huyện Hạ Lang,Xã Vinh Quý,Tỉnh Cao Bằng,Xã Vinh Quý
Tỉnh Cao Bằng,Huyện Hạ Lang,Xã Đồng Loan,Tỉnh Cao Bằng,Xã Lý Quốc
Tỉnh Cao Bằng,Huyện Hạ Lang,Xã Đức Quang,Tỉnh Cao Bằng,Xã Quang Long
Tỉnh Cao Bằng,Huyện Nguyên Bình,Thị trấn Nguyên Bình,Tỉnh Cao Bằng,Xã Nguyên Bình
Tỉnh Cao Bằng,Huyện Nguyên Bình,Thị trấn Tĩnh Túc,Tỉnh Cao Bằng,Xã Tĩnh Túc
Tỉnh Cao Bằng,Huyện Nguyên Bình,Xã Ca Thành,Tỉnh Cao Bằng,Xã Ca Thành
Tỉnh Cao Bằng,Huyện Nguyên Bình,Xã Hoa Thám,Tỉnh Cao Bằng,Xã Tam Kim
Tỉnh Cao Bằng,Huyện Nguyên Bình,Xã Hưng Đạo,Tỉnh Cao Bằng,Xã Tam Kim
Tỉnh Cao Bằng,Huyện Nguyên Bình,Xã Mai Long,Tỉnh Cao Bằng,Xã Phan Thanh
Tỉnh Cao Bằng,Huyện Nguyên Bình,Xã Minh Tâm,Tỉnh Cao Bằng,Xã Minh Tâm
Tỉnh Cao Bằng,Huyện Nguyên Bình,Xã Phan Thanh,Tỉnh Cao Bằng,Xã Phan Thanh
Tỉnh Cao Bằng,Huyện Nguyên Bình,Xã Quang Thành,Tỉnh Cao Bằng,Xã Thành Công
Tỉnh Cao Bằng,Huyện Nguyên Bình,Xã Tam Kim,Tỉnh Cao Bằng,Xã Tam Kim
Tỉnh Cao Bằng,Huyện Nguyên Bình,Xã Thành Công,Tỉnh Cao Bằng,Xã Thành Công
Tỉnh Cao Bằng,Huyện Nguyên Bình,Xã Thể Dục,Tỉnh Cao Bằng,Xã Nguyên Bình
Tỉnh Cao Bằng,Huyện Nguyên Bình,Xã Thịnh Vượng,Tỉnh Cao Bằng,Xã Bạch Đằng
Tỉnh Cao Bằng,Huyện Nguyên Bình,Xã Triệu Nguyên,Tỉnh Cao Bằng,Xã Tĩnh Túc
Tỉnh Cao Bằng,Huyện Nguyên Bình,Xã Vũ Minh,Tỉnh Cao Bằng,Xã Nguyên Bình
Tỉnh Cao Bằng,Huyện Nguyên Bình,Xã Vũ Nông,Tỉnh Cao Bằng,Xã Tĩnh Túc
Tỉnh Cao Bằng,Huyện Nguyên Bình,Xã Yên Lạc,Tỉnh Cao Bằng,Xã Ca Thành
Tỉnh Cao Bằng,Huyện Quảng Hòa,Thị trấn Hoà Thuận,Tỉnh Cao Bằng,Xã Phục Hoà
Tỉnh Cao Bằng,Huyện Quảng Hòa,Thị trấn Quảng Uyên,Tỉnh Cao Bằng,Xã Quảng Uyên
Tỉnh Cao Bằng,Huyện Quảng Hòa,Thị trấn Tà Lùng,Tỉnh Cao Bằng,Xã Phục Hoà
Tỉnh Cao Bằng,Huyện Quảng Hòa,Xã Bế Văn Đàn,Tỉnh Cao Bằng,Xã Bế Văn Đàn
Tỉnh Cao Bằng,Huyện Quảng Hòa,Xã Cai Bộ,Tỉnh Cao Bằng,Xã Độc Lập
Tỉnh Cao Bằng,Huyện Quảng Hòa,Xã Chí Thảo,Tỉnh Cao Bằng,Xã Quảng Uyên
Tỉnh Cao Bằng,Huyện Quảng Hòa,Xã Cách Linh,Tỉnh Cao Bằng,Xã Bế Văn Đàn
Tỉnh Cao Bằng,Huyện Quảng Hòa,Xã Hạnh Phúc,Tỉnh Cao Bằng,Xã Hạnh Phúc
Tỉnh Cao Bằng,Huyện Quảng Hòa,Xã Hồng Quang,Tỉnh Cao Bằng,Xã Bế Văn Đàn
Tỉnh Cao Bằng,Huyện Quảng Hòa,Xã Mỹ Hưng,Tỉnh Cao Bằng,Xã Phục Hoà
Tỉnh Cao Bằng,Huyện Quảng Hòa,Xã Ngọc Động,Tỉnh Cao Bằng,Xã Hạnh Phúc
Tỉnh Cao Bằng,Huyện Quảng Hòa,Xã Phi Hải,Tỉnh Cao Bằng,Xã Quảng Uyên
Tỉnh Cao Bằng,Huyện Quảng Hòa,Xã Phúc Sen,Tỉnh Cao Bằng,Xã Quảng Uyên
Tỉnh Cao Bằng,Huyện Quảng Hòa,Xã Quảng Hưng,Tỉnh Cao Bằng,Xã Độc Lập
Tỉnh Cao Bằng,Huyện Quảng Hòa,Xã Quốc Toản,Tỉnh Cao Bằng,Xã Trà Lĩnh
Tỉnh Cao Bằng,Huyện Quảng Hòa,Xã Tiên Thành,Tỉnh Cao Bằng,Xã Thạch An
Tỉnh Cao Bằng,Huyện Quảng Hòa,Xã Tự Do,Tỉnh Cao Bằng,Xã Hạnh Phúc
Tỉnh Cao Bằng,Huyện Quảng Hòa,Xã Đại Sơn,Tỉnh Cao Bằng,Xã Phục Hoà
Tỉnh Cao Bằng,Huyện Quảng Hòa,Xã Độc Lập,Tỉnh Cao Bằng,Xã Độc Lập
Tỉnh Cao Bằng,Huyện Thạch An,Thị trấn Đông Khê,Tỉnh Cao Bằng,Xã Đông Khê
Tỉnh Cao Bằng,Huyện Thạch An,Xã Canh Tân,Tỉnh Cao Bằng,Xã Canh Tân
Tỉnh Cao Bằng,Huyện Thạch An,Xã Kim Đồng,Tỉnh Cao Bằng,Xã Kim Đồng
Tỉnh Cao Bằng,Huyện Thạch An,Xã Lê Lai,Tỉnh Cao Bằng,Xã Thạch An
Tỉnh Cao Bằng,Huyện Thạch An,Xã Lê Lợi,Tỉnh Cao Bằng,Xã Đức Long
Tỉnh Cao Bằng,Huyện Thạch An,Xã Minh Khai,Tỉnh Cao Bằng,Xã Minh Khai
Tỉnh Cao Bằng,Huyện Thạch An,Xã Quang Trọng,Tỉnh Cao Bằng,Xã Minh Khai
Tỉnh Cao Bằng,Huyện Thạch An,Xã Thái Cường,Tỉnh Cao Bằng,Xã Kim Đồng
Tỉnh Cao Bằng,Huyện Thạch An,Xã Thụy Hùng,Tỉnh Cao Bằng,Xã Đức Long
Tỉnh Cao Bằng,Huyện Thạch An,Xã Trọng Con,Tỉnh Cao Bằng,Xã Đông Khê
Tỉnh Cao Bằng,Huyện Thạch An,Xã Vân Trình,Tỉnh Cao Bằng,Xã Thạch An
Tỉnh Cao Bằng,Huyện Thạch An,Xã Đức Thông,Tỉnh Cao Bằng,Xã Canh Tân
Tỉnh Cao Bằng,Huyện Thạch An,Xã Đức Xuân,Tỉnh Cao Bằng,Xã Đông Khê
Tỉnh Cao Bằng,Huyện Trùng Khánh,Thị trấn Trà Lĩnh,Tỉnh Cao Bằng,Xã Trà Lĩnh
Tỉnh Cao Bằng,Huyện Trùng Khánh,Thị trấn Trùng Khánh,Tỉnh Cao Bằng,Xã Trùng Khánh
Tỉnh Cao Bằng,Huyện Trùng Khánh,Xã Cao Chương,Tỉnh Cao Bằng,Xã Trà Lĩnh
Tỉnh Cao Bằng,Huyện Trùng Khánh,Xã Cao Thăng,Tỉnh Cao Bằng,Xã Đoài Dương
Tỉnh Cao Bằng,Huyện Trùng Khánh,Xã Chí Viễn,Tỉnh Cao Bằng,Xã Đàm Thuỷ
Tỉnh Cao Bằng,Huyện Trùng Khánh,Xã Khâm Thành,Tỉnh Cao Bằng,Xã Trùng Khánh
Tỉnh Cao Bằng,Huyện Trùng Khánh,Xã Lăng Hiếu,Tỉnh Cao Bằng,Xã Trùng Khánh
Tỉnh Cao Bằng,Huyện Trùng Khánh,Xã Ngọc Côn,Tỉnh Cao Bằng,Xã Đình Phong
Tỉnh Cao Bằng,Huyện Trùng Khánh,Xã Ngọc Khê,Tỉnh Cao Bằng,Xã Đình Phong
Tỉnh Cao Bằng,Huyện Trùng Khánh,Xã Phong Châu,Tỉnh Cao Bằng,Xã Đàm Thuỷ
Tỉnh Cao Bằng,Huyện Trùng Khánh,Xã Quang Hán,Tỉnh Cao Bằng,Xã Quang Hán
Tỉnh Cao Bằng,Huyện Trùng Khánh,Xã Quang Trung,Tỉnh Cao Bằng,Xã Quang Trung
Tỉnh Cao Bằng,Huyện Trùng Khánh,Xã Quang Vinh,Tỉnh Cao Bằng,Xã Quang Hán
Tỉnh Cao Bằng,Huyện Trùng Khánh,Xã Tri Phương,Tỉnh Cao Bằng,Xã Quang Trung
Tỉnh Cao Bằng,Huyện Trùng Khánh,Xã Trung Phúc,Tỉnh Cao Bằng,Xã Đoài Dương
Tỉnh Cao Bằng,Huyện Trùng Khánh,Xã Xuân Nội,Tỉnh Cao Bằng,Xã Quang Trung
Tỉnh Cao Bằng,Huyện Trùng Khánh,Xã Đoài Dương,Tỉnh Cao Bằng,Xã Đoài Dương
Tỉnh Cao Bằng,Huyện Trùng Khánh,Xã Đàm Thuỷ,Tỉnh Cao Bằng,Xã Đàm Thuỷ
Tỉnh Cao Bằng,Huyện Trùng Khánh,Xã Đình Phong,Tỉnh Cao Bằng,Xã Đình Phong
Tỉnh Cao Bằng,Huyện Trùng Khánh,Xã Đức Hồng,Tỉnh Cao Bằng,Xã Trùng Khánh
Tỉnh Cao Bằng,Thành phố Cao Bằng,Phường Duyệt Trung,Tỉnh Cao Bằng,Phường Tân Giang
Tỉnh Cao Bằng,Thành phố Cao Bằng,Phường Hoà Chung,Tỉnh Cao Bằng,Phường Tân Giang
Tỉnh Cao Bằng,Thành phố Cao Bằng,Phường Hợp Giang,Tỉnh Cao Bằng,Phường Thục Phán
Tỉnh Cao Bằng,Thành phố Cao Bằng,Phường Ngọc Xuân,Tỉnh Cao Bằng,Phường Nùng Trí Cao
Tỉnh Cao Bằng,Thành phố Cao Bằng,Phường Sông Bằng,Tỉnh Cao Bằng,Phường Nùng Trí Cao
Tỉnh Cao Bằng,Thành phố Cao Bằng,Phường Sông Hiến,Tỉnh Cao Bằng,Phường Thục Phán
Tỉnh Cao Bằng,Thành phố Cao Bằng,Phường Tân Giang,Tỉnh Cao Bằng,Phường Tân Giang
Tỉnh Cao Bằng,Thành phố Cao Bằng,Phường Đề Thám,Tỉnh Cao Bằng,Phường Thục Phán
Tỉnh Cao Bằng,Thành phố Cao Bằng,Xã Chu Trinh,Tỉnh Cao Bằng,Phường Tân Giang
Tỉnh Cao Bằng,Thành phố Cao Bằng,Xã Hưng Đạo,Tỉnh Cao Bằng,Phường Thục Phán
Tỉnh Cao Bằng,Thành phố Cao Bằng,Xã Vĩnh Quang,Tỉnh Cao Bằng,Phường Nùng Trí Cao
Tỉnh Cà Mau,Huyện Cái Nước,Thị trấn Cái Nước,Tỉnh Cà Mau,Xã Cái Nước
Tỉnh Cà Mau,Huyện Cái Nước,Xã Hoà Mỹ,Tỉnh Cà Mau,Xã Hưng Mỹ
Tỉnh Cà Mau,Huyện Cái Nước,Xã Hoà Mỹ,Tỉnh Cà Mau,Xã Phú Mỹ
Tỉnh Cà Mau,Huyện Cái Nước,Xã Hoà Mỹ,Tỉnh Cà Mau,Xã Tân Hưng
Tỉnh Cà Mau,Huyện Cái Nước,Xã Hưng Mỹ,Tỉnh Cà Mau,Xã Hưng Mỹ
Tỉnh Cà Mau,Huyện Cái Nước,Xã Lương Thế Trân,Tỉnh Cà Mau,Xã Lương Thế Trân
Tỉnh Cà Mau,Huyện Cái Nước,Xã Phú Hưng,Tỉnh Cà Mau,Xã Lương Thế Trân
Tỉnh Cà Mau,Huyện Cái Nước,Xã Thạnh Phú,Tỉnh Cà Mau,Xã Lương Thế Trân
Tỉnh Cà Mau,Huyện Cái Nước,Xã Trần Thới,Tỉnh Cà Mau,Xã Cái Nước
Tỉnh Cà Mau,Huyện Cái Nước,Xã Tân Hưng,Tỉnh Cà Mau,Xã Tân Hưng
Tỉnh Cà Mau,Huyện Cái Nước,Xã Tân Hưng Đông,Tỉnh Cà Mau,Xã Cái Nước
Tỉnh Cà Mau,Huyện Cái Nước,Xã Tân Hưng Đông,Tỉnh Cà Mau,Xã Hưng Mỹ
Tỉnh Cà Mau,Huyện Cái Nước,Xã Đông Hưng,Tỉnh Cà Mau,Xã Cái Nước
Tỉnh Cà Mau,Huyện Cái Nước,Xã Đông Hưng,Tỉnh Cà Mau,Xã Tân Hưng
Tỉnh Cà Mau,Huyện Cái Nước,Xã Đông Thới,Tỉnh Cà Mau,Xã Cái Nước
Tỉnh Cà Mau,Huyện Cái Nước,Xã Đông Thới,Tỉnh Cà Mau,Xã Tân Hưng
Tỉnh Cà Mau,Huyện Ngọc Hiển,Thị trấn Rạch Gốc,Tỉnh Cà Mau,Xã Phan Ngọc Hiển
Tỉnh Cà Mau,Huyện Ngọc Hiển,Xã Tam Giang Tây,Tỉnh Cà Mau,Xã Tân Ân
Tỉnh Cà Mau,Huyện Ngọc Hiển,Xã Tân Ân,Tỉnh Cà Mau,Xã Phan Ngọc Hiển
Tỉnh Cà Mau,Huyện Ngọc Hiển,Xã Tân Ân,Tỉnh Cà Mau,Xã Đất Mũi
Tỉnh Cà Mau,Huyện Ngọc Hiển,Xã Tân Ân Tây,Tỉnh Cà Mau,Xã Tân Ân
Tỉnh Cà Mau,Huyện Ngọc Hiển,Xã Viên An,Tỉnh Cà Mau,Xã Đất Mũi
Tỉnh Cà Mau,Huyện Ngọc Hiển,Xã Viên An,Tỉnh Cà Mau,Xã Đất Mới
Tỉnh Cà Mau,Huyện Ngọc Hiển,Xã Viên An Đông,Tỉnh Cà Mau,Xã Phan Ngọc Hiển
Tỉnh Cà Mau,Huyện Ngọc Hiển,Xã Đất Mũi,Tỉnh Cà Mau,Xã Đất Mũi
Tỉnh Cà Mau,Huyện Năm Căn,Thị trấn Năm Căn,Tỉnh Cà Mau,Xã Năm Căn
Tỉnh Cà Mau,Huyện Năm Căn,Thị trấn Năm Căn,Tỉnh Cà Mau,Xã Đất Mới
Tỉnh Cà Mau,Huyện Năm Căn,Xã Hiệp Tùng,Tỉnh Cà Mau,Xã Tam Giang
Tỉnh Cà Mau,Huyện Năm Căn,Xã Hàm Rồng,Tỉnh Cà Mau,Xã Năm Căn
Tỉnh Cà Mau,Huyện Năm Căn,Xã Hàm Rồng,Tỉnh Cà Mau,Xã Đất Mới
Tỉnh Cà Mau,Huyện Năm Căn,Xã Hàng Vịnh,Tỉnh Cà Mau,Xã Năm Căn
Tỉnh Cà Mau,Huyện Năm Căn,Xã Lâm Hải,Tỉnh Cà Mau,Xã Đất Mới
Tỉnh Cà Mau,Huyện Năm Căn,Xã Tam Giang,Tỉnh Cà Mau,Xã Tam Giang
Tỉnh Cà Mau,Huyện Năm Căn,Xã Tam Giang Đông,Tỉnh Cà Mau,Xã Tam Giang
Tỉnh Cà Mau,Huyện Năm Căn,Xã Đất Mới,Tỉnh Cà Mau,Xã Đất Mới
Tỉnh Cà Mau,Huyện Phú Tân,Thị trấn Cái Đôi Vàm,Tỉnh Cà Mau,Xã Cái Đôi Vàm
Tỉnh Cà Mau,Huyện Phú Tân,Xã Nguyễn Việt Khái,Tỉnh Cà Mau,Xã Cái Đôi Vàm
Tỉnh Cà Mau,Huyện Phú Tân,Xã Phú Mỹ,Tỉnh Cà Mau,Xã Phú Mỹ
Tỉnh Cà Mau,Huyện Phú Tân,Xã Phú Thuận,Tỉnh Cà Mau,Xã Phú Mỹ
Tỉnh Cà Mau,Huyện Phú Tân,Xã Phú Tân,Tỉnh Cà Mau,Xã Phú Tân
Tỉnh Cà Mau,Huyện Phú Tân,Xã Rạch Chèo,Tỉnh Cà Mau,Xã Nguyễn Việt Khái
Tỉnh Cà Mau,Huyện Phú Tân,Xã Tân Hưng Tây,Tỉnh Cà Mau,Xã Nguyễn Việt Khái
Tỉnh Cà Mau,Huyện Phú Tân,Xã Tân Hải,Tỉnh Cà Mau,Xã Phú Tân
Tỉnh Cà Mau,Huyện Phú Tân,Xã Việt Thắng,Tỉnh Cà Mau,Xã Nguyễn Việt Khái
Tỉnh Cà Mau,Huyện Thới Bình,Thị trấn Thới Bình,Tỉnh Cà Mau,Xã Thới Bình
Tỉnh Cà Mau,Huyện Thới Bình,Xã Biển Bạch,Tỉnh Cà Mau,Xã Biển Bạch
Tỉnh Cà Mau,Huyện Thới Bình,Xã Biển Bạch Đông,Tỉnh Cà Mau,Xã Biển Bạch
Tỉnh Cà Mau,Huyện Thới Bình,Xã Thới Bình,Tỉnh Cà Mau,Xã Thới Bình
Tỉnh Cà Mau,Huyện Thới Bình,Xã Trí Lực,Tỉnh Cà Mau,Xã Trí Phải
Tỉnh Cà Mau,Huyện Thới Bình,Xã Trí Phải,Tỉnh Cà Mau,Xã Trí Phải
Tỉnh Cà Mau,Huyện Thới Bình,Xã Tân Bằng,Tỉnh Cà Mau,Xã Biển Bạch
Tỉnh Cà Mau,Huyện Thới Bình,Xã Tân Lộc,Tỉnh Cà Mau,Xã Tân Lộc
Tỉnh Cà Mau,Huyện Thới Bình,Xã Tân Lộc Bắc,Tỉnh Cà Mau,Xã Tân Lộc
Tỉnh Cà Mau,Huyện Thới Bình,Xã Tân Lộc Đông,Tỉnh Cà Mau,Xã Tân Lộc
Tỉnh Cà Mau,Huyện Thới Bình,Xã Tân Phú,Tỉnh Cà Mau,Xã Trí Phải
Tỉnh Cà Mau,Huyện Trần Văn Thời,Thị trấn Sông Đốc,Tỉnh Cà Mau,Xã Sông Đốc
Tỉnh Cà Mau,Huyện Trần Văn Thời,Thị trấn Trần Văn Thời,Tỉnh Cà Mau,Xã Trần Văn Thời
Tỉnh Cà Mau,Huyện Trần Văn Thời,Xã Khánh Bình,Tỉnh Cà Mau,Xã Khánh Bình
Tỉnh Cà Mau,Huyện Trần Văn Thời,Xã Khánh Bình Tây,Tỉnh Cà Mau,Xã Đá Bạc
Tỉnh Cà Mau,Huyện Trần Văn Thời,Xã Khánh Bình Tây Bắc,Tỉnh Cà Mau,Xã Đá Bạc
Tỉnh Cà Mau,Huyện Trần Văn Thời,Xã Khánh Bình Đông,Tỉnh Cà Mau,Xã Khánh Bình
Tỉnh Cà Mau,Huyện Trần Văn Thời,Xã Khánh Hưng,Tỉnh Cà Mau,Xã Khánh Hưng
Tỉnh Cà Mau,Huyện Trần Văn Thời,Xã Khánh Hải,Tỉnh Cà Mau,Xã Khánh Hưng
Tỉnh Cà Mau,Huyện Trần Văn Thời,Xã Khánh Lộc,Tỉnh Cà Mau,Xã Trần Văn Thời
Tỉnh Cà Mau,Huyện Trần Văn Thời,Xã Lợi An,Tỉnh Cà Mau,Phường Lý Văn Lâm
Tỉnh Cà Mau,Huyện Trần Văn Thời,Xã Lợi An,Tỉnh Cà Mau,Xã Lương Thế Trân
Tỉnh Cà Mau,Huyện Trần Văn Thời,Xã Lợi An,Tỉnh Cà Mau,Xã Trần Văn Thời
Tỉnh Cà Mau,Huyện Trần Văn Thời,Xã Phong Lạc,Tỉnh Cà Mau,Xã Trần Văn Thời
Tỉnh Cà Mau,Huyện Trần Văn Thời,Xã Phong Điền,Tỉnh Cà Mau,Xã Sông Đốc
Tỉnh Cà Mau,Huyện Trần Văn Thời,Xã Phong Điền,Tỉnh Cà Mau,Xã Trần Văn Thời
Tỉnh Cà Mau,Huyện Trần Văn Thời,Xã Trần Hợi,Tỉnh Cà Mau,Xã Trần Văn Thời
Tỉnh Cà Mau,Huyện Trần Văn Thời,Xã Trần Hợi,Tỉnh Cà Mau,Xã Đá Bạc
Tỉnh Cà Mau,Huyện U Minh,Thị trấn U Minh,Tỉnh Cà Mau,Xã Nguyễn Phích
Tỉnh Cà Mau,Huyện U Minh,Xã Khánh An,Tỉnh Cà Mau,Xã Khánh An
Tỉnh Cà Mau,Huyện U Minh,Xã Khánh Hòa,Tỉnh Cà Mau,Xã U Minh
Tỉnh Cà Mau,Huyện U Minh,Xã Khánh Hội,Tỉnh Cà Mau,Xã Khánh Lâm
Tỉnh Cà Mau,Huyện U Minh,Xã Khánh Lâm,Tỉnh Cà Mau,Xã Khánh Lâm
Tỉnh Cà Mau,Huyện U Minh,Xã Khánh Lâm,Tỉnh Cà Mau,Xã U Minh
Tỉnh Cà Mau,Huyện U Minh,Xã Khánh Thuận,Tỉnh Cà Mau,Xã Nguyễn Phích
Tỉnh Cà Mau,Huyện U Minh,Xã Khánh Thuận,Tỉnh Cà Mau,Xã U Minh
Tỉnh Cà Mau,Huyện U Minh,Xã Khánh Tiến,Tỉnh Cà Mau,Xã U Minh
Tỉnh Cà Mau,Huyện U Minh,Xã Nguyễn Phích,Tỉnh Cà Mau,Xã Khánh An
Tỉnh Cà Mau,Huyện U Minh,Xã Nguyễn Phích,Tỉnh Cà Mau,Xã Khánh Lâm
Tỉnh Cà Mau,Huyện U Minh,Xã Nguyễn Phích,Tỉnh Cà Mau,Xã Nguyễn Phích
Tỉnh Cà Mau,Huyện Đầm Dơi,Thị trấn Đầm Dơi,Tỉnh Cà Mau,Xã Đầm Dơi
Tỉnh Cà Mau,Huyện Đầm Dơi,Xã Nguyễn Huân,Tỉnh Cà Mau,Xã Tân Tiến
Tỉnh Cà Mau,Huyện Đầm Dơi,Xã Ngọc Chánh,Tỉnh Cà Mau,Xã Thanh Tùng
Tỉnh Cà Mau,Huyện Đầm Dơi,Xã Quách Phẩm,Tỉnh Cà Mau,Xã Quách Phẩm
Tỉnh Cà Mau,Huyện Đầm Dơi,Xã Quách Phẩm Bắc,Tỉnh Cà Mau,Xã Quách Phẩm
Tỉnh Cà Mau,Huyện Đầm Dơi,Xã Thanh Tùng,Tỉnh Cà Mau,Xã Thanh Tùng
Tỉnh Cà Mau,Huyện Đầm Dơi,Xã Trần Phán,Tỉnh Cà Mau,Xã Trần Phán
Tỉnh Cà Mau,Huyện Đầm Dơi,Xã Tân Duyệt,Tỉnh Cà Mau,Xã Đầm Dơi
Tỉnh Cà Mau,Huyện Đầm Dơi,Xã Tân Dân,Tỉnh Cà Mau,Xã Đầm Dơi
Tỉnh Cà Mau,Huyện Đầm Dơi,Xã Tân Thuận,Tỉnh Cà Mau,Xã Tân Thuận
Tỉnh Cà Mau,Huyện Đầm Dơi,Xã Tân Tiến,Tỉnh Cà Mau,Xã Tân Tiến
Tỉnh Cà Mau,Huyện Đầm Dơi,Xã Tân Trung,Tỉnh Cà Mau,Xã Trần Phán
Tỉnh Cà Mau,Huyện Đầm Dơi,Xã Tân Đức,Tỉnh Cà Mau,Xã Tân Thuận
Tỉnh Cà Mau,Huyện Đầm Dơi,Xã Tạ An Khương,Tỉnh Cà Mau,Xã Tạ An Khương
Tỉnh Cà Mau,Huyện Đầm Dơi,Xã Tạ An Khương,Tỉnh Cà Mau,Xã Đầm Dơi
Tỉnh Cà Mau,Huyện Đầm Dơi,Xã Tạ An Khương Nam,Tỉnh Cà Mau,Xã Tạ An Khương
Tỉnh Cà Mau,Huyện Đầm Dơi,Xã Tạ An Khương Đông,Tỉnh Cà Mau,Xã Tạ An Khương
Tỉnh Cà Mau,Thành phố Cà Mau,Phường 1,Tỉnh Cà Mau,Phường An Xuyên
Tỉnh Cà Mau,Thành phố Cà Mau,Phường 2,Tỉnh Cà Mau,Phường An Xuyên
Tỉnh Cà Mau,Thành phố Cà Mau,Phường 5,Tỉnh Cà Mau,Phường Tân Thành
Tỉnh Cà Mau,Thành phố Cà Mau,Phường 6,Tỉnh Cà Mau,Phường Hoà Thành
Tỉnh Cà Mau,Thành phố Cà Mau,Phường 6,Tỉnh Cà Mau,Phường Tân Thành
Tỉnh Cà Mau,Thành phố Cà Mau,Phường 7,Tỉnh Cà Mau,Phường Tân Thành
Tỉnh Cà Mau,Thành phố Cà Mau,Phường 8,Tỉnh Cà Mau,Phường Lý Văn Lâm
Tỉnh Cà Mau,Thành phố Cà Mau,Phường 9,Tỉnh Cà Mau,Phường An Xuyên
Tỉnh Cà Mau,Thành phố Cà Mau,Phường Tân Thành,Tỉnh Cà Mau,Phường Tân Thành
Tỉnh Cà Mau,Thành phố Cà Mau,Phường Tân Xuyên,Tỉnh Cà Mau,Phường An Xuyên
Tỉnh Cà Mau,Thành phố Cà Mau,Xã An Xuyên,Tỉnh Cà Mau,Phường An Xuyên
Tỉnh Cà Mau,Thành phố Cà Mau,Xã Hòa Thành,Tỉnh Cà Mau,Phường Hoà Thành
Tỉnh Cà Mau,Thành phố Cà Mau,Xã Hòa Tân,Tỉnh Cà Mau,Phường Hoà Thành
Tỉnh Cà Mau,Thành phố Cà Mau,Xã Lý Văn Lâm,Tỉnh Cà Mau,Phường Lý Văn Lâm
Tỉnh Cà Mau,Thành phố Cà Mau,Xã Tân Thành,Tỉnh Cà Mau,Phường Tân Thành
Tỉnh Cà Mau,Thành phố Cà Mau,Xã Tắc Vân,Tỉnh Cà Mau,Phường Hoà Thành
Tỉnh Cà Mau,Thành phố Cà Mau,Xã Tắc Vân,Tỉnh Cà Mau,Phường Tân Thành
Tỉnh Cà Mau,Thành phố Cà Mau,Xã Định Bình,Tỉnh Cà Mau,Phường Hoà Thành
Tỉnh Cà Mau,Thành phố Cà Mau,Xã Định Bình,Tỉnh Cà Mau,Phường Tân Thành
Tỉnh Gia Lai,Huyện Chư Prông,Thị trấn Chư Prông,Tỉnh Gia Lai,Xã Chư Prông
Tỉnh Gia Lai,Huyện Chư Prông,Xã Bàu Cạn,Tỉnh Gia Lai,Xã Bàu Cạn
Tỉnh Gia Lai,Huyện Chư Prông,Xã Bình Giáo,Tỉnh Gia Lai,Xã Bàu Cạn
Tỉnh Gia Lai,Huyện Chư Prông,Xã Ia Bang,Tỉnh Gia Lai,Xã Ia Tôr
Tỉnh Gia Lai,Huyện Chư Prông,Xã Ia Boòng,Tỉnh Gia Lai,Xã Ia Boòng
Tỉnh Gia Lai,Huyện Chư Prông,Xã Ia Băng,Tỉnh Gia Lai,Xã Ia Tôr
Tỉnh Gia Lai,Huyện Chư Prông,Xã Ia Ga,Tỉnh Gia Lai,Xã Ia Pia
Tỉnh Gia Lai,Huyện Chư Prông,Xã Ia Kly,Tỉnh Gia Lai,Xã Chư Prông
Tỉnh Gia Lai,Huyện Chư Prông,Xã Ia Lâu,Tỉnh Gia Lai,Xã Ia Lâu
Tỉnh Gia Lai,Huyện Chư Prông,Xã Ia Me,Tỉnh Gia Lai,Xã Ia Boòng
Tỉnh Gia Lai,Huyện Chư Prông,Xã Ia O,Tỉnh Gia Lai,Xã Ia Boòng
Tỉnh Gia Lai,Huyện Chư Prông,Xã Ia Phìn,Tỉnh Gia Lai,Xã Chư Prông
Tỉnh Gia Lai,Huyện Chư Prông,Xã Ia Pia,Tỉnh Gia Lai,Xã Ia Pia
Tỉnh Gia Lai,Huyện Chư Prông,Xã Ia Piơr,Tỉnh Gia Lai,Xã Ia Lâu
Tỉnh Gia Lai,Huyện Chư Prông,Xã Ia Tôr,Tỉnh Gia Lai,Xã Ia Tôr
Tỉnh Gia Lai,Huyện Chư Prông,Xã Ia Vê,Tỉnh Gia Lai,Xã Ia Pia
Tỉnh Gia Lai,Huyện Chư Prông,Xã Thăng Hưng,Tỉnh Gia Lai,Xã Bàu Cạn
Tỉnh Gia Lai,Huyện Chư Păh,Thị trấn Ia Ly,Tỉnh Gia Lai,Xã Ia Ly
Tỉnh Gia Lai,Huyện Chư Păh,Thị trấn Phú Hòa,Tỉnh Gia Lai,Xã Chư Păh
Tỉnh Gia Lai,Huyện Chư Păh,Xã Hà Tây,Tỉnh Gia Lai,Xã Ia Khươl
Tỉnh Gia Lai,Huyện Chư Păh,Xã Hòa Phú,Tỉnh Gia Lai,Xã Chư Păh
Tỉnh Gia Lai,Huyện Chư Păh,Xã Ia Ka,Tỉnh Gia Lai,Xã Ia Phí
Tỉnh Gia Lai,Huyện Chư Păh,Xã Ia Khươl,Tỉnh Gia Lai,Xã Ia Khươl
Tỉnh Gia Lai,Huyện Chư Păh,Xã Ia Kreng,Tỉnh Gia Lai,Xã Ia Ly
Tỉnh Gia Lai,Huyện Chư Păh,Xã Ia Mơ Nông,Tỉnh Gia Lai,Xã Ia Ly
Tỉnh Gia Lai,Huyện Chư Păh,Xã Ia Nhin,Tỉnh Gia Lai,Xã Ia Phí
Tỉnh Gia Lai,Huyện Chư Păh,Xã Ia Phí,Tỉnh Gia Lai,Xã Ia Phí
Tỉnh Gia Lai,Huyện Chư Păh,Xã Nghĩa Hòa,Tỉnh Gia Lai,Xã Chư Păh
Tỉnh Gia Lai,Huyện Chư Păh,Xã Nghĩa Hưng,Tỉnh Gia Lai,Xã Biển Hồ
Tỉnh Gia Lai,Huyện Chư Păh,Xã Đăk Tơ Ver,Tỉnh Gia Lai,Xã Ia Khươl
Tỉnh Gia Lai,Huyện Chư Pưh,Thị trấn Nhơn Hoà,Tỉnh Gia Lai,Xã Chư Pưh
Tỉnh Gia Lai,Huyện Chư Pưh,Xã Chư Don,Tỉnh Gia Lai,Xã Chư Pưh
Tỉnh Gia Lai,Huyện Chư Pưh,Xã Ia BLứ,Tỉnh Gia Lai,Xã Ia Le
Tỉnh Gia Lai,Huyện Chư Pưh,Xã Ia Dreng,Tỉnh Gia Lai,Xã Ia Hrú
Tỉnh Gia Lai,Huyện Chư Pưh,Xã Ia Hla,Tỉnh Gia Lai,Xã Ia Ko
Tỉnh Gia Lai,Huyện Chư Pưh,Xã Ia Hrú,Tỉnh Gia Lai,Xã Ia Hrú
Tỉnh Gia Lai,Huyện Chư Pưh,Xã Ia Le,Tỉnh Gia Lai,Xã Ia Le
Tỉnh Gia Lai,Huyện Chư Pưh,Xã Ia Phang,Tỉnh Gia Lai,Xã Chư Pưh
Tỉnh Gia Lai,Huyện Chư Pưh,Xã Ia Rong,Tỉnh Gia Lai,Xã Ia Hrú
Tỉnh Gia Lai,Huyện Chư Sê,Thị trấn Chư Sê,Tỉnh Gia Lai,Xã Chư Sê
Tỉnh Gia Lai,Huyện Chư Sê,Xã AL Bá,Tỉnh Gia Lai,Xã Al Bá
Tỉnh Gia Lai,Huyện Chư Sê,Xã AYun,Tỉnh Gia Lai,Xã Al Bá
Tỉnh Gia Lai,Huyện Chư Sê,Xã Bar Măih,Tỉnh Gia Lai,Xã Bờ Ngoong
Tỉnh Gia Lai,Huyện Chư Sê,Xã Bờ Ngoong,Tỉnh Gia Lai,Xã Bờ Ngoong
Tỉnh Gia Lai,Huyện Chư Sê,Xã Chư Pơng,Tỉnh Gia Lai,Xã Bờ Ngoong
Tỉnh Gia Lai,Huyện Chư Sê,Xã Dun,Tỉnh Gia Lai,Xã Chư Sê
Tỉnh Gia Lai,Huyện Chư Sê,Xã Ia Blang,Tỉnh Gia Lai,Xã Chư Sê
Tỉnh Gia Lai,Huyện Chư Sê,Xã Ia Glai,Tỉnh Gia Lai,Xã Chư Sê
Tỉnh Gia Lai,Huyện Chư Sê,Xã Ia HLốp,Tỉnh Gia Lai,Xã Ia Ko
Tỉnh Gia Lai,Huyện Chư Sê,Xã Ia Ko,Tỉnh Gia Lai,Xã Ia Ko
Tỉnh Gia Lai,Huyện Chư Sê,Xã Ia Pal,Tỉnh Gia Lai,Xã Chư Sê
Tỉnh Gia Lai,Huyện Chư Sê,Xã Ia Tiêm,Tỉnh Gia Lai,Xã Bờ Ngoong
Tỉnh Gia Lai,Huyện Chư Sê,Xã Kông HTok,Tỉnh Gia Lai,Xã Al Bá
Tỉnh Gia Lai,Huyện Ia Grai,Thị trấn Ia Kha,Tỉnh Gia Lai,Xã Ia Grai
Tỉnh Gia Lai,Huyện Ia Grai,Xã Ia Bă,Tỉnh Gia Lai,Xã Ia Grai
Tỉnh Gia Lai,Huyện Ia Grai,Xã Ia Dêr,Tỉnh Gia Lai,Xã Ia Hrung
Tỉnh Gia Lai,Huyện Ia Grai,Xã Ia Grăng,Tỉnh Gia Lai,Xã Ia Grai
Tỉnh Gia Lai,Huyện Ia Grai,Xã Ia Hrung,Tỉnh Gia Lai,Xã Ia Hrung
Tỉnh Gia Lai,Huyện Ia Grai,Xã Ia Khai,Tỉnh Gia Lai,Xã Ia Krái
Tỉnh Gia Lai,Huyện Ia Grai,Xã Ia Pếch,Tỉnh Gia Lai,Xã Gào
Tỉnh Gia Lai,Huyện Ia Grai,Xã Ia Sao,Tỉnh Gia Lai,Xã Ia Hrung
Tỉnh Gia Lai,Huyện Ia Grai,Xã Ia Tô,Tỉnh Gia Lai,Xã Ia Krái
Tỉnh Gia Lai,Huyện Ia Grai,Xã Ia Yok,Tỉnh Gia Lai,Xã Ia Hrung
Tỉnh Gia Lai,Huyện Ia Pa,Xã Chư Mố,Tỉnh Gia Lai,Xã Ia Tul
Tỉnh Gia Lai,Huyện Ia Pa,Xã Chư Răng,Tỉnh Gia Lai,Xã Pờ Tó
Tỉnh Gia Lai,Huyện Ia Pa,Xã Ia Broăi,Tỉnh Gia Lai,Xã Ia Tul
Tỉnh Gia Lai,Huyện Ia Pa,Xã Ia KDăm,Tỉnh Gia Lai,Xã Ia Tul
Tỉnh Gia Lai,Huyện Ia Pa,Xã Ia Tul,Tỉnh Gia Lai,Xã Ia Tul
Tỉnh Gia Lai,Huyện Ia Pa,Xã Kim Tân,Tỉnh Gia Lai,Xã Ia Pa
Tỉnh Gia Lai,Huyện Ia Pa,Xã Pờ Tó,Tỉnh Gia Lai,Xã Pờ Tó
Tỉnh Gia Lai,Huyện KBang,Thị trấn KBang,Tỉnh Gia Lai,Xã Kbang
Tỉnh Gia Lai,Huyện KBang,Xã Kon Pne,Tỉnh Gia Lai,Xã Đak Rong
Tỉnh Gia Lai,Huyện KBang,Xã Kông Bơ La,Tỉnh Gia Lai,Xã Kông Bơ La
Tỉnh Gia Lai,Huyện KBang,Xã Kông Lơng Khơng,Tỉnh Gia Lai,Xã Tơ Tung
Tỉnh Gia Lai,Huyện KBang,Xã Lơ Ku,Tỉnh Gia Lai,Xã Kbang
Tỉnh Gia Lai,Huyện KBang,Xã Nghĩa An,Tỉnh Gia Lai,Xã Kông Bơ La
Tỉnh Gia Lai,Huyện KBang,Xã Sơ Pai,Tỉnh Gia Lai,Xã Sơn Lang
Tỉnh Gia Lai,Huyện KBang,Xã Sơn Lang,Tỉnh Gia Lai,Xã Sơn Lang
Tỉnh Gia Lai,Huyện KBang,Xã Tơ Tung,Tỉnh Gia Lai,Xã Tơ Tung
Tỉnh Gia Lai,Huyện KBang,Xã Đak SMar,Tỉnh Gia Lai,Xã Kbang
Tỉnh Gia Lai,Huyện KBang,Xã Đông,Tỉnh Gia Lai,Xã Kông Bơ La
Tỉnh Gia Lai,Huyện Krông Pa,Thị trấn Phú Túc,Tỉnh Gia Lai,Xã Phú Túc
Tỉnh Gia Lai,Huyện Krông Pa,Xã Chư Drăng,Tỉnh Gia Lai,Xã Uar
Tỉnh Gia Lai,Huyện Krông Pa,Xã Chư Gu,Tỉnh Gia Lai,Xã Ia Rsai
Tỉnh Gia Lai,Huyện Krông Pa,Xã Chư Ngọc,Tỉnh Gia Lai,Xã Phú Túc
Tỉnh Gia Lai,Huyện Krông Pa,Xã Chư Rcăm,Tỉnh Gia Lai,Xã Ia Rsai
Tỉnh Gia Lai,Huyện Krông Pa,Xã Ia RMok,Tỉnh Gia Lai,Xã Ia Dreh
Tỉnh Gia Lai,Huyện Krông Pa,Xã Ia RSai,Tỉnh Gia Lai,Xã Ia Rsai
Tỉnh Gia Lai,Huyện Krông Pa,Xã Ia RSươm,Tỉnh Gia Lai,Xã Uar
Tỉnh Gia Lai,Huyện Krông Pa,Xã Krông Năng,Tỉnh Gia Lai,Xã Ia Dreh
Tỉnh Gia Lai,Huyện Krông Pa,Xã Phú Cần,Tỉnh Gia Lai,Xã Phú Túc
Tỉnh Gia Lai,Huyện Krông Pa,Xã Uar,Tỉnh Gia Lai,Xã Uar
Tỉnh Gia Lai,Huyện Krông Pa,Xã Đất Bằng,Tỉnh Gia Lai,Xã Phú Túc
Tỉnh Gia Lai,Huyện Kông Chro,Thị trấn Kông Chro,Tỉnh Gia Lai,Xã Kông Chro
Tỉnh Gia Lai,Huyện Kông Chro,Xã An Trung,Tỉnh Gia Lai,Xã Chư Krey
Tỉnh Gia Lai,Huyện Kông Chro,Xã Kông Yang,Tỉnh Gia Lai,Xã Ya Ma
Tỉnh Gia Lai,Huyện Kông Chro,Xã SRó,Tỉnh Gia Lai,Xã SRó
Tỉnh Gia Lai,Huyện Kông Chro,Xã Ya Ma,Tỉnh Gia Lai,Xã Ya Ma
Tỉnh Gia Lai,Huyện Kông Chro,Xã Yang Nam,Tỉnh Gia Lai,Xã Kông Chro
Tỉnh Gia Lai,Huyện Kông Chro,Xã Yang Trung,Tỉnh Gia Lai,Xã Kông Chro
Tỉnh Gia Lai,Huyện Kông Chro,Xã Đăk Pling,Tỉnh Gia Lai,Xã Đăk Song
Tỉnh Gia Lai,Huyện Kông Chro,Xã Đăk Pơ Pho,Tỉnh Gia Lai,Xã Chơ Long
Tỉnh Gia Lai,Huyện Kông Chro,Xã Đăk Song,Tỉnh Gia Lai,Xã Đăk Song
Tỉnh Gia Lai,Huyện Kông Chro,Xã Đăk Tơ Pang,Tỉnh Gia Lai,Xã Ya Ma
Tỉnh Gia Lai,Huyện Mang Yang,Thị trấn Kon Dơng,Tỉnh Gia Lai,Xã Mang Yang
Tỉnh Gia Lai,Huyện Mang Yang,Xã Ayun,Tỉnh Gia Lai,Xã Ayun
Tỉnh Gia Lai,Huyện Mang Yang,Xã Hra,Tỉnh Gia Lai,Xã Hra
Tỉnh Gia Lai,Huyện Mang Yang,Xã Kon Chiêng,Tỉnh Gia Lai,Xã Kon Chiêng
Tỉnh Gia Lai,Huyện Mang Yang,Xã Kon Thụp,Tỉnh Gia Lai,Xã Lơ Pang
Tỉnh Gia Lai,Huyện Mang Yang,Xã Lơ Pang,Tỉnh Gia Lai,Xã Lơ Pang
Tỉnh Gia Lai,Huyện Mang Yang,Xã Đak Jơ Ta,Tỉnh Gia Lai,Xã Ayun
Tỉnh Gia Lai,Huyện Mang Yang,Xã Đak Ta Ley,Tỉnh Gia Lai,Xã Hra
Tỉnh Gia Lai,Huyện Mang Yang,Xã Đê Ar,Tỉnh Gia Lai,Xã Lơ Pang
Tỉnh Gia Lai,Huyện Mang Yang,Xã Đăk Yă,Tỉnh Gia Lai,Xã Mang Yang
Tỉnh Gia Lai,Huyện Phú Thiện,Thị trấn Phú Thiện,Tỉnh Gia Lai,Xã Phú Thiện
Tỉnh Gia Lai,Huyện Phú Thiện,Xã Ayun Hạ,Tỉnh Gia Lai,Xã Chư A Thai
Tỉnh Gia Lai,Huyện Phú Thiện,Xã Chrôh Pơnan,Tỉnh Gia Lai,Xã Ia Hiao
Tỉnh Gia Lai,Huyện Phú Thiện,Xã Chư A Thai,Tỉnh Gia Lai,Xã Chư A Thai
Tỉnh Gia Lai,Huyện Phú Thiện,Xã Ia Ake,Tỉnh Gia Lai,Xã Chư A Thai
Tỉnh Gia Lai,Huyện Phú Thiện,Xã Ia Hiao,Tỉnh Gia Lai,Xã Ia Hiao
Tỉnh Gia Lai,Huyện Phú Thiện,Xã Ia Peng,Tỉnh Gia Lai,Xã Ia Hiao
Tỉnh Gia Lai,Huyện Phú Thiện,Xã Ia Piar,Tỉnh Gia Lai,Xã Phú Thiện
Tỉnh Gia Lai,Huyện Phú Thiện,Xã Ia Sol,Tỉnh Gia Lai,Xã Phú Thiện
Tỉnh Gia Lai,Huyện Phú Thiện,Xã Ia Yeng,Tỉnh Gia Lai,Xã Phú Thiện
Tỉnh Gia Lai,Huyện Đăk Pơ,Thị trấn Đak Pơ,Tỉnh Gia Lai,Xã Đak Pơ
Tỉnh Gia Lai,Huyện Đăk Pơ,Xã An Thành,Tỉnh Gia Lai,Xã Đak Pơ
Tỉnh Gia Lai,Huyện Đăk Pơ,Xã Cư An,Tỉnh Gia Lai,Phường An Bình
Tỉnh Gia Lai,Huyện Đăk Pơ,Xã Hà Tam,Tỉnh Gia Lai,Xã Đak Pơ
Tỉnh Gia Lai,Huyện Đăk Pơ,Xã Phú An,Tỉnh Gia Lai,Xã Ya Hội
Tỉnh Gia Lai,Huyện Đăk Pơ,Xã Tân An,Tỉnh Gia Lai,Phường An Bình
Tỉnh Gia Lai,Huyện Đăk Pơ,Xã Ya Hội,Tỉnh Gia Lai,Xã Ya Hội
Tỉnh Gia Lai,Huyện Đăk Pơ,Xã Yang Bắc,Tỉnh Gia Lai,Xã Đak Pơ
Tỉnh Gia Lai,Huyện Đăk Đoa,Xã Glar,Tỉnh Gia Lai,Xã Đak Đoa
Tỉnh Gia Lai,Huyện Đăk Đoa,Xã HNol,Tỉnh Gia Lai,Xã KDang
Tỉnh Gia Lai,Huyện Đăk Đoa,Xã Hà Bầu,Tỉnh Gia Lai,Xã Biển Hồ
Tỉnh Gia Lai,Huyện Đăk Đoa,Xã Hà Đông,Tỉnh Gia Lai,Xã Đak Sơmei
Tỉnh Gia Lai,Huyện Đăk Đoa,Xã Hải Yang,Tỉnh Gia Lai,Xã Mang Yang
Tỉnh Gia Lai,Huyện Đăk Đoa,Xã Ia Băng,Tỉnh Gia Lai,Xã Ia Băng
Tỉnh Gia Lai,Huyện Đăk Đoa,Xã Ia Pết,Tỉnh Gia Lai,Xã Ia Băng
Tỉnh Gia Lai,Huyện Đăk Đoa,Xã Kon Gang,Tỉnh Gia Lai,Xã Kon Gang
Tỉnh Gia Lai,Huyện Đăk Đoa,Xã Nam Yang,Tỉnh Gia Lai,Xã Kon Gang
Tỉnh Gia Lai,Huyện Đăk Đoa,Xã Trang,Tỉnh Gia Lai,Xã KDang
Tỉnh Gia Lai,Huyện Đăk Đoa,Xã Tân Bình,Tỉnh Gia Lai,Xã Đak Đoa
Tỉnh Gia Lai,Huyện Đức Cơ,Thị trấn Chư Ty,Tỉnh Gia Lai,Xã Đức Cơ
Tỉnh Gia Lai,Huyện Đức Cơ,Xã Ia Din,Tỉnh Gia Lai,Xã Ia Krêl
Tỉnh Gia Lai,Huyện Đức Cơ,Xã Ia Dơk,Tỉnh Gia Lai,Xã Ia Dơk
Tỉnh Gia Lai,Huyện Đức Cơ,Xã Ia Kla,Tỉnh Gia Lai,Xã Ia Dơk
Tỉnh Gia Lai,Huyện Đức Cơ,Xã Ia Kriêng,Tỉnh Gia Lai,Xã Đức Cơ
Tỉnh Gia Lai,Huyện Đức Cơ,Xã Ia Krêl,Tỉnh Gia Lai,Xã Ia Krêl
Tỉnh Gia Lai,Huyện Đức Cơ,Xã Ia Lang,Tỉnh Gia Lai,Xã Ia Krêl
Tỉnh Gia Lai,Thành phố Pleiku,Phường Chi Lăng,Tỉnh Gia Lai,Phường Hội Phú
Tỉnh Gia Lai,Thành phố Pleiku,Phường Diên Hồng,Tỉnh Gia Lai,Phường Diên Hồng
Tỉnh Gia Lai,Thành phố Pleiku,Phường Hoa Lư,Tỉnh Gia Lai,Phường Pleiku
Tỉnh Gia Lai,Thành phố Pleiku,Phường Hội Phú,Tỉnh Gia Lai,Phường Hội Phú
Tỉnh Gia Lai,Thành phố Pleiku,Phường Hội Thương,Tỉnh Gia Lai,Phường Pleiku
Tỉnh Gia Lai,Thành phố Pleiku,Phường Ia Kring,Tỉnh Gia Lai,Phường Diên Hồng
Tỉnh Gia Lai,Thành phố Pleiku,Phường Phù Đổng,Tỉnh Gia Lai,Phường Pleiku
Tỉnh Gia Lai,Thành phố Pleiku,Phường Thắng Lợi,Tỉnh Gia Lai,Phường An Phú
Tỉnh Gia Lai,Thành phố Pleiku,Phường Thống Nhất,Tỉnh Gia Lai,Phường Thống Nhất
Tỉnh Gia Lai,Thành phố Pleiku,Phường Trà Bá,Tỉnh Gia Lai,Phường Hội Phú
Tỉnh Gia Lai,Thành phố Pleiku,Phường Tây Sơn,Tỉnh Gia Lai,Phường Pleiku
Tỉnh Gia Lai,Thành phố Pleiku,Phường Yên Thế,Tỉnh Gia Lai,Phường Thống Nhất
Tỉnh Gia Lai,Thành phố Pleiku,Phường Yên Đỗ,Tỉnh Gia Lai,Phường Diên Hồng
Tỉnh Gia Lai,Thành phố Pleiku,Phường Đống Đa,Tỉnh Gia Lai,Phường Thống Nhất
Tỉnh Gia Lai,Thành phố Pleiku,Xã An Phú,Tỉnh Gia Lai,Phường An Phú
Tỉnh Gia Lai,Thành phố Pleiku,Xã Biển Hồ,Tỉnh Gia Lai,Xã Biển Hồ
Tỉnh Gia Lai,Thành phố Pleiku,Xã Chư Á,Tỉnh Gia Lai,Phường An Phú
Tỉnh Gia Lai,Thành phố Pleiku,Xã Diên Phú,Tỉnh Gia Lai,Phường Diên Hồng
Tỉnh Gia Lai,Thành phố Pleiku,Xã Gào,Tỉnh Gia Lai,Xã Gào
Tỉnh Gia Lai,Thành phố Pleiku,Xã Ia Kênh,Tỉnh Gia Lai,Xã Gào
Tỉnh Gia Lai,Thành phố Pleiku,Xã Trà Đa,Tỉnh Gia Lai,Phường Pleiku
Tỉnh Gia Lai,Thị xã An Khê,Phường An Bình,Tỉnh Gia Lai,Phường An Bình
Tỉnh Gia Lai,Thị xã An Khê,Phường An Phú,Tỉnh Gia Lai,Phường An Khê
Tỉnh Gia Lai,Thị xã An Khê,Phường An Phước,Tỉnh Gia Lai,Phường An Khê
Tỉnh Gia Lai,Thị xã An Khê,Phường An Tân,Tỉnh Gia Lai,Phường An Khê
Tỉnh Gia Lai,Thị xã An Khê,Phường Tây Sơn,Tỉnh Gia Lai,Phường An Khê
Tỉnh Gia Lai,Thị xã An Khê,Xã Cửu An,Tỉnh Gia Lai,Xã Cửu An
Tỉnh Gia Lai,Thị xã An Khê,Xã Song An,Tỉnh Gia Lai,Xã Cửu An
Tỉnh Gia Lai,Thị xã An Khê,Xã Thành An,Tỉnh Gia Lai,Phường An Khê
Tỉnh Gia Lai,Thị xã An Khê,Xã Tú An,Tỉnh Gia Lai,Xã Cửu An
Tỉnh Gia Lai,Thị xã An Khê,Xã Xuân An,Tỉnh Gia Lai,Xã Cửu An
Tỉnh Gia Lai,Thị xã Ayun Pa,Phường Cheo Reo,Tỉnh Gia Lai,Phường Ayun Pa
Tỉnh Gia Lai,Thị xã Ayun Pa,Phường Hòa Bình,Tỉnh Gia Lai,Phường Ayun Pa
Tỉnh Gia Lai,Thị xã Ayun Pa,Phường Sông Bờ,Tỉnh Gia Lai,Phường Ayun Pa
Tỉnh Gia Lai,Thị xã Ayun Pa,Phường Đoàn Kết,Tỉnh Gia Lai,Phường Ayun Pa
Tỉnh Gia Lai,Thị xã Ayun Pa,Xã Chư Băh,Tỉnh Gia Lai,Xã Ia Rbol
Tỉnh Gia Lai,Thị xã Ayun Pa,Xã Ia RBol,Tỉnh Gia Lai,Xã Ia Rbol
Tỉnh Gia Lai,Thị xã Ayun Pa,Xã Ia RTô,Tỉnh Gia Lai,Xã Ia Sao
Tỉnh Gia Lai,Thị xã Ayun Pa,Xã Ia Sao,Tỉnh Gia Lai,Xã Ia Sao
Tỉnh Hoà Bình,Huyện Cao Phong,Thị trấn Cao Phong,Tỉnh Phú Thọ,Xã Cao Phong
Tỉnh Hoà Bình,Huyện Cao Phong,Xã Bình Thanh,Tỉnh Phú Thọ,Xã Thung Nai
Tỉnh Hoà Bình,Huyện Cao Phong,Xã Bắc Phong,Tỉnh Phú Thọ,Xã Thung Nai
Tỉnh Hoà Bình,Huyện Cao Phong,Xã Dũng Phong,Tỉnh Phú Thọ,Xã Mường Thàng
Tỉnh Hoà Bình,Huyện Cao Phong,Xã Hợp Phong,Tỉnh Phú Thọ,Xã Cao Phong
Tỉnh Hoà Bình,Huyện Cao Phong,Xã Nam Phong,Tỉnh Phú Thọ,Xã Mường Thàng
Tỉnh Hoà Bình,Huyện Cao Phong,Xã Thu Phong,Tỉnh Phú Thọ,Xã Cao Phong
Tỉnh Hoà Bình,Huyện Cao Phong,Xã Thung Nai,Tỉnh Phú Thọ,Xã Thung Nai
Tỉnh Hoà Bình,Huyện Cao Phong,Xã Thạch Yên,Tỉnh Phú Thọ,Xã Mường Thàng
Tỉnh Hoà Bình,Huyện Cao Phong,Xã Tây Phong,Tỉnh Phú Thọ,Xã Mường Thàng
Tỉnh Hoà Bình,Huyện Kim Bôi,Thị trấn Bo,Tỉnh Phú Thọ,Xã Kim Bôi
Tỉnh Hoà Bình,Huyện Kim Bôi,Xã Bình Sơn,Tỉnh Phú Thọ,Xã Nật Sơn
Tỉnh Hoà Bình,Huyện Kim Bôi,Xã Cuối Hạ,Tỉnh Phú Thọ,Xã Dũng Tiến
Tỉnh Hoà Bình,Huyện Kim Bôi,Xã Hùng Sơn,Tỉnh Phú Thọ,Xã Nật Sơn
Tỉnh Hoà Bình,Huyện Kim Bôi,Xã Hợp Tiến,Tỉnh Phú Thọ,Xã Mường Động
Tỉnh Hoà Bình,Huyện Kim Bôi,Xã Kim Bôi,Tỉnh Phú Thọ,Xã Kim Bôi
Tỉnh Hoà Bình,Huyện Kim Bôi,Xã Kim Lập,Tỉnh Phú Thọ,Xã Hợp Kim
Tỉnh Hoà Bình,Huyện Kim Bôi,Xã Nam Thượng,Tỉnh Phú Thọ,Xã Hợp Kim
Tỉnh Hoà Bình,Huyện Kim Bôi,Xã Nuông Dăm,Tỉnh Phú Thọ,Xã Dũng Tiến
Tỉnh Hoà Bình,Huyện Kim Bôi,Xã Sào Báy,Tỉnh Phú Thọ,Xã Hợp Kim
Tỉnh Hoà Bình,Huyện Kim Bôi,Xã Tú Sơn,Tỉnh Phú Thọ,Xã Mường Động
Tỉnh Hoà Bình,Huyện Kim Bôi,Xã Vĩnh Tiến,Tỉnh Phú Thọ,Xã Mường Động
Tỉnh Hoà Bình,Huyện Kim Bôi,Xã Vĩnh Đồng,Tỉnh Phú Thọ,Xã Kim Bôi
Tỉnh Hoà Bình,Huyện Kim Bôi,Xã Xuân Thủy,Tỉnh Phú Thọ,Xã Nật Sơn
Tỉnh Hoà Bình,Huyện Kim Bôi,Xã Đông Bắc,Tỉnh Phú Thọ,Xã Mường Động
Tỉnh Hoà Bình,Huyện Kim Bôi,Xã Đú Sáng,Tỉnh Phú Thọ,Xã Nật Sơn
Tỉnh Hoà Bình,Huyện Lương Sơn,Thị trấn Lương Sơn,Tỉnh Phú Thọ,Xã Lương Sơn
Tỉnh Hoà Bình,Huyện Lương Sơn,Xã Cao Dương,Tỉnh Phú Thọ,Xã Cao Dương
Tỉnh Hoà Bình,Huyện Lương Sơn,Xã Cư Yên,Tỉnh Phú Thọ,Xã Liên Sơn
Tỉnh Hoà Bình,Huyện Lương Sơn,Xã Hòa Sơn,Tỉnh Phú Thọ,Xã Lương Sơn
Tỉnh Hoà Bình,Huyện Lương Sơn,Xã Liên Sơn,Tỉnh Phú Thọ,Xã Liên Sơn
Tỉnh Hoà Bình,Huyện Lương Sơn,Xã Lâm Sơn,Tỉnh Phú Thọ,Xã Lương Sơn
Tỉnh Hoà Bình,Huyện Lương Sơn,Xã Nhuận Trạch,Tỉnh Phú Thọ,Xã Lương Sơn
Tỉnh Hoà Bình,Huyện Lương Sơn,Xã Thanh Cao,Tỉnh Phú Thọ,Xã Cao Dương
Tỉnh Hoà Bình,Huyện Lương Sơn,Xã Thanh Sơn,Tỉnh Phú Thọ,Xã Cao Dương
Tỉnh Hoà Bình,Huyện Lạc Sơn,Thị trấn Vụ Bản,Tỉnh Phú Thọ,Xã Lạc Sơn
Tỉnh Hoà Bình,Huyện Lạc Sơn,Xã Bình Hẻm,Tỉnh Phú Thọ,Xã Yên Phú
Tỉnh Hoà Bình,Huyện Lạc Sơn,Xã Chí Đạo,Tỉnh Phú Thọ,Xã Quyết Thắng
Tỉnh Hoà Bình,Huyện Lạc Sơn,Xã Hương Nhượng,Tỉnh Phú Thọ,Xã Lạc Sơn
Tỉnh Hoà Bình,Huyện Lạc Sơn,Xã Miền Đồi,Tỉnh Phú Thọ,Xã Thượng Cốc
Tỉnh Hoà Bình,Huyện Lạc Sơn,Xã Mỹ Thành,Tỉnh Phú Thọ,Xã Nhân Nghĩa
Tỉnh Hoà Bình,Huyện Lạc Sơn,Xã Ngọc Lâu,Tỉnh Phú Thọ,Xã Ngọc Sơn
Tỉnh Hoà Bình,Huyện Lạc Sơn,Xã Ngọc Sơn,Tỉnh Phú Thọ,Xã Ngọc Sơn
Tỉnh Hoà Bình,Huyện Lạc Sơn,Xã Nhân Nghĩa,Tỉnh Phú Thọ,Xã Nhân Nghĩa
Tỉnh Hoà Bình,Huyện Lạc Sơn,Xã Quyết Thắng,Tỉnh Phú Thọ,Xã Quyết Thắng
Tỉnh Hoà Bình,Huyện Lạc Sơn,Xã Quý Hòa,Tỉnh Phú Thọ,Xã Mường Vang
Tỉnh Hoà Bình,Huyện Lạc Sơn,Xã Thượng Cốc,Tỉnh Phú Thọ,Xã Thượng Cốc
Tỉnh Hoà Bình,Huyện Lạc Sơn,Xã Tuân Đạo,Tỉnh Phú Thọ,Xã Mường Vang
Tỉnh Hoà Bình,Huyện Lạc Sơn,Xã Tân Mỹ,Tỉnh Phú Thọ,Xã Đại Đồng
Tỉnh Hoà Bình,Huyện Lạc Sơn,Xã Tự Do,Tỉnh Phú Thọ,Xã Ngọc Sơn
Tỉnh Hoà Bình,Huyện Lạc Sơn,Xã Văn Nghĩa,Tỉnh Phú Thọ,Xã Nhân Nghĩa
Tỉnh Hoà Bình,Huyện Lạc Sơn,Xã Văn Sơn,Tỉnh Phú Thọ,Xã Thượng Cốc
Tỉnh Hoà Bình,Huyện Lạc Sơn,Xã Vũ Bình,Tỉnh Phú Thọ,Xã Lạc Sơn
Tỉnh Hoà Bình,Huyện Lạc Sơn,Xã Xuất Hóa,Tỉnh Phú Thọ,Xã Yên Phú
Tỉnh Hoà Bình,Huyện Lạc Sơn,Xã Yên Nghiệp,Tỉnh Phú Thọ,Xã Đại Đồng
Tỉnh Hoà Bình,Huyện Lạc Sơn,Xã Yên Phú,Tỉnh Phú Thọ,Xã Yên Phú
Tỉnh Hoà Bình,Huyện Lạc Sơn,Xã Ân Nghĩa,Tỉnh Phú Thọ,Xã Đại Đồng
Tỉnh Hoà Bình,Huyện Lạc Sơn,Xã Định Cư,Tỉnh Phú Thọ,Xã Quyết Thắng
Tỉnh Hoà Bình,Huyện Lạc Thủy,Thị trấn Ba Hàng Đồi,Tỉnh Phú Thọ,Xã An Nghĩa
Tỉnh Hoà Bình,Huyện Lạc Thủy,Thị trấn Chi Nê,Tỉnh Phú Thọ,Xã Lạc Thuỷ
Tỉnh Hoà Bình,Huyện Lạc Thủy,Xã An Bình,Tỉnh Phú Thọ,Xã An Bình
Tỉnh Hoà Bình,Huyện Lạc Thủy,Xã Hưng Thi,Tỉnh Phú Thọ,Xã An Bình
Tỉnh Hoà Bình,Huyện Lạc Thủy,Xã Khoan Dụ,Tỉnh Phú Thọ,Xã Lạc Thuỷ
Tỉnh Hoà Bình,Huyện Lạc Thủy,Xã Phú Nghĩa,Tỉnh Phú Thọ,Xã An Nghĩa
Tỉnh Hoà Bình,Huyện Lạc Thủy,Xã Phú Thành,Tỉnh Phú Thọ,Xã An Nghĩa
Tỉnh Hoà Bình,Huyện Lạc Thủy,Xã Thống Nhất,Tỉnh Phú Thọ,Xã An Bình
Tỉnh Hoà Bình,Huyện Lạc Thủy,Xã Yên Bồng,Tỉnh Phú Thọ,Xã Lạc Thuỷ
Tỉnh Hoà Bình,Huyện Lạc Thủy,Xã Đồng Tâm,Tỉnh Phú Thọ,Xã Lạc Thuỷ
Tỉnh Hoà Bình,Huyện Mai Châu,Thị trấn Mai Châu,Tỉnh Phú Thọ,Xã Mai Châu
Tỉnh Hoà Bình,Huyện Mai Châu,Xã Bao La,Tỉnh Phú Thọ,Xã Bao La
Tỉnh Hoà Bình,Huyện Mai Châu,Xã Chiềng Châu,Tỉnh Phú Thọ,Xã Mai Hạ
Tỉnh Hoà Bình,Huyện Mai Châu,Xã Cun Pheo,Tỉnh Phú Thọ,Xã Pà Cò
Tỉnh Hoà Bình,Huyện Mai Châu,Xã Hang Kia,Tỉnh Phú Thọ,Xã Pà Cò
Tỉnh Hoà Bình,Huyện Mai Châu,Xã Mai Hạ,Tỉnh Phú Thọ,Xã Mai Hạ
Tỉnh Hoà Bình,Huyện Mai Châu,Xã Mai Hịch,Tỉnh Phú Thọ,Xã Bao La
Tỉnh Hoà Bình,Huyện Mai Châu,Xã Nà Phòn,Tỉnh Phú Thọ,Xã Mai Châu
Tỉnh Hoà Bình,Huyện Mai Châu,Xã Pà Cò,Tỉnh Phú Thọ,Xã Pà Cò
Tỉnh Hoà Bình,Huyện Mai Châu,Xã Sơn Thủy,Tỉnh Phú Thọ,Xã Tân Mai
Tỉnh Hoà Bình,Huyện Mai Châu,Xã Thành Sơn,Tỉnh Phú Thọ,Xã Mai Châu
Tỉnh Hoà Bình,Huyện Mai Châu,Xã Tân Thành,Tỉnh Phú Thọ,Xã Tân Mai
Tỉnh Hoà Bình,Huyện Mai Châu,Xã Vạn Mai,Tỉnh Phú Thọ,Xã Mai Hạ
Tỉnh Hoà Bình,Huyện Tân Lạc,Thị trấn Mãn Đức,Tỉnh Phú Thọ,Xã Tân Lạc
Tỉnh Hoà Bình,Huyện Tân Lạc,Xã Gia Mô,Tỉnh Phú Thọ,Xã Toàn Thắng
Tỉnh Hoà Bình,Huyện Tân Lạc,Xã Lỗ Sơn,Tỉnh Phú Thọ,Xã Toàn Thắng
Tỉnh Hoà Bình,Huyện Tân Lạc,Xã Mỹ Hòa,Tỉnh Phú Thọ,Xã Mường Bi
Tỉnh Hoà Bình,Huyện Tân Lạc,Xã Ngọc Mỹ,Tỉnh Phú Thọ,Xã Tân Lạc
Tỉnh Hoà Bình,Huyện Tân Lạc,Xã Ngổ Luông,Tỉnh Phú Thọ,Xã Vân Sơn
Tỉnh Hoà Bình,Huyện Tân Lạc,Xã Nhân Mỹ,Tỉnh Phú Thọ,Xã Toàn Thắng
Tỉnh Hoà Bình,Huyện Tân Lạc,Xã Phong Phú,Tỉnh Phú Thọ,Xã Mường Bi
Tỉnh Hoà Bình,Huyện Tân Lạc,Xã Phú Cường,Tỉnh Phú Thọ,Xã Mường Bi
Tỉnh Hoà Bình,Huyện Tân Lạc,Xã Phú Vinh,Tỉnh Phú Thọ,Xã Mường Hoa
Tỉnh Hoà Bình,Huyện Tân Lạc,Xã Quyết Chiến,Tỉnh Phú Thọ,Xã Vân Sơn
Tỉnh Hoà Bình,Huyện Tân Lạc,Xã Suối Hoa,Tỉnh Phú Thọ,Xã Mường Hoa
Tỉnh Hoà Bình,Huyện Tân Lạc,Xã Thanh Hối,Tỉnh Phú Thọ,Xã Tân Lạc
Tỉnh Hoà Bình,Huyện Tân Lạc,Xã Tử Nê,Tỉnh Phú Thọ,Xã Tân Lạc
Tỉnh Hoà Bình,Huyện Tân Lạc,Xã Vân Sơn,Tỉnh Phú Thọ,Xã Vân Sơn
Tỉnh Hoà Bình,Huyện Tân Lạc,Xã Đông Lai,Tỉnh Phú Thọ,Xã Tân Lạc
Tỉnh Hoà Bình,Huyện Yên Thủy,Thị trấn Hàng Trạm,Tỉnh Phú Thọ,Xã Yên Thuỷ
Tỉnh Hoà Bình,Huyện Yên Thủy,Xã Bảo Hiệu,Tỉnh Phú Thọ,Xã Lạc Lương
Tỉnh Hoà Bình,Huyện Yên Thủy,Xã Hữu Lợi,Tỉnh Phú Thọ,Xã Yên Trị
Tỉnh Hoà Bình,Huyện Yên Thủy,Xã Lạc Lương,Tỉnh Phú Thọ,Xã Lạc Lương
Tỉnh Hoà Bình,Huyện Yên Thủy,Xã Lạc Sỹ,Tỉnh Phú Thọ,Xã Lạc Lương
Tỉnh Hoà Bình,Huyện Yên Thủy,Xã Lạc Thịnh,Tỉnh Phú Thọ,Xã Yên Thuỷ
Tỉnh Hoà Bình,Huyện Yên Thủy,Xã Ngọc Lương,Tỉnh Phú Thọ,Xã Yên Trị
Tỉnh Hoà Bình,Huyện Yên Thủy,Xã Phú Lai,Tỉnh Phú Thọ,Xã Yên Thuỷ
Tỉnh Hoà Bình,Huyện Yên Thủy,Xã Yên Trị,Tỉnh Phú Thọ,Xã Yên Trị
Tỉnh Hoà Bình,Huyện Yên Thủy,Xã Đa Phúc,Tỉnh Phú Thọ,Xã Lạc Lương
Tỉnh Hoà Bình,Huyện Yên Thủy,Xã Đoàn Kết,Tỉnh Phú Thọ,Xã Yên Trị
Tỉnh Hoà Bình,Huyện Đà Bắc,Thị trấn Đà Bắc,Tỉnh Phú Thọ,Xã Đà Bắc
Tỉnh Hoà Bình,Huyện Đà Bắc,Xã Cao Sơn,Tỉnh Phú Thọ,Xã Cao Sơn
Tỉnh Hoà Bình,Huyện Đà Bắc,Xã Giáp Đắt,Tỉnh Phú Thọ,Xã Tân Pheo
Tỉnh Hoà Bình,Huyện Đà Bắc,Xã Hiền Lương,Tỉnh Phú Thọ,Xã Đà Bắc
Tỉnh Hoà Bình,Huyện Đà Bắc,Xã Mường Chiềng,Tỉnh Phú Thọ,Xã Đức Nhàn
Tỉnh Hoà Bình,Huyện Đà Bắc,Xã Nánh Nghê,Tỉnh Phú Thọ,Xã Đức Nhàn
Tỉnh Hoà Bình,Huyện Đà Bắc,Xã Toàn Sơn,Tỉnh Phú Thọ,Xã Đà Bắc
Tỉnh Hoà Bình,Huyện Đà Bắc,Xã Trung Thành,Tỉnh Phú Thọ,Xã Quy Đức
Tỉnh Hoà Bình,Huyện Đà Bắc,Xã Tân Pheo,Tỉnh Phú Thọ,Xã Tân Pheo
Tỉnh Hoà Bình,Huyện Đà Bắc,Xã Tú Lý,Tỉnh Phú Thọ,Xã Đà Bắc
Tỉnh Hoà Bình,Huyện Đà Bắc,Xã Yên Hòa,Tỉnh Phú Thọ,Xã Quy Đức
Tỉnh Hoà Bình,Huyện Đà Bắc,Xã Đoàn Kết,Tỉnh Phú Thọ,Xã Quy Đức
Tỉnh Hoà Bình,Huyện Đà Bắc,Xã Đồng Chum,Tỉnh Phú Thọ,Xã Tân Pheo
Tỉnh Hoà Bình,Huyện Đà Bắc,Xã Đồng Ruộng,Tỉnh Phú Thọ,Xã Quy Đức
Tỉnh Hoà Bình,Thành phố Hòa Bình,Phường Dân Chủ,Tỉnh Phú Thọ,Phường Thống Nhất
Tỉnh Hoà Bình,Thành phố Hòa Bình,Phường Hữu Nghị,Tỉnh Phú Thọ,Phường Hoà Bình
Tỉnh Hoà Bình,Thành phố Hòa Bình,Phường Kỳ Sơn,Tỉnh Phú Thọ,Phường Kỳ Sơn
Tỉnh Hoà Bình,Thành phố Hòa Bình,Phường Phương Lâm,Tỉnh Phú Thọ,Phường Hoà Bình
Tỉnh Hoà Bình,Thành phố Hòa Bình,Phường Quỳnh Lâm,Tỉnh Phú Thọ,Phường Hoà Bình
Tỉnh Hoà Bình,Thành phố Hòa Bình,Phường Thái Bình,Tỉnh Phú Thọ,Phường Thống Nhất
Tỉnh Hoà Bình,Thành phố Hòa Bình,Phường Thịnh Lang,Tỉnh Phú Thọ,Phường Hoà Bình
Tỉnh Hoà Bình,Thành phố Hòa Bình,Phường Thống Nhất,Tỉnh Phú Thọ,Phường Thống Nhất
Tỉnh Hoà Bình,Thành phố Hòa Bình,Phường Trung Minh,Tỉnh Phú Thọ,Phường Hoà Bình
Tỉnh Hoà Bình,Thành phố Hòa Bình,Phường Tân Hòa,Tỉnh Phú Thọ,Phường Tân Hoà
Tỉnh Hoà Bình,Thành phố Hòa Bình,Phường Tân Thịnh,Tỉnh Phú Thọ,Phường Hoà Bình
Tỉnh Hoà Bình,Thành phố Hòa Bình,Phường Đồng Tiến,Tỉnh Phú Thọ,Phường Hoà Bình
Tỉnh Hoà Bình,Thành phố Hòa Bình,Xã Hòa Bình,Tỉnh Phú Thọ,Phường Tân Hoà
Tỉnh Hoà Bình,Thành phố Hòa Bình,Xã Hợp Thành,Tỉnh Phú Thọ,Xã Thịnh Minh
Tỉnh Hoà Bình,Thành phố Hòa Bình,Xã Mông Hóa,Tỉnh Phú Thọ,Phường Kỳ Sơn
Tỉnh Hoà Bình,Thành phố Hòa Bình,Xã Quang Tiến,Tỉnh Phú Thọ,Xã Thịnh Minh
Tỉnh Hoà Bình,Thành phố Hòa Bình,Xã Thịnh Minh,Tỉnh Phú Thọ,Xã Thịnh Minh
Tỉnh Hoà Bình,Thành phố Hòa Bình,Xã Yên Mông,Tỉnh Phú Thọ,Phường Tân Hoà
Tỉnh Hoà Bình,Thành phố Hòa Bình,Xã Độc Lập,Tỉnh Phú Thọ,Phường Kỳ Sơn
Tỉnh Hà Giang,Huyện Bắc Mê,Thị trấn Yên Phú,Tỉnh Tuyên Quang,Xã Bắc Mê
Tỉnh Hà Giang,Huyện Bắc Mê,Xã Lạc Nông,Tỉnh Tuyên Quang,Xã Bắc Mê
Tỉnh Hà Giang,Huyện Bắc Mê,Xã Minh Ngọc,Tỉnh Tuyên Quang,Xã Minh Ngọc
Tỉnh Hà Giang,Huyện Bắc Mê,Xã Phiêng Luông,Tỉnh Tuyên Quang,Xã Yên Cường
Tỉnh Hà Giang,Huyện Bắc Mê,Xã Phú Nam,Tỉnh Tuyên Quang,Xã Đường Hồng
Tỉnh Hà Giang,Huyện Bắc Mê,Xã Yên Cường,Tỉnh Tuyên Quang,Xã Yên Cường
Tỉnh Hà Giang,Huyện Bắc Mê,Xã Yên Phong,Tỉnh Tuyên Quang,Xã Bắc Mê
Tỉnh Hà Giang,Huyện Bắc Mê,Xã Đường Hồng,Tỉnh Tuyên Quang,Xã Đường Hồng
Tỉnh Hà Giang,Huyện Bắc Mê,Xã Đường Âm,Tỉnh Tuyên Quang,Xã Đường Hồng
Tỉnh Hà Giang,Huyện Bắc Quang,Thị trấn Việt Quang,Tỉnh Tuyên Quang,Xã Bắc Quang
Tỉnh Hà Giang,Huyện Bắc Quang,Thị trấn Vĩnh Tuy,Tỉnh Tuyên Quang,Xã Vĩnh Tuy
Tỉnh Hà Giang,Huyện Bắc Quang,Xã Bằng Hành,Tỉnh Tuyên Quang,Xã Bằng Hành
Tỉnh Hà Giang,Huyện Bắc Quang,Xã Hùng An,Tỉnh Tuyên Quang,Xã Hùng An
Tỉnh Hà Giang,Huyện Bắc Quang,Xã Hữu Sản,Tỉnh Tuyên Quang,Xã Liên Hiệp
Tỉnh Hà Giang,Huyện Bắc Quang,Xã Kim Ngọc,Tỉnh Tuyên Quang,Xã Bằng Hành
Tỉnh Hà Giang,Huyện Bắc Quang,Xã Liên Hiệp,Tỉnh Tuyên Quang,Xã Liên Hiệp
Tỉnh Hà Giang,Huyện Bắc Quang,Xã Quang Minh,Tỉnh Tuyên Quang,Xã Bắc Quang
Tỉnh Hà Giang,Huyện Bắc Quang,Xã Thượng Bình,Tỉnh Tuyên Quang,Xã Đồng Tâm
Tỉnh Hà Giang,Huyện Bắc Quang,Xã Tiên Kiều,Tỉnh Tuyên Quang,Xã Hùng An
Tỉnh Hà Giang,Huyện Bắc Quang,Xã Tân Lập,Tỉnh Tuyên Quang,Xã Tân Quang
Tỉnh Hà Giang,Huyện Bắc Quang,Xã Tân Quang,Tỉnh Tuyên Quang,Xã Tân Quang
Tỉnh Hà Giang,Huyện Bắc Quang,Xã Tân Thành,Tỉnh Tuyên Quang,Xã Tân Quang
Tỉnh Hà Giang,Huyện Bắc Quang,Xã Việt Hồng,Tỉnh Tuyên Quang,Xã Hùng An
Tỉnh Hà Giang,Huyện Bắc Quang,Xã Việt Vinh,Tỉnh Tuyên Quang,Xã Bắc Quang
Tỉnh Hà Giang,Huyện Bắc Quang,Xã Vô Điếm,Tỉnh Tuyên Quang,Xã Bằng Hành
Tỉnh Hà Giang,Huyện Bắc Quang,Xã Vĩnh Hảo,Tỉnh Tuyên Quang,Xã Vĩnh Tuy
Tỉnh Hà Giang,Huyện Bắc Quang,Xã Vĩnh Phúc,Tỉnh Tuyên Quang,Xã Đồng Yên
Tỉnh Hà Giang,Huyện Bắc Quang,Xã Đông Thành,Tỉnh Tuyên Quang,Xã Vĩnh Tuy
Tỉnh Hà Giang,Huyện Bắc Quang,Xã Đồng Tiến,Tỉnh Tuyên Quang,Xã Đồng Tâm
Tỉnh Hà Giang,Huyện Bắc Quang,Xã Đồng Tâm,Tỉnh Tuyên Quang,Xã Đồng Tâm
Tỉnh Hà Giang,Huyện Bắc Quang,Xã Đồng Yên,Tỉnh Tuyên Quang,Xã Đồng Yên
Tỉnh Hà Giang,Huyện Bắc Quang,Xã Đức Xuân,Tỉnh Tuyên Quang,Xã Liên Hiệp
Tỉnh Hà Giang,Huyện Hoàng Su Phì,Thị trấn Vinh Quang,Tỉnh Tuyên Quang,Xã Hoàng Su Phì
Tỉnh Hà Giang,Huyện Hoàng Su Phì,Xã Bản Luốc,Tỉnh Tuyên Quang,Xã Hoàng Su Phì
Tỉnh Hà Giang,Huyện Hoàng Su Phì,Xã Bản Máy,Tỉnh Tuyên Quang,Xã Bản Máy
Tỉnh Hà Giang,Huyện Hoàng Su Phì,Xã Bản Nhùng,Tỉnh Tuyên Quang,Xã Tân Tiến
Tỉnh Hà Giang,Huyện Hoàng Su Phì,Xã Bản Phùng,Tỉnh Tuyên Quang,Xã Bản Máy
Tỉnh Hà Giang,Huyện Hoàng Su Phì,Xã Chiến Phố,Tỉnh Tuyên Quang,Xã Bản Máy
Tỉnh Hà Giang,Huyện Hoàng Su Phì,Xã Hồ Thầu,Tỉnh Tuyên Quang,Xã Hồ Thầu
Tỉnh Hà Giang,Huyện Hoàng Su Phì,Xã Nam Sơn,Tỉnh Tuyên Quang,Xã Hồ Thầu
Tỉnh Hà Giang,Huyện Hoàng Su Phì,Xã Ngàm Đăng Vài,Tỉnh Tuyên Quang,Xã Hoàng Su Phì
Tỉnh Hà Giang,Huyện Hoàng Su Phì,Xã Nàng Đôn,Tỉnh Tuyên Quang,Xã Pờ Ly Ngài
Tỉnh Hà Giang,Huyện Hoàng Su Phì,Xã Nậm Dịch,Tỉnh Tuyên Quang,Xã Nậm Dịch
Tỉnh Hà Giang,Huyện Hoàng Su Phì,Xã Nậm Khòa,Tỉnh Tuyên Quang,Xã Hồ Thầu
Tỉnh Hà Giang,Huyện Hoàng Su Phì,Xã Pố Lồ,Tỉnh Tuyên Quang,Xã Thàng Tín
Tỉnh Hà Giang,Huyện Hoàng Su Phì,Xã Pờ Ly Ngài,Tỉnh Tuyên Quang,Xã Pờ Ly Ngài
Tỉnh Hà Giang,Huyện Hoàng Su Phì,Xã Thàng Tín,Tỉnh Tuyên Quang,Xã Thàng Tín
Tỉnh Hà Giang,Huyện Hoàng Su Phì,Xã Thèn Chu Phìn,Tỉnh Tuyên Quang,Xã Thàng Tín
Tỉnh Hà Giang,Huyện Hoàng Su Phì,Xã Thông Nguyên,Tỉnh Tuyên Quang,Xã Thông Nguyên
Tỉnh Hà Giang,Huyện Hoàng Su Phì,Xã Tân Tiến,Tỉnh Tuyên Quang,Xã Tân Tiến
Tỉnh Hà Giang,Huyện Hoàng Su Phì,Xã Túng Sán,Tỉnh Tuyên Quang,Xã Tân Tiến
Tỉnh Hà Giang,Huyện Hoàng Su Phì,Xã Tả Sử Choóng,Tỉnh Tuyên Quang,Xã Nậm Dịch
Tỉnh Hà Giang,Huyện Hoàng Su Phì,Xã Tụ Nhân,Tỉnh Tuyên Quang,Xã Hoàng Su Phì
Tỉnh Hà Giang,Huyện Hoàng Su Phì,Xã Đản Ván,Tỉnh Tuyên Quang,Xã Hoàng Su Phì
Tỉnh Hà Giang,Huyện Mèo Vạc,Thị trấn Mèo Vạc,Tỉnh Tuyên Quang,Xã Mèo Vạc
Tỉnh Hà Giang,Huyện Mèo Vạc,Xã Cán Chu Phìn,Tỉnh Tuyên Quang,Xã Khâu Vai
Tỉnh Hà Giang,Huyện Mèo Vạc,Xã Giàng Chu Phìn,Tỉnh Tuyên Quang,Xã Mèo Vạc
Tỉnh Hà Giang,Huyện Mèo Vạc,Xã Khâu Vai,Tỉnh Tuyên Quang,Xã Khâu Vai
Tỉnh Hà Giang,Huyện Mèo Vạc,Xã Lũng Chinh,Tỉnh Tuyên Quang,Xã Sủng Máng
Tỉnh Hà Giang,Huyện Mèo Vạc,Xã Lũng Pù,Tỉnh Tuyên Quang,Xã Khâu Vai
Tỉnh Hà Giang,Huyện Mèo Vạc,Xã Niêm Sơn,Tỉnh Tuyên Quang,Xã Niêm Sơn
Tỉnh Hà Giang,Huyện Mèo Vạc,Xã Niêm Tòng,Tỉnh Tuyên Quang,Xã Niêm Sơn
Tỉnh Hà Giang,Huyện Mèo Vạc,Xã Nậm Ban,Tỉnh Tuyên Quang,Xã Tát Ngà
Tỉnh Hà Giang,Huyện Mèo Vạc,Xã Pả Vi,Tỉnh Tuyên Quang,Xã Mèo Vạc
Tỉnh Hà Giang,Huyện Mèo Vạc,Xã Pải Lủng,Tỉnh Tuyên Quang,Xã Đồng Văn
Tỉnh Hà Giang,Huyện Mèo Vạc,Xã Sơn Vĩ,Tỉnh Tuyên Quang,Xã Sơn Vĩ
Tỉnh Hà Giang,Huyện Mèo Vạc,Xã Sủng Máng,Tỉnh Tuyên Quang,Xã Sủng Máng
Tỉnh Hà Giang,Huyện Mèo Vạc,Xã Sủng Trà,Tỉnh Tuyên Quang,Xã Sủng Máng
Tỉnh Hà Giang,Huyện Mèo Vạc,Xã Thượng Phùng,Tỉnh Tuyên Quang,Xã Sơn Vĩ
Tỉnh Hà Giang,Huyện Mèo Vạc,Xã Tát Ngà,Tỉnh Tuyên Quang,Xã Tát Ngà
Tỉnh Hà Giang,Huyện Mèo Vạc,Xã Tả Lủng,Tỉnh Tuyên Quang,Xã Mèo Vạc
Tỉnh Hà Giang,Huyện Mèo Vạc,Xã Xín Cái,Tỉnh Tuyên Quang,Xã Sơn Vĩ
Tỉnh Hà Giang,Huyện Quang Bình,Thị trấn Yên Bình,Tỉnh Tuyên Quang,Xã Quang Bình
Tỉnh Hà Giang,Huyện Quang Bình,Xã Bản Rịa,Tỉnh Tuyên Quang,Xã Yên Thành
Tỉnh Hà Giang,Huyện Quang Bình,Xã Bằng Lang,Tỉnh Tuyên Quang,Xã Bằng Lang
Tỉnh Hà Giang,Huyện Quang Bình,Xã Hương Sơn,Tỉnh Tuyên Quang,Xã Tiên Yên
Tỉnh Hà Giang,Huyện Quang Bình,Xã Nà Khương,Tỉnh Tuyên Quang,Xã Xuân Giang
Tỉnh Hà Giang,Huyện Quang Bình,Xã Tiên Yên,Tỉnh Tuyên Quang,Xã Tiên Yên
Tỉnh Hà Giang,Huyện Quang Bình,Xã Tân Bắc,Tỉnh Tuyên Quang,Xã Tân Trịnh
Tỉnh Hà Giang,Huyện Quang Bình,Xã Tân Nam,Tỉnh Tuyên Quang,Xã Quang Bình
Tỉnh Hà Giang,Huyện Quang Bình,Xã Tân Trịnh,Tỉnh Tuyên Quang,Xã Tân Trịnh
Tỉnh Hà Giang,Huyện Quang Bình,Xã Vĩ Thượng,Tỉnh Tuyên Quang,Xã Tiên Yên
Tỉnh Hà Giang,Huyện Quang Bình,Xã Xuân Giang,Tỉnh Tuyên Quang,Xã Xuân Giang
Tỉnh Hà Giang,Huyện Quang Bình,Xã Xuân Minh,Tỉnh Tuyên Quang,Xã Thông Nguyên
Tỉnh Hà Giang,Huyện Quang Bình,Xã Yên Hà,Tỉnh Tuyên Quang,Xã Bằng Lang
Tỉnh Hà Giang,Huyện Quang Bình,Xã Yên Thành,Tỉnh Tuyên Quang,Xã Yên Thành
Tỉnh Hà Giang,Huyện Quản Bạ,Thị trấn Tam Sơn,Tỉnh Tuyên Quang,Xã Quản Bạ
Tỉnh Hà Giang,Huyện Quản Bạ,Xã Bát Đại Sơn,Tỉnh Tuyên Quang,Xã Cán Tỷ
Tỉnh Hà Giang,Huyện Quản Bạ,Xã Cao Mã Pờ,Tỉnh Tuyên Quang,Xã Tùng Vài
Tỉnh Hà Giang,Huyện Quản Bạ,Xã Cán Tỷ,Tỉnh Tuyên Quang,Xã Cán Tỷ
Tỉnh Hà Giang,Huyện Quản Bạ,Xã Lùng Tám,Tỉnh Tuyên Quang,Xã Lùng Tám
Tỉnh Hà Giang,Huyện Quản Bạ,Xã Nghĩa Thuận,Tỉnh Tuyên Quang,Xã Nghĩa Thuận
Tỉnh Hà Giang,Huyện Quản Bạ,Xã Quyết Tiến,Tỉnh Tuyên Quang,Xã Quản Bạ
Tỉnh Hà Giang,Huyện Quản Bạ,Xã Quản Bạ,Tỉnh Tuyên Quang,Xã Quản Bạ
Tỉnh Hà Giang,Huyện Quản Bạ,Xã Thanh Vân,Tỉnh Tuyên Quang,Xã Nghĩa Thuận
Tỉnh Hà Giang,Huyện Quản Bạ,Xã Thái An,Tỉnh Tuyên Quang,Xã Lùng Tám
Tỉnh Hà Giang,Huyện Quản Bạ,Xã Tùng Vài,Tỉnh Tuyên Quang,Xã Tùng Vài
Tỉnh Hà Giang,Huyện Quản Bạ,Xã Tả Ván,Tỉnh Tuyên Quang,Xã Tùng Vài
Tỉnh Hà Giang,Huyện Quản Bạ,Xã Đông Hà,Tỉnh Tuyên Quang,Xã Lùng Tám
Tỉnh Hà Giang,Huyện Vị Xuyên,Thị trấn Nông trường Việt Lâm,Tỉnh Tuyên Quang,Xã Vị Xuyên
Tỉnh Hà Giang,Huyện Vị Xuyên,Thị trấn Vị Xuyên,Tỉnh Tuyên Quang,Xã Vị Xuyên
Tỉnh Hà Giang,Huyện Vị Xuyên,Xã Bạch Ngọc,Tỉnh Tuyên Quang,Xã Bạch Ngọc
Tỉnh Hà Giang,Huyện Vị Xuyên,Xã Kim Linh,Tỉnh Tuyên Quang,Xã Phú Linh
Tỉnh Hà Giang,Huyện Vị Xuyên,Xã Kim Thạch,Tỉnh Tuyên Quang,Xã Phú Linh
Tỉnh Hà Giang,Huyện Vị Xuyên,Xã Lao Chải,Tỉnh Tuyên Quang,Xã Lao Chải
Tỉnh Hà Giang,Huyện Vị Xuyên,Xã Linh Hồ,Tỉnh Tuyên Quang,Xã Linh Hồ
Tỉnh Hà Giang,Huyện Vị Xuyên,Xã Ngọc Linh,Tỉnh Tuyên Quang,Xã Linh Hồ
Tỉnh Hà Giang,Huyện Vị Xuyên,Xã Ngọc Minh,Tỉnh Tuyên Quang,Xã Bạch Ngọc
Tỉnh Hà Giang,Huyện Vị Xuyên,Xã Phú Linh,Tỉnh Tuyên Quang,Xã Phú Linh
Tỉnh Hà Giang,Huyện Vị Xuyên,Xã Phương Tiến,Tỉnh Tuyên Quang,Xã Thanh Thuỷ
Tỉnh Hà Giang,Huyện Vị Xuyên,Xã Thanh Thủy,Tỉnh Tuyên Quang,Xã Thanh Thuỷ
Tỉnh Hà Giang,Huyện Vị Xuyên,Xã Thanh Đức,Tỉnh Tuyên Quang,Xã Lao Chải
Tỉnh Hà Giang,Huyện Vị Xuyên,Xã Thuận Hoà,Tỉnh Tuyên Quang,Xã Thuận Hoà
Tỉnh Hà Giang,Huyện Vị Xuyên,Xã Trung Thành,Tỉnh Tuyên Quang,Xã Linh Hồ
Tỉnh Hà Giang,Huyện Vị Xuyên,Xã Xín Chải,Tỉnh Tuyên Quang,Xã Lao Chải
Tỉnh Hà Giang,Huyện Xín Mần,Thị trấn Cốc Pài,Tỉnh Tuyên Quang,Xã Pà Vầy Sủ
Tỉnh Hà Giang,Huyện Xín Mần,Xã Bản Díu,Tỉnh Tuyên Quang,Xã Xín Mần
Tỉnh Hà Giang,Huyện Xín Mần,Xã Bản Ngò,Tỉnh Tuyên Quang,Xã Pà Vầy Sủ
Tỉnh Hà Giang,Huyện Xín Mần,Xã Chí Cà,Tỉnh Tuyên Quang,Xã Xín Mần
Tỉnh Hà Giang,Huyện Xín Mần,Xã Chế Là,Tỉnh Tuyên Quang,Xã Nấm Dẩn
Tỉnh Hà Giang,Huyện Xín Mần,Xã Cốc Rế,Tỉnh Tuyên Quang,Xã Trung Thịnh
Tỉnh Hà Giang,Huyện Xín Mần,Xã Khuôn Lùng,Tỉnh Tuyên Quang,Xã Khuôn Lùng
Tỉnh Hà Giang,Huyện Xín Mần,Xã Nà Chì,Tỉnh Tuyên Quang,Xã Khuôn Lùng
Tỉnh Hà Giang,Huyện Xín Mần,Xã Nàn Ma,Tỉnh Tuyên Quang,Xã Pà Vầy Sủ
Tỉnh Hà Giang,Huyện Xín Mần,Xã Nàn Xỉn,Tỉnh Tuyên Quang,Xã Xín Mần
Tỉnh Hà Giang,Huyện Xín Mần,Xã Nấm Dẩn,Tỉnh Tuyên Quang,Xã Nấm Dẩn
Tỉnh Hà Giang,Huyện Xín Mần,Xã Pà Vầy Sủ,Tỉnh Tuyên Quang,Xã Pà Vầy Sủ
Tỉnh Hà Giang,Huyện Xín Mần,Xã Thu Tà,Tỉnh Tuyên Quang,Xã Trung Thịnh
Tỉnh Hà Giang,Huyện Xín Mần,Xã Thèn Phàng,Tỉnh Tuyên Quang,Xã Xín Mần
Tỉnh Hà Giang,Huyện Xín Mần,Xã Trung Thịnh,Tỉnh Tuyên Quang,Xã Trung Thịnh
Tỉnh Hà Giang,Huyện Xín Mần,Xã Tả Nhìu,Tỉnh Tuyên Quang,Xã Nấm Dẩn
Tỉnh Hà Giang,Huyện Xín Mần,Xã Xín Mần,Tỉnh Tuyên Quang,Xã Xín Mần
Tỉnh Hà Giang,Huyện Yên Minh,Thị trấn Yên Minh,Tỉnh Tuyên Quang,Xã Yên Minh
Tỉnh Hà Giang,Huyện Yên Minh,Xã Bạch Đích,Tỉnh Tuyên Quang,Xã Bạch Đích
Tỉnh Hà Giang,Huyện Yên Minh,Xã Du Già,Tỉnh Tuyên Quang,Xã Du Già
Tỉnh Hà Giang,Huyện Yên Minh,Xã Du Tiến,Tỉnh Tuyên Quang,Xã Du Già
Tỉnh Hà Giang,Huyện Yên Minh,Xã Hữu Vinh,Tỉnh Tuyên Quang,Xã Yên Minh
Tỉnh Hà Giang,Huyện Yên Minh,Xã Lao Và Chải,Tỉnh Tuyên Quang,Xã Yên Minh
Tỉnh Hà Giang,Huyện Yên Minh,Xã Lũng Hồ,Tỉnh Tuyên Quang,Xã Đường Thượng
Tỉnh Hà Giang,Huyện Yên Minh,Xã Mậu Duệ,Tỉnh Tuyên Quang,Xã Mậu Duệ
Tỉnh Hà Giang,Huyện Yên Minh,Xã Mậu Long,Tỉnh Tuyên Quang,Xã Mậu Duệ
Tỉnh Hà Giang,Huyện Yên Minh,Xã Na Khê,Tỉnh Tuyên Quang,Xã Bạch Đích
Tỉnh Hà Giang,Huyện Yên Minh,Xã Ngam La,Tỉnh Tuyên Quang,Xã Mậu Duệ
Tỉnh Hà Giang,Huyện Yên Minh,Xã Phú Lũng,Tỉnh Tuyên Quang,Xã Bạch Đích
Tỉnh Hà Giang,Huyện Yên Minh,Xã Sủng Thài,Tỉnh Tuyên Quang,Xã Thắng Mố
Tỉnh Hà Giang,Huyện Yên Minh,Xã Thắng Mố,Tỉnh Tuyên Quang,Xã Thắng Mố
Tỉnh Hà Giang,Huyện Yên Minh,Xã Đông Minh,Tỉnh Tuyên Quang,Xã Yên Minh
Tỉnh Hà Giang,Huyện Yên Minh,Xã Đường Thượng,Tỉnh Tuyên Quang,Xã Đường Thượng
Tỉnh Hà Giang,Huyện Đồng Văn,Thị trấn Đồng Văn,Tỉnh Tuyên Quang,Xã Đồng Văn
Tỉnh Hà Giang,Huyện Đồng Văn,Xã Hố Quáng Phìn,Tỉnh Tuyên Quang,Xã Lũng Phìn
Tỉnh Hà Giang,Huyện Đồng Văn,Xã Lũng Cú,Tỉnh Tuyên Quang,Xã Lũng Cú
Tỉnh Hà Giang,Huyện Đồng Văn,Xã Lũng Phìn,Tỉnh Tuyên Quang,Xã Lũng Phìn
Tỉnh Hà Giang,Huyện Đồng Văn,Xã Lũng Thầu,Tỉnh Tuyên Quang,Xã Phố Bảng
Tỉnh Hà Giang,Huyện Đồng Văn,Xã Lũng Táo,Tỉnh Tuyên Quang,Xã Lũng Cú
Tỉnh Hà Giang,Huyện Đồng Văn,Xã Má Lé,Tỉnh Tuyên Quang,Xã Lũng Cú
Tỉnh Hà Giang,Huyện Đồng Văn,Xã Phố Cáo,Tỉnh Tuyên Quang,Xã Phố Bảng
Tỉnh Hà Giang,Huyện Đồng Văn,Xã Phố Là,Tỉnh Tuyên Quang,Xã Phố Bảng
Tỉnh Hà Giang,Huyện Đồng Văn,Xã Sính Lủng,Tỉnh Tuyên Quang,Xã Sà Phìn
Tỉnh Hà Giang,Huyện Đồng Văn,Xã Sảng Tủng,Tỉnh Tuyên Quang,Xã Sà Phìn
Tỉnh Hà Giang,Huyện Đồng Văn,Xã Sủng Là,Tỉnh Tuyên Quang,Xã Sà Phìn
Tỉnh Hà Giang,Huyện Đồng Văn,Xã Sủng Trái,Tỉnh Tuyên Quang,Xã Lũng Phìn
Tỉnh Hà Giang,Huyện Đồng Văn,Xã Thài Phìn Tủng,Tỉnh Tuyên Quang,Xã Đồng Văn
Tỉnh Hà Giang,Huyện Đồng Văn,Xã Tả Lủng,Tỉnh Tuyên Quang,Xã Đồng Văn
Tỉnh Hà Giang,Huyện Đồng Văn,Xã Tả Phìn,Tỉnh Tuyên Quang,Xã Đồng Văn
Tỉnh Hà Giang,Huyện Đồng Văn,Xã Vần Chải,Tỉnh Tuyên Quang,Xã Yên Minh
Tỉnh Hà Giang,Thành phố Hà Giang,Phường Minh Khai,Tỉnh Tuyên Quang,Phường Hà Giang 2
Tỉnh Hà Giang,Thành phố Hà Giang,Phường Nguyễn Trãi,Tỉnh Tuyên Quang,Phường Hà Giang 1
Tỉnh Hà Giang,Thành phố Hà Giang,Phường Ngọc Hà,Tỉnh Tuyên Quang,Phường Hà Giang 2
Tỉnh Hà Giang,Thành phố Hà Giang,Phường Trần Phú,Tỉnh Tuyên Quang,Phường Hà Giang 2
Tỉnh Hà Giang,Thành phố Hà Giang,Xã Phương Thiện,Tỉnh Tuyên Quang,Phường Hà Giang 1
Tỉnh Hà Giang,Thành phố Hà Giang,Xã Phương Độ,Tỉnh Tuyên Quang,Phường Hà Giang 1
Tỉnh Hà Nam,Huyện Bình Lục,Thị trấn Bình Mỹ,Tỉnh Ninh Bình,Xã Bình Mỹ
Tỉnh Hà Nam,Huyện Bình Lục,Xã An Lão,Tỉnh Ninh Bình,Xã Bình Sơn
Tỉnh Hà Nam,Huyện Bình Lục,Xã An Ninh,Tỉnh Ninh Bình,Xã Bình Giang
Tỉnh Hà Nam,Huyện Bình Lục,Xã An Đổ,Tỉnh Ninh Bình,Xã Bình Sơn
Tỉnh Hà Nam,Huyện Bình Lục,Xã Bình An,Tỉnh Ninh Bình,Xã Bình An
Tỉnh Hà Nam,Huyện Bình Lục,Xã Bình Nghĩa,Tỉnh Ninh Bình,Xã Bình Lục
Tỉnh Hà Nam,Huyện Bình Lục,Xã Bồ Đề,Tỉnh Ninh Bình,Xã Bình Giang
Tỉnh Hà Nam,Huyện Bình Lục,Xã La Sơn,Tỉnh Ninh Bình,Xã Bình Mỹ
Tỉnh Hà Nam,Huyện Bình Lục,Xã Ngọc Lũ,Tỉnh Ninh Bình,Xã Bình An
Tỉnh Hà Nam,Huyện Bình Lục,Xã Tiêu Động,Tỉnh Ninh Bình,Xã Bình Sơn
Tỉnh Hà Nam,Huyện Bình Lục,Xã Trung Lương,Tỉnh Ninh Bình,Xã Bình An
Tỉnh Hà Nam,Huyện Bình Lục,Xã Tràng An,Tỉnh Ninh Bình,Xã Bình Lục
Tỉnh Hà Nam,Huyện Bình Lục,Xã Vũ Bản,Tỉnh Ninh Bình,Xã Bình Giang
Tỉnh Hà Nam,Huyện Bình Lục,Xã Đồn Xá,Tỉnh Ninh Bình,Xã Bình Mỹ
Tỉnh Hà Nam,Huyện Bình Lục,Xã Đồng Du,Tỉnh Ninh Bình,Xã Bình Lục
Tỉnh Hà Nam,Huyện Lý Nhân,Thị trấn Vĩnh Trụ,Tỉnh Ninh Bình,Xã Vĩnh Trụ
Tỉnh Hà Nam,Huyện Lý Nhân,Xã Bắc Lý,Tỉnh Ninh Bình,Xã Bắc Lý
Tỉnh Hà Nam,Huyện Lý Nhân,Xã Chân Lý,Tỉnh Ninh Bình,Xã Bắc Lý
Tỉnh Hà Nam,Huyện Lý Nhân,Xã Chính Lý,Tỉnh Ninh Bình,Xã Lý Nhân
Tỉnh Hà Nam,Huyện Lý Nhân,Xã Công Lý,Tỉnh Ninh Bình,Xã Nam Xang
Tỉnh Hà Nam,Huyện Lý Nhân,Xã Hòa Hậu,Tỉnh Ninh Bình,Xã Nam Lý
Tỉnh Hà Nam,Huyện Lý Nhân,Xã Hợp Lý,Tỉnh Ninh Bình,Xã Lý Nhân
Tỉnh Hà Nam,Huyện Lý Nhân,Xã Nguyên Lý,Tỉnh Ninh Bình,Xã Nam Xang
Tỉnh Hà Nam,Huyện Lý Nhân,Xã Nhân Bình,Tỉnh Ninh Bình,Xã Trần Thương
Tỉnh Hà Nam,Huyện Lý Nhân,Xã Nhân Chính,Tỉnh Ninh Bình,Xã Vĩnh Trụ
Tỉnh Hà Nam,Huyện Lý Nhân,Xã Nhân Khang,Tỉnh Ninh Bình,Xã Vĩnh Trụ
Tỉnh Hà Nam,Huyện Lý Nhân,Xã Nhân Mỹ,Tỉnh Ninh Bình,Xã Nhân Hà
Tỉnh Hà Nam,Huyện Lý Nhân,Xã Nhân Nghĩa,Tỉnh Ninh Bình,Xã Trần Thương
Tỉnh Hà Nam,Huyện Lý Nhân,Xã Nhân Thịnh,Tỉnh Ninh Bình,Xã Nhân Hà
Tỉnh Hà Nam,Huyện Lý Nhân,Xã Phú Phúc,Tỉnh Ninh Bình,Xã Nam Lý
Tỉnh Hà Nam,Huyện Lý Nhân,Xã Tiến Thắng,Tỉnh Ninh Bình,Xã Nam Lý
Tỉnh Hà Nam,Huyện Lý Nhân,Xã Trần Hưng Đạo,Tỉnh Ninh Bình,Xã Trần Thương
Tỉnh Hà Nam,Huyện Lý Nhân,Xã Văn Lý,Tỉnh Ninh Bình,Xã Lý Nhân
Tỉnh Hà Nam,Huyện Lý Nhân,Xã Xuân Khê,Tỉnh Ninh Bình,Xã Nhân Hà
Tỉnh Hà Nam,Huyện Lý Nhân,Xã Đạo Lý,Tỉnh Ninh Bình,Xã Bắc Lý
Tỉnh Hà Nam,Huyện Lý Nhân,Xã Đức Lý,Tỉnh Ninh Bình,Xã Nam Xang
Tỉnh Hà Nam,Huyện Thanh Liêm,Thị trấn Kiện Khê,Tỉnh Ninh Bình,Phường Châu Sơn
Tỉnh Hà Nam,Huyện Thanh Liêm,Thị trấn Tân Thanh,Tỉnh Ninh Bình,Xã Tân Thanh
Tỉnh Hà Nam,Huyện Thanh Liêm,Xã Liêm Cần,Tỉnh Ninh Bình,Xã Liêm Hà
Tỉnh Hà Nam,Huyện Thanh Liêm,Xã Liêm Phong,Tỉnh Ninh Bình,Xã Liêm Hà
Tỉnh Hà Nam,Huyện Thanh Liêm,Xã Liêm Sơn,Tỉnh Ninh Bình,Xã Thanh Bình
Tỉnh Hà Nam,Huyện Thanh Liêm,Xã Liêm Thuận,Tỉnh Ninh Bình,Xã Thanh Bình
Tỉnh Hà Nam,Huyện Thanh Liêm,Xã Liêm Túc,Tỉnh Ninh Bình,Xã Thanh Bình
Tỉnh Hà Nam,Huyện Thanh Liêm,Xã Thanh Hà,Tỉnh Ninh Bình,Xã Liêm Hà
Tỉnh Hà Nam,Huyện Thanh Liêm,Xã Thanh Hương,Tỉnh Ninh Bình,Xã Thanh Liêm
Tỉnh Hà Nam,Huyện Thanh Liêm,Xã Thanh Hải,Tỉnh Ninh Bình,Xã Thanh Lâm
Tỉnh Hà Nam,Huyện Thanh Liêm,Xã Thanh Nghị,Tỉnh Ninh Bình,Xã Thanh Lâm
Tỉnh Hà Nam,Huyện Thanh Liêm,Xã Thanh Nguyên,Tỉnh Ninh Bình,Xã Thanh Liêm
Tỉnh Hà Nam,Huyện Thanh Liêm,Xã Thanh Phong,Tỉnh Ninh Bình,Xã Tân Thanh
Tỉnh Hà Nam,Huyện Thanh Liêm,Xã Thanh Thủy,Tỉnh Ninh Bình,Xã Tân Thanh
Tỉnh Hà Nam,Huyện Thanh Liêm,Xã Thanh Tâm,Tỉnh Ninh Bình,Xã Thanh Liêm
Tỉnh Hà Nam,Huyện Thanh Liêm,Xã Thanh Tân,Tỉnh Ninh Bình,Xã Thanh Lâm
Tỉnh Hà Nam,Thành phố Phủ Lý,Phường Châu Cầu,Tỉnh Ninh Bình,Phường Phủ Lý
Tỉnh Hà Nam,Thành phố Phủ Lý,Phường Châu Sơn,Tỉnh Ninh Bình,Phường Châu Sơn
Tỉnh Hà Nam,Thành phố Phủ Lý,Phường Lam Hạ,Tỉnh Ninh Bình,Phường Hà Nam
Tỉnh Hà Nam,Thành phố Phủ Lý,Phường Lê Hồng Phong,Tỉnh Ninh Bình,Phường Phù Vân
Tỉnh Hà Nam,Thành phố Phủ Lý,Phường Thanh Châu,Tỉnh Ninh Bình,Phường Phủ Lý
Tỉnh Hà Nam,Thành phố Phủ Lý,Phường Thanh Tuyền,Tỉnh Ninh Bình,Phường Châu Sơn
Tỉnh Hà Nam,Thành phố Phủ Lý,Phường Tân Hiệp,Tỉnh Ninh Bình,Phường Hà Nam
Tỉnh Hà Nam,Thành phố Phủ Lý,Phường Tân Liêm,Tỉnh Ninh Bình,Phường Liêm Tuyền
Tỉnh Hà Nam,Thành phố Phủ Lý,Xã Kim Bình,Tỉnh Ninh Bình,Phường Phù Vân
Tỉnh Hà Nam,Thành phố Phủ Lý,Xã Phù Vân,Tỉnh Ninh Bình,Phường Phù Vân
Tỉnh Hà Nam,Thành phố Phủ Lý,Xã Trịnh Xá,Tỉnh Ninh Bình,Phường Liêm Tuyền
Tỉnh Hà Nam,Thành phố Phủ Lý,Xã Đinh Xá,Tỉnh Ninh Bình,Phường Liêm Tuyền
Tỉnh Hà Nam,Thị xã Duy Tiên,Phường Bạch Thượng,Tỉnh Ninh Bình,Phường Đồng Văn
Tỉnh Hà Nam,Thị xã Duy Tiên,Phường Châu Giang,Tỉnh Ninh Bình,Phường Duy Tân
Tỉnh Hà Nam,Thị xã Duy Tiên,Phường Duy Minh,Tỉnh Ninh Bình,Phường Duy Hà
Tỉnh Hà Nam,Thị xã Duy Tiên,Phường Tiên Nội,Tỉnh Ninh Bình,Phường Hà Nam
Tỉnh Hà Nam,Thị xã Duy Tiên,Phường Yên Bắc,Tỉnh Ninh Bình,Phường Đồng Văn
Tỉnh Hà Nam,Thị xã Duy Tiên,Phường Đồng Văn,Tỉnh Ninh Bình,Phường Đồng Văn
Tỉnh Hà Nam,Thị xã Duy Tiên,Xã Chuyên Ngoại,Tỉnh Ninh Bình,Phường Duy Tiên
Tỉnh Hà Nam,Thị xã Duy Tiên,Xã Tiên Ngoại,Tỉnh Ninh Bình,Phường Tiên Sơn
Tỉnh Hà Nam,Thị xã Duy Tiên,Xã Trác Văn,Tỉnh Ninh Bình,Phường Duy Tiên
Tỉnh Hà Nam,Thị xã Kim Bảng,Phường Ba Sao,Tỉnh Ninh Bình,Phường Tam Chúc
Tỉnh Hà Nam,Thị xã Kim Bảng,Phường Lê Hồ,Tỉnh Ninh Bình,Phường Lê Hồ
Tỉnh Hà Nam,Thị xã Kim Bảng,Phường Ngọc Sơn,Tỉnh Ninh Bình,Phường Kim Bảng
Tỉnh Hà Nam,Thị xã Kim Bảng,Phường Quế,Tỉnh Ninh Bình,Phường Kim Bảng
Tỉnh Hà Nam,Thị xã Kim Bảng,Phường Thi Sơn,Tỉnh Ninh Bình,Phường Lý Thường Kiệt
Tỉnh Hà Nam,Thị xã Kim Bảng,Phường Tân Sơn,Tỉnh Ninh Bình,Phường Nguyễn Úy
Tỉnh Hà Nam,Thị xã Kim Bảng,Phường Tân Tựu,Tỉnh Ninh Bình,Phường Kim Thanh
Tỉnh Hà Nam,Thị xã Kim Bảng,Phường Tượng Lĩnh,Tỉnh Ninh Bình,Phường Nguyễn Úy
Tỉnh Hà Nam,Thị xã Kim Bảng,Phường Đại Cương,Tỉnh Ninh Bình,Phường Lê Hồ
Tỉnh Hà Nam,Thị xã Kim Bảng,Phường Đồng Hóa,Tỉnh Ninh Bình,Phường Lê Hồ
Tỉnh Hà Nam,Thị xã Kim Bảng,Xã Hoàng Tây,Tỉnh Ninh Bình,Phường Kim Thanh
Tỉnh Hà Nam,Thị xã Kim Bảng,Xã Khả Phong,Tỉnh Ninh Bình,Phường Tam Chúc
Tỉnh Hà Nam,Thị xã Kim Bảng,Xã Nguyễn Úy,Tỉnh Ninh Bình,Phường Nguyễn Úy
Tỉnh Hà Nam,Thị xã Kim Bảng,Xã Thanh Sơn,Tỉnh Ninh Bình,Phường Lý Thường Kiệt
Tỉnh Hà Nam,Thị xã Kim Bảng,Xã Thụy Lôi,Tỉnh Ninh Bình,Phường Tam Chúc
Tỉnh Hà Nam,Thị xã Kim Bảng,Xã Văn Xá,Tỉnh Ninh Bình,Phường Kim Bảng
Tỉnh Hà Tĩnh,Huyện Can Lộc,Thị trấn Nghèn,Tỉnh Hà Tĩnh,Xã Can Lộc
Tỉnh Hà Tĩnh,Huyện Can Lộc,Thị trấn Đồng Lộc,Tỉnh Hà Tĩnh,Xã Đồng Lộc
Tỉnh Hà Tĩnh,Huyện Can Lộc,Xã Gia Hanh,Tỉnh Hà Tĩnh,Xã Gia Hanh
Tỉnh Hà Tĩnh,Huyện Can Lộc,Xã Khánh Vĩnh Yên,Tỉnh Hà Tĩnh,Xã Gia Hanh
Tỉnh Hà Tĩnh,Huyện Can Lộc,Xã Kim Song Trường,Tỉnh Hà Tĩnh,Xã Trường Lưu
Tỉnh Hà Tĩnh,Huyện Can Lộc,Xã Mỹ Lộc,Tỉnh Hà Tĩnh,Xã Đồng Lộc
Tỉnh Hà Tĩnh,Huyện Can Lộc,Xã Phú Lộc,Tỉnh Hà Tĩnh,Xã Trường Lưu
Tỉnh Hà Tĩnh,Huyện Can Lộc,Xã Quang Lộc,Tỉnh Hà Tĩnh,Xã Xuân Lộc
Tỉnh Hà Tĩnh,Huyện Can Lộc,Xã Sơn Lộc,Tỉnh Hà Tĩnh,Xã Xuân Lộc
Tỉnh Hà Tĩnh,Huyện Can Lộc,Xã Thanh Lộc,Tỉnh Hà Tĩnh,Xã Gia Hanh
Tỉnh Hà Tĩnh,Huyện Can Lộc,Xã Thiên Lộc,Tỉnh Hà Tĩnh,Xã Can Lộc
Tỉnh Hà Tĩnh,Huyện Can Lộc,Xã Thuần Thiện,Tỉnh Hà Tĩnh,Xã Tùng Lộc
Tỉnh Hà Tĩnh,Huyện Can Lộc,Xã Thường Nga,Tỉnh Hà Tĩnh,Xã Trường Lưu
Tỉnh Hà Tĩnh,Huyện Can Lộc,Xã Thượng Lộc,Tỉnh Hà Tĩnh,Xã Đồng Lộc
Tỉnh Hà Tĩnh,Huyện Can Lộc,Xã Tùng Lộc,Tỉnh Hà Tĩnh,Xã Tùng Lộc
Tỉnh Hà Tĩnh,Huyện Can Lộc,Xã Vượng Lộc,Tỉnh Hà Tĩnh,Xã Can Lộc
Tỉnh Hà Tĩnh,Huyện Can Lộc,Xã Xuân Lộc,Tỉnh Hà Tĩnh,Xã Xuân Lộc
Tỉnh Hà Tĩnh,Huyện Cẩm Xuyên,Thị trấn Cẩm Xuyên,Tỉnh Hà Tĩnh,Xã Cẩm Xuyên
Tỉnh Hà Tĩnh,Huyện Cẩm Xuyên,Thị trấn Thiên Cầm,Tỉnh Hà Tĩnh,Xã Thiên Cầm
Tỉnh Hà Tĩnh,Huyện Cẩm Xuyên,Xã Cẩm Duệ,Tỉnh Hà Tĩnh,Xã Cẩm Duệ
Tỉnh Hà Tĩnh,Huyện Cẩm Xuyên,Xã Cẩm Dương,Tỉnh Hà Tĩnh,Xã Yên Hoà
Tỉnh Hà Tĩnh,Huyện Cẩm Xuyên,Xã Cẩm Hà,Tỉnh Hà Tĩnh,Xã Cẩm Hưng
Tỉnh Hà Tĩnh,Huyện Cẩm Xuyên,Xã Cẩm Hưng,Tỉnh Hà Tĩnh,Xã Cẩm Hưng
Tỉnh Hà Tĩnh,Huyện Cẩm Xuyên,Xã Cẩm Lĩnh,Tỉnh Hà Tĩnh,Xã Cẩm Trung
Tỉnh Hà Tĩnh,Huyện Cẩm Xuyên,Xã Cẩm Lạc,Tỉnh Hà Tĩnh,Xã Cẩm Lạc
Tỉnh Hà Tĩnh,Huyện Cẩm Xuyên,Xã Cẩm Lộc,Tỉnh Hà Tĩnh,Xã Cẩm Trung
Tỉnh Hà Tĩnh,Huyện Cẩm Xuyên,Xã Cẩm Minh,Tỉnh Hà Tĩnh,Xã Cẩm Lạc
Tỉnh Hà Tĩnh,Huyện Cẩm Xuyên,Xã Cẩm Mỹ,Tỉnh Hà Tĩnh,Xã Cẩm Duệ
Tỉnh Hà Tĩnh,Huyện Cẩm Xuyên,Xã Cẩm Nhượng,Tỉnh Hà Tĩnh,Xã Thiên Cầm
Tỉnh Hà Tĩnh,Huyện Cẩm Xuyên,Xã Cẩm Quan,Tỉnh Hà Tĩnh,Xã Cẩm Xuyên
Tỉnh Hà Tĩnh,Huyện Cẩm Xuyên,Xã Cẩm Quang,Tỉnh Hà Tĩnh,Xã Cẩm Xuyên
Tỉnh Hà Tĩnh,Huyện Cẩm Xuyên,Xã Cẩm Sơn,Tỉnh Hà Tĩnh,Xã Cẩm Lạc
Tỉnh Hà Tĩnh,Huyện Cẩm Xuyên,Xã Cẩm Thành,Tỉnh Hà Tĩnh,Xã Cẩm Bình
Tỉnh Hà Tĩnh,Huyện Cẩm Xuyên,Xã Cẩm Thạch,Tỉnh Hà Tĩnh,Xã Cẩm Duệ
Tỉnh Hà Tĩnh,Huyện Cẩm Xuyên,Xã Cẩm Thịnh,Tỉnh Hà Tĩnh,Xã Cẩm Hưng
Tỉnh Hà Tĩnh,Huyện Cẩm Xuyên,Xã Cẩm Trung,Tỉnh Hà Tĩnh,Xã Cẩm Trung
Tỉnh Hà Tĩnh,Huyện Cẩm Xuyên,Xã Nam Phúc Thăng,Tỉnh Hà Tĩnh,Xã Thiên Cầm
Tỉnh Hà Tĩnh,Huyện Cẩm Xuyên,Xã Yên Hòa,Tỉnh Hà Tĩnh,Xã Yên Hoà
Tỉnh Hà Tĩnh,Huyện Hương Khê,Thị trấn Hương Khê,Tỉnh Hà Tĩnh,Xã Hương Khê
Tỉnh Hà Tĩnh,Huyện Hương Khê,Xã Gia Phố,Tỉnh Hà Tĩnh,Xã Hương Phố
Tỉnh Hà Tĩnh,Huyện Hương Khê,Xã Hà Linh,Tỉnh Hà Tĩnh,Xã Hà Linh
Tỉnh Hà Tĩnh,Huyện Hương Khê,Xã Hòa Hải,Tỉnh Hà Tĩnh,Xã Hương Bình
Tỉnh Hà Tĩnh,Huyện Hương Khê,Xã Hương Bình,Tỉnh Hà Tĩnh,Xã Hương Bình
Tỉnh Hà Tĩnh,Huyện Hương Khê,Xã Hương Giang,Tỉnh Hà Tĩnh,Xã Hương Phố
Tỉnh Hà Tĩnh,Huyện Hương Khê,Xã Hương Liên,Tỉnh Hà Tĩnh,Xã Phúc Trạch
Tỉnh Hà Tĩnh,Huyện Hương Khê,Xã Hương Long,Tỉnh Hà Tĩnh,Xã Hương Khê
Tỉnh Hà Tĩnh,Huyện Hương Khê,Xã Hương Lâm,Tỉnh Hà Tĩnh,Xã Hương Xuân
Tỉnh Hà Tĩnh,Huyện Hương Khê,Xã Hương Thủy,Tỉnh Hà Tĩnh,Xã Hương Phố
Tỉnh Hà Tĩnh,Huyện Hương Khê,Xã Hương Trà,Tỉnh Hà Tĩnh,Xã Hương Đô
Tỉnh Hà Tĩnh,Huyện Hương Khê,Xã Hương Trạch,Tỉnh Hà Tĩnh,Xã Phúc Trạch
Tỉnh Hà Tĩnh,Huyện Hương Khê,Xã Hương Vĩnh,Tỉnh Hà Tĩnh,Xã Hương Xuân
Tỉnh Hà Tĩnh,Huyện Hương Khê,Xã Hương Xuân,Tỉnh Hà Tĩnh,Xã Hương Xuân
Tỉnh Hà Tĩnh,Huyện Hương Khê,Xã Hương Đô,Tỉnh Hà Tĩnh,Xã Hương Đô
Tỉnh Hà Tĩnh,Huyện Hương Khê,Xã Lộc Yên,Tỉnh Hà Tĩnh,Xã Hương Đô
Tỉnh Hà Tĩnh,Huyện Hương Khê,Xã Phú Gia,Tỉnh Hà Tĩnh,Xã Hương Khê
Tỉnh Hà Tĩnh,Huyện Hương Khê,Xã Phúc Trạch,Tỉnh Hà Tĩnh,Xã Phúc Trạch
Tỉnh Hà Tĩnh,Huyện Hương Khê,Xã Phúc Đồng,Tỉnh Hà Tĩnh,Xã Hương Bình
Tỉnh Hà Tĩnh,Huyện Hương Khê,Xã Điền Mỹ,Tỉnh Hà Tĩnh,Xã Hà Linh
Tỉnh Hà Tĩnh,Huyện Hương Sơn,Thị trấn Phố Châu,Tỉnh Hà Tĩnh,Xã Hương Sơn
Tỉnh Hà Tĩnh,Huyện Hương Sơn,Thị trấn Tây Sơn,Tỉnh Hà Tĩnh,Xã Sơn Tây
Tỉnh Hà Tĩnh,Huyện Hương Sơn,Xã An Hòa Thịnh,Tỉnh Hà Tĩnh,Xã Sơn Tiến
Tỉnh Hà Tĩnh,Huyện Hương Sơn,Xã Châu Bình,Tỉnh Hà Tĩnh,Xã Tứ Mỹ
Tỉnh Hà Tĩnh,Huyện Hương Sơn,Xã Hàm Trường,Tỉnh Hà Tĩnh,Xã Kim Hoa
Tỉnh Hà Tĩnh,Huyện Hương Sơn,Xã Kim Hoa,Tỉnh Hà Tĩnh,Xã Kim Hoa
Tỉnh Hà Tĩnh,Huyện Hương Sơn,Xã Mỹ Long,Tỉnh Hà Tĩnh,Xã Tứ Mỹ
Tỉnh Hà Tĩnh,Huyện Hương Sơn,Xã Quang Diệm,Tỉnh Hà Tĩnh,Xã Sơn Giang
Tỉnh Hà Tĩnh,Huyện Hương Sơn,Xã Sơn Bằng,Tỉnh Hà Tĩnh,Xã Hương Sơn
Tỉnh Hà Tĩnh,Huyện Hương Sơn,Xã Sơn Giang,Tỉnh Hà Tĩnh,Xã Sơn Giang
Tỉnh Hà Tĩnh,Huyện Hương Sơn,Xã Sơn Hồng,Tỉnh Hà Tĩnh,Xã Sơn Hồng
Tỉnh Hà Tĩnh,Huyện Hương Sơn,Xã Sơn Lâm,Tỉnh Hà Tĩnh,Xã Sơn Giang
Tỉnh Hà Tĩnh,Huyện Hương Sơn,Xã Sơn Lĩnh,Tỉnh Hà Tĩnh,Xã Sơn Hồng
Tỉnh Hà Tĩnh,Huyện Hương Sơn,Xã Sơn Lễ,Tỉnh Hà Tĩnh,Xã Sơn Tiến
Tỉnh Hà Tĩnh,Huyện Hương Sơn,Xã Sơn Ninh,Tỉnh Hà Tĩnh,Xã Hương Sơn
Tỉnh Hà Tĩnh,Huyện Hương Sơn,Xã Sơn Phú,Tỉnh Hà Tĩnh,Xã Hương Sơn
Tỉnh Hà Tĩnh,Huyện Hương Sơn,Xã Sơn Tiến,Tỉnh Hà Tĩnh,Xã Sơn Tiến
Tỉnh Hà Tĩnh,Huyện Hương Sơn,Xã Sơn Trung,Tỉnh Hà Tĩnh,Xã Hương Sơn
Tỉnh Hà Tĩnh,Huyện Hương Sơn,Xã Sơn Tây,Tỉnh Hà Tĩnh,Xã Sơn Tây
Tỉnh Hà Tĩnh,Huyện Hương Sơn,Xã Tân Mỹ Hà,Tỉnh Hà Tĩnh,Xã Tứ Mỹ
Tỉnh Hà Tĩnh,Huyện Kỳ Anh,Thị trấn Kỳ Đồng,Tỉnh Hà Tĩnh,Xã Kỳ Anh
Tỉnh Hà Tĩnh,Huyện Kỳ Anh,Xã Kỳ Bắc,Tỉnh Hà Tĩnh,Xã Kỳ Xuân
Tỉnh Hà Tĩnh,Huyện Kỳ Anh,Xã Kỳ Châu,Tỉnh Hà Tĩnh,Phường Sông Trí
Tỉnh Hà Tĩnh,Huyện Kỳ Anh,Xã Kỳ Giang,Tỉnh Hà Tĩnh,Xã Kỳ Anh
Tỉnh Hà Tĩnh,Huyện Kỳ Anh,Xã Kỳ Hải,Tỉnh Hà Tĩnh,Phường Hải Ninh
Tỉnh Hà Tĩnh,Huyện Kỳ Anh,Xã Kỳ Khang,Tỉnh Hà Tĩnh,Xã Kỳ Khang
Tỉnh Hà Tĩnh,Huyện Kỳ Anh,Xã Kỳ Lạc,Tỉnh Hà Tĩnh,Xã Kỳ Lạc
Tỉnh Hà Tĩnh,Huyện Kỳ Anh,Xã Kỳ Phong,Tỉnh Hà Tĩnh,Xã Kỳ Xuân
Tỉnh Hà Tĩnh,Huyện Kỳ Anh,Xã Kỳ Phú,Tỉnh Hà Tĩnh,Xã Kỳ Anh
Tỉnh Hà Tĩnh,Huyện Kỳ Anh,Xã Kỳ Sơn,Tỉnh Hà Tĩnh,Xã Kỳ Thượng
Tỉnh Hà Tĩnh,Huyện Kỳ Anh,Xã Kỳ Thư,Tỉnh Hà Tĩnh,Xã Kỳ Khang
Tỉnh Hà Tĩnh,Huyện Kỳ Anh,Xã Kỳ Thượng,Tỉnh Hà Tĩnh,Xã Kỳ Thượng
Tỉnh Hà Tĩnh,Huyện Kỳ Anh,Xã Kỳ Thọ,Tỉnh Hà Tĩnh,Xã Kỳ Khang
Tỉnh Hà Tĩnh,Huyện Kỳ Anh,Xã Kỳ Tiến,Tỉnh Hà Tĩnh,Xã Kỳ Anh
Tỉnh Hà Tĩnh,Huyện Kỳ Anh,Xã Kỳ Trung,Tỉnh Hà Tĩnh,Xã Kỳ Văn
Tỉnh Hà Tĩnh,Huyện Kỳ Anh,Xã Kỳ Tân,Tỉnh Hà Tĩnh,Xã Kỳ Hoa
Tỉnh Hà Tĩnh,Huyện Kỳ Anh,Xã Kỳ Tây,Tỉnh Hà Tĩnh,Xã Kỳ Văn
Tỉnh Hà Tĩnh,Huyện Kỳ Anh,Xã Kỳ Văn,Tỉnh Hà Tĩnh,Xã Kỳ Văn
Tỉnh Hà Tĩnh,Huyện Kỳ Anh,Xã Kỳ Xuân,Tỉnh Hà Tĩnh,Xã Kỳ Xuân
Tỉnh Hà Tĩnh,Huyện Kỳ Anh,Xã Lâm Hợp,Tỉnh Hà Tĩnh,Xã Kỳ Lạc
Tỉnh Hà Tĩnh,Huyện Nghi Xuân,Thị trấn Tiên Điền,Tỉnh Hà Tĩnh,Xã Tiên Điền
Tỉnh Hà Tĩnh,Huyện Nghi Xuân,Thị trấn Xuân An,Tỉnh Hà Tĩnh,Xã Nghi Xuân
Tỉnh Hà Tĩnh,Huyện Nghi Xuân,Xã Cương Gián,Tỉnh Hà Tĩnh,Xã Cổ Đạm
Tỉnh Hà Tĩnh,Huyện Nghi Xuân,Xã Xuân Giang,Tỉnh Hà Tĩnh,Xã Nghi Xuân
Tỉnh Hà Tĩnh,Huyện Nghi Xuân,Xã Xuân Hải,Tỉnh Hà Tĩnh,Xã Đan Hải
Tỉnh Hà Tĩnh,Huyện Nghi Xuân,Xã Xuân Hồng,Tỉnh Hà Tĩnh,Xã Nghi Xuân
Tỉnh Hà Tĩnh,Huyện Nghi Xuân,Xã Xuân Hội,Tỉnh Hà Tĩnh,Xã Đan Hải
Tỉnh Hà Tĩnh,Huyện Nghi Xuân,Xã Xuân Lam,Tỉnh Hà Tĩnh,Phường Bắc Hồng Lĩnh
Tỉnh Hà Tĩnh,Huyện Nghi Xuân,Xã Xuân Liên,Tỉnh Hà Tĩnh,Xã Cổ Đạm
Tỉnh Hà Tĩnh,Huyện Nghi Xuân,Xã Xuân Lĩnh,Tỉnh Hà Tĩnh,Xã Nghi Xuân
Tỉnh Hà Tĩnh,Huyện Nghi Xuân,Xã Xuân Mỹ,Tỉnh Hà Tĩnh,Xã Tiên Điền
Tỉnh Hà Tĩnh,Huyện Nghi Xuân,Xã Xuân Phổ,Tỉnh Hà Tĩnh,Xã Đan Hải
Tỉnh Hà Tĩnh,Huyện Nghi Xuân,Xã Xuân Thành,Tỉnh Hà Tĩnh,Xã Tiên Điền
Tỉnh Hà Tĩnh,Huyện Nghi Xuân,Xã Xuân Viên,Tỉnh Hà Tĩnh,Xã Nghi Xuân
Tỉnh Hà Tĩnh,Huyện Nghi Xuân,Xã Xuân Yên,Tỉnh Hà Tĩnh,Xã Tiên Điền
Tỉnh Hà Tĩnh,Huyện Nghi Xuân,Xã Đan Trường,Tỉnh Hà Tĩnh,Xã Đan Hải
Tỉnh Hà Tĩnh,Huyện Thạch Hà,Thị trấn Lộc Hà,Tỉnh Hà Tĩnh,Xã Lộc Hà
Tỉnh Hà Tĩnh,Huyện Thạch Hà,Thị trấn Thạch Hà,Tỉnh Hà Tĩnh,Xã Thạch Hà
Tỉnh Hà Tĩnh,Huyện Thạch Hà,Xã Bình An,Tỉnh Hà Tĩnh,Xã Lộc Hà
Tỉnh Hà Tĩnh,Huyện Thạch Hà,Xã Hồng Lộc,Tỉnh Hà Tĩnh,Xã Hồng Lộc
Tỉnh Hà Tĩnh,Huyện Thạch Hà,Xã Lưu Vĩnh Sơn,Tỉnh Hà Tĩnh,Xã Toàn Lưu
Tỉnh Hà Tĩnh,Huyện Thạch Hà,Xã Mai Phụ,Tỉnh Hà Tĩnh,Xã Mai Phụ
Tỉnh Hà Tĩnh,Huyện Thạch Hà,Xã Nam Điền,Tỉnh Hà Tĩnh,Xã Thạch Xuân
Tỉnh Hà Tĩnh,Huyện Thạch Hà,Xã Ngọc Sơn,Tỉnh Hà Tĩnh,Xã Toàn Lưu
Tỉnh Hà Tĩnh,Huyện Thạch Hà,Xã Phù Lưu,Tỉnh Hà Tĩnh,Xã Mai Phụ
Tỉnh Hà Tĩnh,Huyện Thạch Hà,Xã Thạch Châu,Tỉnh Hà Tĩnh,Xã Mai Phụ
Tỉnh Hà Tĩnh,Huyện Thạch Hà,Xã Thạch Kim,Tỉnh Hà Tĩnh,Xã Lộc Hà
Tỉnh Hà Tĩnh,Huyện Thạch Hà,Xã Thạch Kênh,Tỉnh Hà Tĩnh,Xã Đông Kinh
Tỉnh Hà Tĩnh,Huyện Thạch Hà,Xã Thạch Liên,Tỉnh Hà Tĩnh,Xã Đông Kinh
Tỉnh Hà Tĩnh,Huyện Thạch Hà,Xã Thạch Long,Tỉnh Hà Tĩnh,Xã Thạch Hà
Tỉnh Hà Tĩnh,Huyện Thạch Hà,Xã Thạch Mỹ,Tỉnh Hà Tĩnh,Xã Mai Phụ
Tỉnh Hà Tĩnh,Huyện Thạch Hà,Xã Thạch Ngọc,Tỉnh Hà Tĩnh,Xã Việt Xuyên
Tỉnh Hà Tĩnh,Huyện Thạch Hà,Xã Thạch Sơn,Tỉnh Hà Tĩnh,Xã Thạch Hà
Tỉnh Hà Tĩnh,Huyện Thạch Hà,Xã Thạch Xuân,Tỉnh Hà Tĩnh,Xã Thạch Xuân
Tỉnh Hà Tĩnh,Huyện Thạch Hà,Xã Thịnh Lộc,Tỉnh Hà Tĩnh,Xã Lộc Hà
Tỉnh Hà Tĩnh,Huyện Thạch Hà,Xã Tân Lộc,Tỉnh Hà Tĩnh,Xã Hồng Lộc
Tỉnh Hà Tĩnh,Huyện Thạch Hà,Xã Việt Tiến,Tỉnh Hà Tĩnh,Xã Việt Xuyên
Tỉnh Hà Tĩnh,Huyện Thạch Hà,Xã Ích Hậu,Tỉnh Hà Tĩnh,Xã Đông Kinh
Tỉnh Hà Tĩnh,Huyện Vũ Quang,Thị trấn Vũ Quang,Tỉnh Hà Tĩnh,Xã Vũ Quang
Tỉnh Hà Tĩnh,Huyện Vũ Quang,Xã Hương Minh,Tỉnh Hà Tĩnh,Xã Vũ Quang
Tỉnh Hà Tĩnh,Huyện Vũ Quang,Xã Quang Thọ,Tỉnh Hà Tĩnh,Xã Vũ Quang
Tỉnh Hà Tĩnh,Huyện Vũ Quang,Xã Thọ Điền,Tỉnh Hà Tĩnh,Xã Vũ Quang
Tỉnh Hà Tĩnh,Huyện Vũ Quang,Xã Ân Phú,Tỉnh Hà Tĩnh,Xã Mai Hoa
Tỉnh Hà Tĩnh,Huyện Vũ Quang,Xã Đức Bồng,Tỉnh Hà Tĩnh,Xã Thượng Đức
Tỉnh Hà Tĩnh,Huyện Vũ Quang,Xã Đức Giang,Tỉnh Hà Tĩnh,Xã Mai Hoa
Tỉnh Hà Tĩnh,Huyện Vũ Quang,Xã Đức Hương,Tỉnh Hà Tĩnh,Xã Thượng Đức
Tỉnh Hà Tĩnh,Huyện Vũ Quang,Xã Đức Liên,Tỉnh Hà Tĩnh,Xã Thượng Đức
Tỉnh Hà Tĩnh,Huyện Vũ Quang,Xã Đức Lĩnh,Tỉnh Hà Tĩnh,Xã Mai Hoa
Tỉnh Hà Tĩnh,Huyện Đức Thọ,Thị trấn Đức Thọ,Tỉnh Hà Tĩnh,Xã Đức Thọ
Tỉnh Hà Tĩnh,Huyện Đức Thọ,Xã An Dũng,Tỉnh Hà Tĩnh,Xã Đức Thịnh
Tỉnh Hà Tĩnh,Huyện Đức Thọ,Xã Bùi La Nhân,Tỉnh Hà Tĩnh,Xã Đức Quang
Tỉnh Hà Tĩnh,Huyện Đức Thọ,Xã Hòa Lạc,Tỉnh Hà Tĩnh,Xã Đức Thọ
Tỉnh Hà Tĩnh,Huyện Đức Thọ,Xã Liên Minh,Tỉnh Hà Tĩnh,Xã Đức Minh
Tỉnh Hà Tĩnh,Huyện Đức Thọ,Xã Lâm Trung Thủy,Tỉnh Hà Tĩnh,Xã Đức Thịnh
Tỉnh Hà Tĩnh,Huyện Đức Thọ,Xã Quang Vĩnh,Tỉnh Hà Tĩnh,Xã Đức Quang
Tỉnh Hà Tĩnh,Huyện Đức Thọ,Xã Thanh Bình Thịnh,Tỉnh Hà Tĩnh,Xã Đức Thịnh
Tỉnh Hà Tĩnh,Huyện Đức Thọ,Xã Trường Sơn,Tỉnh Hà Tĩnh,Xã Đức Minh
Tỉnh Hà Tĩnh,Huyện Đức Thọ,Xã Tân Dân,Tỉnh Hà Tĩnh,Xã Đức Thọ
Tỉnh Hà Tĩnh,Huyện Đức Thọ,Xã Tân Hương,Tỉnh Hà Tĩnh,Xã Đức Đồng
Tỉnh Hà Tĩnh,Huyện Đức Thọ,Xã Tùng Châu,Tỉnh Hà Tĩnh,Xã Đức Minh
Tỉnh Hà Tĩnh,Huyện Đức Thọ,Xã Tùng Ảnh,Tỉnh Hà Tĩnh,Xã Đức Thọ
Tỉnh Hà Tĩnh,Huyện Đức Thọ,Xã Yên Hồ,Tỉnh Hà Tĩnh,Xã Đức Quang
Tỉnh Hà Tĩnh,Huyện Đức Thọ,Xã Đức Lạng,Tỉnh Hà Tĩnh,Xã Đức Đồng
Tỉnh Hà Tĩnh,Huyện Đức Thọ,Xã Đức Đồng,Tỉnh Hà Tĩnh,Xã Đức Đồng
Tỉnh Hà Tĩnh,Thành phố Hà Tĩnh,Phường Bắc Hà,Tỉnh Hà Tĩnh,Phường Thành Sen
Tỉnh Hà Tĩnh,Thành phố Hà Tĩnh,Phường Hà Huy Tập,Tỉnh Hà Tĩnh,Phường Thành Sen
Tỉnh Hà Tĩnh,Thành phố Hà Tĩnh,Phường Nam Hà,Tỉnh Hà Tĩnh,Phường Thành Sen
Tỉnh Hà Tĩnh,Thành phố Hà Tĩnh,Phường Thạch Hưng,Tỉnh Hà Tĩnh,Phường Thành Sen
Tỉnh Hà Tĩnh,Thành phố Hà Tĩnh,Phường Thạch Hạ,Tỉnh Hà Tĩnh,Phường Trần Phú
Tỉnh Hà Tĩnh,Thành phố Hà Tĩnh,Phường Thạch Quý,Tỉnh Hà Tĩnh,Phường Thành Sen
Tỉnh Hà Tĩnh,Thành phố Hà Tĩnh,Phường Thạch Trung,Tỉnh Hà Tĩnh,Phường Trần Phú
Tỉnh Hà Tĩnh,Thành phố Hà Tĩnh,Phường Trần Phú,Tỉnh Hà Tĩnh,Phường Thành Sen
Tỉnh Hà Tĩnh,Thành phố Hà Tĩnh,Phường Tân Giang,Tỉnh Hà Tĩnh,Phường Thành Sen
Tỉnh Hà Tĩnh,Thành phố Hà Tĩnh,Phường Văn Yên,Tỉnh Hà Tĩnh,Phường Thành Sen
Tỉnh Hà Tĩnh,Thành phố Hà Tĩnh,Phường Đại Nài,Tỉnh Hà Tĩnh,Phường Hà Huy Tập
Tỉnh Hà Tĩnh,Thành phố Hà Tĩnh,Phường Đại Nài,Tỉnh Hà Tĩnh,Phường Thành Sen
Tỉnh Hà Tĩnh,Thành phố Hà Tĩnh,Phường Đồng Môn,Tỉnh Hà Tĩnh,Phường Trần Phú
Tỉnh Hà Tĩnh,Thành phố Hà Tĩnh,Xã Cẩm Bình,Tỉnh Hà Tĩnh,Xã Cẩm Bình
Tỉnh Hà Tĩnh,Thành phố Hà Tĩnh,Xã Cẩm Vịnh,Tỉnh Hà Tĩnh,Xã Cẩm Bình
Tỉnh Hà Tĩnh,Thành phố Hà Tĩnh,Xã Hộ Độ,Tỉnh Hà Tĩnh,Phường Trần Phú
Tỉnh Hà Tĩnh,Thành phố Hà Tĩnh,Xã Thạch Bình,Tỉnh Hà Tĩnh,Xã Cẩm Bình
Tỉnh Hà Tĩnh,Thành phố Hà Tĩnh,Xã Thạch Hải,Tỉnh Hà Tĩnh,Xã Thạch Khê
Tỉnh Hà Tĩnh,Thành phố Hà Tĩnh,Xã Thạch Hội,Tỉnh Hà Tĩnh,Xã Đồng Tiến
Tỉnh Hà Tĩnh,Thành phố Hà Tĩnh,Xã Thạch Khê,Tỉnh Hà Tĩnh,Xã Thạch Khê
Tỉnh Hà Tĩnh,Thành phố Hà Tĩnh,Xã Thạch Lạc,Tỉnh Hà Tĩnh,Xã Thạch Lạc
Tỉnh Hà Tĩnh,Thành phố Hà Tĩnh,Xã Thạch Thắng,Tỉnh Hà Tĩnh,Xã Thạch Lạc
Tỉnh Hà Tĩnh,Thành phố Hà Tĩnh,Xã Thạch Trị,Tỉnh Hà Tĩnh,Xã Đồng Tiến
Tỉnh Hà Tĩnh,Thành phố Hà Tĩnh,Xã Thạch Văn,Tỉnh Hà Tĩnh,Xã Đồng Tiến
Tỉnh Hà Tĩnh,Thành phố Hà Tĩnh,Xã Thạch Đài,Tỉnh Hà Tĩnh,Phường Hà Huy Tập
Tỉnh Hà Tĩnh,Thành phố Hà Tĩnh,Xã Tân Lâm Hương,Tỉnh Hà Tĩnh,Phường Hà Huy Tập
Tỉnh Hà Tĩnh,Thành phố Hà Tĩnh,Xã Tượng Sơn,Tỉnh Hà Tĩnh,Xã Thạch Lạc
Tỉnh Hà Tĩnh,Thành phố Hà Tĩnh,Xã Đỉnh Bàn,Tỉnh Hà Tĩnh,Xã Thạch Khê
Tỉnh Hà Tĩnh,Thị xã Hồng Lĩnh,Phường Bắc Hồng,Tỉnh Hà Tĩnh,Phường Bắc Hồng Lĩnh
Tỉnh Hà Tĩnh,Thị xã Hồng Lĩnh,Phường Nam Hồng,Tỉnh Hà Tĩnh,Phường Nam Hồng Lĩnh
Tỉnh Hà Tĩnh,Thị xã Hồng Lĩnh,Phường Trung Lương,Tỉnh Hà Tĩnh,Phường Bắc Hồng Lĩnh
Tỉnh Hà Tĩnh,Thị xã Hồng Lĩnh,Phường Đậu Liêu,Tỉnh Hà Tĩnh,Phường Nam Hồng Lĩnh
Tỉnh Hà Tĩnh,Thị xã Hồng Lĩnh,Phường Đức Thuận,Tỉnh Hà Tĩnh,Phường Bắc Hồng Lĩnh
Tỉnh Hà Tĩnh,Thị xã Hồng Lĩnh,Xã Thuận Lộc,Tỉnh Hà Tĩnh,Phường Nam Hồng Lĩnh
Tỉnh Hà Tĩnh,Thị xã Kỳ Anh,Phường Hưng Trí,Tỉnh Hà Tĩnh,Phường Sông Trí
Tỉnh Hà Tĩnh,Thị xã Kỳ Anh,Phường Kỳ Liên,Tỉnh Hà Tĩnh,Phường Hoành Sơn
Tỉnh Hà Tĩnh,Thị xã Kỳ Anh,Phường Kỳ Long,Tỉnh Hà Tĩnh,Phường Vũng Áng
Tỉnh Hà Tĩnh,Thị xã Kỳ Anh,Phường Kỳ Nam,Tỉnh Hà Tĩnh,Phường Hoành Sơn
Tỉnh Hà Tĩnh,Thị xã Kỳ Anh,Phường Kỳ Ninh,Tỉnh Hà Tĩnh,Phường Hải Ninh
Tỉnh Hà Tĩnh,Thị xã Kỳ Anh,Phường Kỳ Phương,Tỉnh Hà Tĩnh,Phường Hoành Sơn
Tỉnh Hà Tĩnh,Thị xã Kỳ Anh,Phường Kỳ Thịnh,Tỉnh Hà Tĩnh,Phường Vũng Áng
Tỉnh Hà Tĩnh,Thị xã Kỳ Anh,Phường Kỳ Trinh,Tỉnh Hà Tĩnh,Phường Sông Trí
Tỉnh Hà Tĩnh,Thị xã Kỳ Anh,Xã Kỳ Hoa,Tỉnh Hà Tĩnh,Xã Kỳ Hoa
Tỉnh Hà Tĩnh,Thị xã Kỳ Anh,Xã Kỳ Hà,Tỉnh Hà Tĩnh,Phường Hải Ninh
Tỉnh Hà Tĩnh,Thị xã Kỳ Anh,Xã Kỳ Lợi,Tỉnh Hà Tĩnh,Phường Hoành Sơn
Tỉnh Hà Tĩnh,Thị xã Kỳ Anh,Xã Kỳ Lợi,Tỉnh Hà Tĩnh,Phường Sông Trí
Tỉnh Hà Tĩnh,Thị xã Kỳ Anh,Xã Kỳ Lợi,Tỉnh Hà Tĩnh,Phường Vũng Áng
Tỉnh Hưng Yên,Huyện Khoái Châu,Thị trấn Khoái Châu,Tỉnh Hưng Yên,Xã Khoái Châu
Tỉnh Hưng Yên,Huyện Khoái Châu,Xã An Vĩ,Tỉnh Hưng Yên,Xã Triệu Việt Vương
Tỉnh Hưng Yên,Huyện Khoái Châu,Xã Bình Minh,Tỉnh Hưng Yên,Xã Mễ Sở
Tỉnh Hưng Yên,Huyện Khoái Châu,Xã Chí Minh,Tỉnh Hưng Yên,Xã Chí Minh
Tỉnh Hưng Yên,Huyện Khoái Châu,Xã Dân Tiến,Tỉnh Hưng Yên,Xã Việt Tiến
Tỉnh Hưng Yên,Huyện Khoái Châu,Xã Liên Khê,Tỉnh Hưng Yên,Xã Khoái Châu
Tỉnh Hưng Yên,Huyện Khoái Châu,Xã Nguyễn Huệ,Tỉnh Hưng Yên,Xã Chí Minh
Tỉnh Hưng Yên,Huyện Khoái Châu,Xã Phùng Hưng,Tỉnh Hưng Yên,Xã Khoái Châu
Tỉnh Hưng Yên,Huyện Khoái Châu,Xã Phạm Hồng Thái,Tỉnh Hưng Yên,Xã Triệu Việt Vương
Tỉnh Hưng Yên,Huyện Khoái Châu,Xã Thuần Hưng,Tỉnh Hưng Yên,Xã Chí Minh
Tỉnh Hưng Yên,Huyện Khoái Châu,Xã Tân Châu,Tỉnh Hưng Yên,Xã Châu Ninh
Tỉnh Hưng Yên,Huyện Khoái Châu,Xã Tân Dân,Tỉnh Hưng Yên,Xã Triệu Việt Vương
Tỉnh Hưng Yên,Huyện Khoái Châu,Xã Tứ Dân,Tỉnh Hưng Yên,Xã Châu Ninh
Tỉnh Hưng Yên,Huyện Khoái Châu,Xã Việt Hòa,Tỉnh Hưng Yên,Xã Việt Tiến
Tỉnh Hưng Yên,Huyện Khoái Châu,Xã Ông Đình,Tỉnh Hưng Yên,Xã Triệu Việt Vương
Tỉnh Hưng Yên,Huyện Khoái Châu,Xã Đông Kết,Tỉnh Hưng Yên,Xã Khoái Châu
Tỉnh Hưng Yên,Huyện Khoái Châu,Xã Đông Ninh,Tỉnh Hưng Yên,Xã Châu Ninh
Tỉnh Hưng Yên,Huyện Khoái Châu,Xã Đông Tảo,Tỉnh Hưng Yên,Xã Hoàn Long
Tỉnh Hưng Yên,Huyện Khoái Châu,Xã Đại Tập,Tỉnh Hưng Yên,Xã Châu Ninh
Tỉnh Hưng Yên,Huyện Khoái Châu,Xã Đồng Tiến,Tỉnh Hưng Yên,Xã Việt Tiến
Tỉnh Hưng Yên,Huyện Kim Động,Thị trấn Lương Bằng,Tỉnh Hưng Yên,Xã Lương Bằng
Tỉnh Hưng Yên,Huyện Kim Động,Xã Chính Nghĩa,Tỉnh Hưng Yên,Xã Lương Bằng
Tỉnh Hưng Yên,Huyện Kim Động,Xã Diên Hồng,Tỉnh Hưng Yên,Xã Lương Bằng
Tỉnh Hưng Yên,Huyện Kim Động,Xã Hùng An,Tỉnh Hưng Yên,Xã Hiệp Cường
Tỉnh Hưng Yên,Huyện Kim Động,Xã Mai Động,Tỉnh Hưng Yên,Xã Đức Hợp
Tỉnh Hưng Yên,Huyện Kim Động,Xã Nghĩa Dân,Tỉnh Hưng Yên,Xã Nghĩa Dân
Tỉnh Hưng Yên,Huyện Kim Động,Xã Phú Thọ,Tỉnh Hưng Yên,Xã Đức Hợp
Tỉnh Hưng Yên,Huyện Kim Động,Xã Phạm Ngũ Lão,Tỉnh Hưng Yên,Xã Lương Bằng
Tỉnh Hưng Yên,Huyện Kim Động,Xã Song Mai,Tỉnh Hưng Yên,Xã Hiệp Cường
Tỉnh Hưng Yên,Huyện Kim Động,Xã Toàn Thắng,Tỉnh Hưng Yên,Xã Nghĩa Dân
Tỉnh Hưng Yên,Huyện Kim Động,Xã Vĩnh Xá,Tỉnh Hưng Yên,Xã Nghĩa Dân
Tỉnh Hưng Yên,Huyện Kim Động,Xã Đồng Thanh,Tỉnh Hưng Yên,Xã Nghĩa Dân
Tỉnh Hưng Yên,Huyện Kim Động,Xã Đức Hợp,Tỉnh Hưng Yên,Xã Đức Hợp
Tỉnh Hưng Yên,Huyện Phù Cừ,Thị trấn Trần Cao,Tỉnh Hưng Yên,Xã Quang Hưng
Tỉnh Hưng Yên,Huyện Phù Cừ,Xã Minh Hoàng,Tỉnh Hưng Yên,Xã Đoàn Đào
Tỉnh Hưng Yên,Huyện Phù Cừ,Xã Minh Tân,Tỉnh Hưng Yên,Xã Quang Hưng
Tỉnh Hưng Yên,Huyện Phù Cừ,Xã Nguyên Hòa,Tỉnh Hưng Yên,Xã Tống Trân
Tỉnh Hưng Yên,Huyện Phù Cừ,Xã Nhật Quang,Tỉnh Hưng Yên,Xã Tiên Tiến
Tỉnh Hưng Yên,Huyện Phù Cừ,Xã Phan Sào Nam,Tỉnh Hưng Yên,Xã Đoàn Đào
Tỉnh Hưng Yên,Huyện Phù Cừ,Xã Quang Hưng,Tỉnh Hưng Yên,Xã Quang Hưng
Tỉnh Hưng Yên,Huyện Phù Cừ,Xã Tam Đa,Tỉnh Hưng Yên,Xã Tống Trân
Tỉnh Hưng Yên,Huyện Phù Cừ,Xã Tiên Tiến,Tỉnh Hưng Yên,Xã Tiên Tiến
Tỉnh Hưng Yên,Huyện Phù Cừ,Xã Tống Phan,Tỉnh Hưng Yên,Xã Quang Hưng
Tỉnh Hưng Yên,Huyện Phù Cừ,Xã Tống Trân,Tỉnh Hưng Yên,Xã Tống Trân
Tỉnh Hưng Yên,Huyện Phù Cừ,Xã Đoàn Đào,Tỉnh Hưng Yên,Xã Đoàn Đào
Tỉnh Hưng Yên,Huyện Phù Cừ,Xã Đình Cao,Tỉnh Hưng Yên,Xã Tiên Tiến
Tỉnh Hưng Yên,Huyện Tiên Lữ,Thị trấn Vương,Tỉnh Hưng Yên,Xã Hoàng Hoa Thám
Tỉnh Hưng Yên,Huyện Tiên Lữ,Xã An Viên,Tỉnh Hưng Yên,Xã Hoàng Hoa Thám
Tỉnh Hưng Yên,Huyện Tiên Lữ,Xã Cương Chính,Tỉnh Hưng Yên,Xã Tiên Hoa
Tỉnh Hưng Yên,Huyện Tiên Lữ,Xã Hưng Đạo,Tỉnh Hưng Yên,Xã Hoàng Hoa Thám
Tỉnh Hưng Yên,Huyện Tiên Lữ,Xã Hải Thắng,Tỉnh Hưng Yên,Xã Tiên Lữ
Tỉnh Hưng Yên,Huyện Tiên Lữ,Xã Lệ Xá,Tỉnh Hưng Yên,Xã Tiên Hoa
Tỉnh Hưng Yên,Huyện Tiên Lữ,Xã Nhật Tân,Tỉnh Hưng Yên,Xã Hoàng Hoa Thám
Tỉnh Hưng Yên,Huyện Tiên Lữ,Xã Thiện Phiến,Tỉnh Hưng Yên,Xã Tiên Lữ
Tỉnh Hưng Yên,Huyện Tiên Lữ,Xã Thụy Lôi,Tỉnh Hưng Yên,Xã Tiên Lữ
Tỉnh Hưng Yên,Huyện Tiên Lữ,Xã Thủ Sỹ,Tỉnh Hưng Yên,Xã Tân Hưng
Tỉnh Hưng Yên,Huyện Tiên Lữ,Xã Trung Dũng,Tỉnh Hưng Yên,Xã Tiên Hoa
Tỉnh Hưng Yên,Huyện Văn Giang,Thị trấn Văn Giang,Tỉnh Hưng Yên,Xã Văn Giang
Tỉnh Hưng Yên,Huyện Văn Giang,Xã Cửu Cao,Tỉnh Hưng Yên,Xã Phụng Công
Tỉnh Hưng Yên,Huyện Văn Giang,Xã Liên Nghĩa,Tỉnh Hưng Yên,Xã Văn Giang
Tỉnh Hưng Yên,Huyện Văn Giang,Xã Long Hưng,Tỉnh Hưng Yên,Xã Nghĩa Trụ
Tỉnh Hưng Yên,Huyện Văn Giang,Xã Mễ Sở,Tỉnh Hưng Yên,Xã Mễ Sở
Tỉnh Hưng Yên,Huyện Văn Giang,Xã Nghĩa Trụ,Tỉnh Hưng Yên,Xã Nghĩa Trụ
Tỉnh Hưng Yên,Huyện Văn Giang,Xã Phụng Công,Tỉnh Hưng Yên,Xã Phụng Công
Tỉnh Hưng Yên,Huyện Văn Giang,Xã Thắng Lợi,Tỉnh Hưng Yên,Xã Mễ Sở
Tỉnh Hưng Yên,Huyện Văn Giang,Xã Tân Tiến,Tỉnh Hưng Yên,Xã Văn Giang
Tỉnh Hưng Yên,Huyện Văn Giang,Xã Vĩnh Khúc,Tỉnh Hưng Yên,Xã Nghĩa Trụ
Tỉnh Hưng Yên,Huyện Văn Giang,Xã Xuân Quan,Tỉnh Hưng Yên,Xã Phụng Công
Tỉnh Hưng Yên,Huyện Văn Lâm,Thị trấn Như Quỳnh,Tỉnh Hưng Yên,Xã Như Quỳnh
Tỉnh Hưng Yên,Huyện Văn Lâm,Xã Chỉ Đạo,Tỉnh Hưng Yên,Xã Lạc Đạo
Tỉnh Hưng Yên,Huyện Văn Lâm,Xã Lương Tài,Tỉnh Hưng Yên,Xã Đại Đồng
Tỉnh Hưng Yên,Huyện Văn Lâm,Xã Lạc Hồng,Tỉnh Hưng Yên,Xã Như Quỳnh
Tỉnh Hưng Yên,Huyện Văn Lâm,Xã Tân Quang,Tỉnh Hưng Yên,Xã Như Quỳnh
Tỉnh Hưng Yên,Huyện Văn Lâm,Xã Việt Hưng,Tỉnh Hưng Yên,Xã Đại Đồng
Tỉnh Hưng Yên,Huyện Văn Lâm,Xã Đại Đồng,Tỉnh Hưng Yên,Xã Đại Đồng
Tỉnh Hưng Yên,Huyện Yên Mỹ,Thị trấn Yên Mỹ,Tỉnh Hưng Yên,Xã Yên Mỹ
Tỉnh Hưng Yên,Huyện Yên Mỹ,Xã Hoàn Long,Tỉnh Hưng Yên,Xã Hoàn Long
Tỉnh Hưng Yên,Huyện Yên Mỹ,Xã Liêu Xá,Tỉnh Hưng Yên,Xã Nguyễn Văn Linh
Tỉnh Hưng Yên,Huyện Yên Mỹ,Xã Nguyễn Văn Linh,Tỉnh Hưng Yên,Xã Nguyễn Văn Linh
Tỉnh Hưng Yên,Huyện Yên Mỹ,Xã Ngọc Long,Tỉnh Hưng Yên,Xã Nguyễn Văn Linh
Tỉnh Hưng Yên,Huyện Yên Mỹ,Xã Thanh Long,Tỉnh Hưng Yên,Xã Việt Yên
Tỉnh Hưng Yên,Huyện Yên Mỹ,Xã Trung Hòa,Tỉnh Hưng Yên,Xã Yên Mỹ
Tỉnh Hưng Yên,Huyện Yên Mỹ,Xã Tân Lập,Tỉnh Hưng Yên,Xã Yên Mỹ
Tỉnh Hưng Yên,Huyện Yên Mỹ,Xã Tân Minh,Tỉnh Hưng Yên,Xã Yên Mỹ
Tỉnh Hưng Yên,Huyện Yên Mỹ,Xã Việt Yên,Tỉnh Hưng Yên,Xã Việt Yên
Tỉnh Hưng Yên,Huyện Yên Mỹ,Xã Yên Phú,Tỉnh Hưng Yên,Xã Việt Yên
Tỉnh Hưng Yên,Huyện Yên Mỹ,Xã Đồng Than,Tỉnh Hưng Yên,Xã Hoàn Long
Tỉnh Hưng Yên,Huyện Ân Thi,Thị trấn Ân Thi,Tỉnh Hưng Yên,Xã Ân Thi
Tỉnh Hưng Yên,Huyện Ân Thi,Xã Bãi Sậy,Tỉnh Hưng Yên,Xã Phạm Ngũ Lão
Tỉnh Hưng Yên,Huyện Ân Thi,Xã Bắc Sơn,Tỉnh Hưng Yên,Xã Phạm Ngũ Lão
Tỉnh Hưng Yên,Huyện Ân Thi,Xã Cẩm Ninh,Tỉnh Hưng Yên,Xã Nguyễn Trãi
Tỉnh Hưng Yên,Huyện Ân Thi,Xã Hoàng Hoa Thám,Tỉnh Hưng Yên,Xã Ân Thi
Tỉnh Hưng Yên,Huyện Ân Thi,Xã Hạ Lễ,Tỉnh Hưng Yên,Xã Hồng Quang
Tỉnh Hưng Yên,Huyện Ân Thi,Xã Hồ Tùng Mậu,Tỉnh Hưng Yên,Xã Hồng Quang
Tỉnh Hưng Yên,Huyện Ân Thi,Xã Hồng Quang,Tỉnh Hưng Yên,Xã Hồng Quang
Tỉnh Hưng Yên,Huyện Ân Thi,Xã Nguyễn Trãi,Tỉnh Hưng Yên,Xã Nguyễn Trãi
Tỉnh Hưng Yên,Huyện Ân Thi,Xã Phù Ủng,Tỉnh Hưng Yên,Xã Phạm Ngũ Lão
Tỉnh Hưng Yên,Huyện Ân Thi,Xã Quang Vinh,Tỉnh Hưng Yên,Xã Ân Thi
Tỉnh Hưng Yên,Huyện Ân Thi,Xã Quảng Lãng,Tỉnh Hưng Yên,Xã Xuân Trúc
Tỉnh Hưng Yên,Huyện Ân Thi,Xã Tiền Phong,Tỉnh Hưng Yên,Xã Hồng Quang
Tỉnh Hưng Yên,Huyện Ân Thi,Xã Vân Du,Tỉnh Hưng Yên,Xã Xuân Trúc
Tỉnh Hưng Yên,Huyện Ân Thi,Xã Xuân Trúc,Tỉnh Hưng Yên,Xã Xuân Trúc
Tỉnh Hưng Yên,Huyện Ân Thi,Xã Đa Lộc,Tỉnh Hưng Yên,Xã Nguyễn Trãi
Tỉnh Hưng Yên,Huyện Ân Thi,Xã Đào Dương,Tỉnh Hưng Yên,Xã Phạm Ngũ Lão
Tỉnh Hưng Yên,Huyện Ân Thi,Xã Đặng Lễ,Tỉnh Hưng Yên,Xã Nguyễn Trãi
Tỉnh Hưng Yên,Thành phố Hưng Yên,Phường An Tảo,Tỉnh Hưng Yên,Phường Phố Hiến
Tỉnh Hưng Yên,Thành phố Hưng Yên,Phường Hiến Nam,Tỉnh Hưng Yên,Phường Phố Hiến
Tỉnh Hưng Yên,Thành phố Hưng Yên,Phường Hồng Châu,Tỉnh Hưng Yên,Phường Hồng Châu
Tỉnh Hưng Yên,Thành phố Hưng Yên,Phường Lam Sơn,Tỉnh Hưng Yên,Phường Sơn Nam
Tỉnh Hưng Yên,Thành phố Hưng Yên,Phường Lê Lợi,Tỉnh Hưng Yên,Phường Phố Hiến
Tỉnh Hưng Yên,Thành phố Hưng Yên,Phường Minh Khai,Tỉnh Hưng Yên,Phường Phố Hiến
Tỉnh Hưng Yên,Thành phố Hưng Yên,Xã Hoàng Hanh,Tỉnh Hưng Yên,Phường Hồng Châu
Tỉnh Hưng Yên,Thành phố Hưng Yên,Xã Hùng Cường,Tỉnh Hưng Yên,Phường Sơn Nam
Tỉnh Hưng Yên,Thành phố Hưng Yên,Xã Liên Phương,Tỉnh Hưng Yên,Phường Phố Hiến
Tỉnh Hưng Yên,Thành phố Hưng Yên,Xã Phú Cường,Tỉnh Hưng Yên,Phường Sơn Nam
Tỉnh Hưng Yên,Thành phố Hưng Yên,Xã Phương Nam,Tỉnh Hưng Yên,Xã Tân Hưng
Tỉnh Hưng Yên,Thành phố Hưng Yên,Xã Quảng Châu,Tỉnh Hưng Yên,Phường Hồng Châu
Tỉnh Hưng Yên,Thành phố Hưng Yên,Xã Trung Nghĩa,Tỉnh Hưng Yên,Phường Phố Hiến
Tỉnh Hưng Yên,Thành phố Hưng Yên,Xã Tân Hưng,Tỉnh Hưng Yên,Xã Tân Hưng
Tỉnh Hưng Yên,Thị xã Mỹ Hào,Phường Bạch Sam,Tỉnh Hưng Yên,Phường Thượng Hồng
Tỉnh Hưng Yên,Thị xã Mỹ Hào,Phường Bần Yên Nhân,Tỉnh Hưng Yên,Phường Mỹ Hào
Tỉnh Hưng Yên,Thị xã Mỹ Hào,Phường Dị Sử,Tỉnh Hưng Yên,Phường Đường Hào
Tỉnh Hưng Yên,Thị xã Mỹ Hào,Phường Minh Đức,Tỉnh Hưng Yên,Phường Thượng Hồng
Tỉnh Hưng Yên,Thị xã Mỹ Hào,Phường Nhân Hòa,Tỉnh Hưng Yên,Phường Mỹ Hào
Tỉnh Hưng Yên,Thị xã Mỹ Hào,Phường Phan Đình Phùng,Tỉnh Hưng Yên,Phường Mỹ Hào
Tỉnh Hưng Yên,Thị xã Mỹ Hào,Phường Phùng Chí Kiên,Tỉnh Hưng Yên,Phường Đường Hào
Tỉnh Hưng Yên,Thị xã Mỹ Hào,Xã Cẩm Xá,Tỉnh Hưng Yên,Phường Mỹ Hào
Tỉnh Hưng Yên,Thị xã Mỹ Hào,Xã Dương Quang,Tỉnh Hưng Yên,Phường Thượng Hồng
Tỉnh Hưng Yên,Thị xã Mỹ Hào,Xã Hòa Phong,Tỉnh Hưng Yên,Phường Thượng Hồng
Tỉnh Hưng Yên,Thị xã Mỹ Hào,Xã Hưng Long,Tỉnh Hưng Yên,Phường Đường Hào
Tỉnh Hưng Yên,Thị xã Mỹ Hào,Xã Ngọc Lâm,Tỉnh Hưng Yên,Phường Đường Hào
Tỉnh Hưng Yên,Thị xã Mỹ Hào,Xã Xuân Dục,Tỉnh Hưng Yên,Phường Đường Hào
Tỉnh Hải Dương,Huyện Bình Giang,Thị trấn Kẻ Sặt,Thành phố Hải Phòng,Xã Kẻ Sặt
Tỉnh Hải Dương,Huyện Bình Giang,Xã Cổ Bì,Thành phố Hải Phòng,Xã Bình Giang
Tỉnh Hải Dương,Huyện Bình Giang,Xã Hùng Thắng,Thành phố Hải Phòng,Xã Kẻ Sặt
Tỉnh Hải Dương,Huyện Bình Giang,Xã Hồng Khê,Thành phố Hải Phòng,Xã Bình Giang
Tỉnh Hải Dương,Huyện Bình Giang,Xã Long Xuyên,Thành phố Hải Phòng,Xã Bình Giang
Tỉnh Hải Dương,Huyện Bình Giang,Xã Nhân Quyền,Thành phố Hải Phòng,Xã Nguyễn Lương Bằng
Tỉnh Hải Dương,Huyện Bình Giang,Xã Thái Dương,Thành phố Hải Phòng,Xã Thượng Hồng
Tỉnh Hải Dương,Huyện Bình Giang,Xã Thái Dương,Thành phố Hải Phòng,Xã Đường An
Tỉnh Hải Dương,Huyện Bình Giang,Xã Thái Hòa,Thành phố Hải Phòng,Xã Thượng Hồng
Tỉnh Hải Dương,Huyện Bình Giang,Xã Thái Hòa,Thành phố Hải Phòng,Xã Đường An
Tỉnh Hải Dương,Huyện Bình Giang,Xã Thái Minh,Thành phố Hải Phòng,Xã Thượng Hồng
Tỉnh Hải Dương,Huyện Bình Giang,Xã Thái Minh,Thành phố Hải Phòng,Xã Đường An
Tỉnh Hải Dương,Huyện Bình Giang,Xã Thúc Kháng,Thành phố Hải Phòng,Xã Thượng Hồng
Tỉnh Hải Dương,Huyện Bình Giang,Xã Thúc Kháng,Thành phố Hải Phòng,Xã Đường An
Tỉnh Hải Dương,Huyện Bình Giang,Xã Tân Hồng,Thành phố Hải Phòng,Xã Thượng Hồng
Tỉnh Hải Dương,Huyện Bình Giang,Xã Tân Hồng,Thành phố Hải Phòng,Xã Đường An
Tỉnh Hải Dương,Huyện Bình Giang,Xã Tân Việt,Thành phố Hải Phòng,Xã Bình Giang
Tỉnh Hải Dương,Huyện Bình Giang,Xã Vĩnh Hồng,Thành phố Hải Phòng,Xã Bình Giang
Tỉnh Hải Dương,Huyện Bình Giang,Xã Vĩnh Hồng,Thành phố Hải Phòng,Xã Kẻ Sặt
Tỉnh Hải Dương,Huyện Cẩm Giàng,Thị trấn Cẩm Giang,Thành phố Hải Phòng,Xã Cẩm Giang
Tỉnh Hải Dương,Huyện Cẩm Giàng,Thị trấn Lai Cách,Thành phố Hải Phòng,Phường Tứ Minh
Tỉnh Hải Dương,Huyện Cẩm Giàng,Thị trấn Lai Cách,Thành phố Hải Phòng,Phường Việt Hoà
Tỉnh Hải Dương,Huyện Cẩm Giàng,Xã Cao An,Thành phố Hải Phòng,Phường Việt Hoà
Tỉnh Hải Dương,Huyện Cẩm Giàng,Xã Cẩm Hoàng,Thành phố Hải Phòng,Xã Cẩm Giang
Tỉnh Hải Dương,Huyện Cẩm Giàng,Xã Cẩm Hưng,Thành phố Hải Phòng,Xã Cẩm Giàng
Tỉnh Hải Dương,Huyện Cẩm Giàng,Xã Cẩm Văn,Thành phố Hải Phòng,Xã Tuệ Tĩnh
Tỉnh Hải Dương,Huyện Cẩm Giàng,Xã Cẩm Vũ,Thành phố Hải Phòng,Xã Tuệ Tĩnh
Tỉnh Hải Dương,Huyện Cẩm Giàng,Xã Cẩm Đoài,Thành phố Hải Phòng,Phường Tứ Minh
Tỉnh Hải Dương,Huyện Cẩm Giàng,Xã Cẩm Đông,Thành phố Hải Phòng,Xã Mao Điền
Tỉnh Hải Dương,Huyện Cẩm Giàng,Xã Lương Điền,Thành phố Hải Phòng,Xã Cẩm Giàng
Tỉnh Hải Dương,Huyện Cẩm Giàng,Xã Ngọc Liên,Thành phố Hải Phòng,Xã Cẩm Giàng
Tỉnh Hải Dương,Huyện Cẩm Giàng,Xã Phúc Điền,Thành phố Hải Phòng,Xã Cẩm Giàng
Tỉnh Hải Dương,Huyện Cẩm Giàng,Xã Phúc Điền,Thành phố Hải Phòng,Xã Mao Điền
Tỉnh Hải Dương,Huyện Cẩm Giàng,Xã Tân Trường,Thành phố Hải Phòng,Xã Mao Điền
Tỉnh Hải Dương,Huyện Cẩm Giàng,Xã Định Sơn,Thành phố Hải Phòng,Xã Cẩm Giang
Tỉnh Hải Dương,Huyện Cẩm Giàng,Xã Đức Chính,Thành phố Hải Phòng,Xã Tuệ Tĩnh
Tỉnh Hải Dương,Huyện Gia Lộc,Thị trấn Gia Lộc,Thành phố Hải Phòng,Xã Gia Lộc
Tỉnh Hải Dương,Huyện Gia Lộc,Thị trấn Gia Lộc,Thành phố Hải Phòng,Xã Gia Phúc
Tỉnh Hải Dương,Huyện Gia Lộc,Xã Gia Phúc,Thành phố Hải Phòng,Xã Gia Lộc
Tỉnh Hải Dương,Huyện Gia Lộc,Xã Gia Phúc,Thành phố Hải Phòng,Xã Gia Phúc
Tỉnh Hải Dương,Huyện Gia Lộc,Xã Gia Tiến,Thành phố Hải Phòng,Xã Gia Lộc
Tỉnh Hải Dương,Huyện Gia Lộc,Xã Hoàng Diệu,Thành phố Hải Phòng,Xã Gia Phúc
Tỉnh Hải Dương,Huyện Gia Lộc,Xã Hồng Hưng,Thành phố Hải Phòng,Xã Gia Phúc
Tỉnh Hải Dương,Huyện Gia Lộc,Xã Lê Lợi,Thành phố Hải Phòng,Xã Gia Lộc
Tỉnh Hải Dương,Huyện Gia Lộc,Xã Lê Lợi,Thành phố Hải Phòng,Xã Yết Kiêu
Tỉnh Hải Dương,Huyện Gia Lộc,Xã Nhật Quang,Thành phố Hải Phòng,Xã Trường Tân
Tỉnh Hải Dương,Huyện Gia Lộc,Xã Phạm Trấn,Thành phố Hải Phòng,Xã Trường Tân
Tỉnh Hải Dương,Huyện Gia Lộc,Xã Quang Đức,Thành phố Hải Phòng,Xã Gia Phúc
Tỉnh Hải Dương,Huyện Gia Lộc,Xã Quang Đức,Thành phố Hải Phòng,Xã Trường Tân
Tỉnh Hải Dương,Huyện Gia Lộc,Xã Thống Kênh,Thành phố Hải Phòng,Xã Gia Phúc
Tỉnh Hải Dương,Huyện Gia Lộc,Xã Thống Kênh,Thành phố Hải Phòng,Xã Trường Tân
Tỉnh Hải Dương,Huyện Gia Lộc,Xã Thống Nhất,Thành phố Hải Phòng,Phường Thạch Khôi
Tỉnh Hải Dương,Huyện Gia Lộc,Xã Thống Nhất,Thành phố Hải Phòng,Xã Yết Kiêu
Tỉnh Hải Dương,Huyện Gia Lộc,Xã Toàn Thắng,Thành phố Hải Phòng,Xã Gia Phúc
Tỉnh Hải Dương,Huyện Gia Lộc,Xã Yết Kiêu,Thành phố Hải Phòng,Xã Gia Lộc
Tỉnh Hải Dương,Huyện Gia Lộc,Xã Yết Kiêu,Thành phố Hải Phòng,Xã Yết Kiêu
Tỉnh Hải Dương,Huyện Gia Lộc,Xã Đoàn Thượng,Thành phố Hải Phòng,Xã Gia Phúc
Tỉnh Hải Dương,Huyện Gia Lộc,Xã Đoàn Thượng,Thành phố Hải Phòng,Xã Trường Tân
Tỉnh Hải Dương,Huyện Kim Thành,Thị trấn Phú Thái,Thành phố Hải Phòng,Xã Phú Thái
Tỉnh Hải Dương,Huyện Kim Thành,Xã Kim Anh,Thành phố Hải Phòng,Xã Phú Thái
Tỉnh Hải Dương,Huyện Kim Thành,Xã Kim Liên,Thành phố Hải Phòng,Xã Phú Thái
Tỉnh Hải Dương,Huyện Kim Thành,Xã Kim Tân,Thành phố Hải Phòng,Xã An Thành
Tỉnh Hải Dương,Huyện Kim Thành,Xã Kim Xuyên,Thành phố Hải Phòng,Xã Phú Thái
Tỉnh Hải Dương,Huyện Kim Thành,Xã Kim Đính,Thành phố Hải Phòng,Xã An Thành
Tỉnh Hải Dương,Huyện Kim Thành,Xã Lai Khê,Thành phố Hải Phòng,Xã Lai Khê
Tỉnh Hải Dương,Huyện Kim Thành,Xã Ngũ Phúc,Thành phố Hải Phòng,Xã An Thành
Tỉnh Hải Dương,Huyện Kim Thành,Xã Tam Kỳ,Thành phố Hải Phòng,Xã Kim Thành
Tỉnh Hải Dương,Huyện Kim Thành,Xã Tuấn Việt,Thành phố Hải Phòng,Xã Lai Khê
Tỉnh Hải Dương,Huyện Kim Thành,Xã Tuấn Việt,Thành phố Hải Phòng,Xã Nam An Phụ
Tỉnh Hải Dương,Huyện Kim Thành,Xã Vũ Dũng,Thành phố Hải Phòng,Xã Lai Khê
Tỉnh Hải Dương,Huyện Kim Thành,Xã Vũ Dũng,Thành phố Hải Phòng,Xã Nam An Phụ
Tỉnh Hải Dương,Huyện Kim Thành,Xã Đại Đức,Thành phố Hải Phòng,Xã Kim Thành
Tỉnh Hải Dương,Huyện Kim Thành,Xã Đồng Cẩm,Thành phố Hải Phòng,Xã Kim Thành
Tỉnh Hải Dương,Huyện Nam Sách,Thị trấn Nam Sách,Thành phố Hải Phòng,Xã Nam Sách
Tỉnh Hải Dương,Huyện Nam Sách,Xã An Bình,Thành phố Hải Phòng,Xã An Phú
Tỉnh Hải Dương,Huyện Nam Sách,Xã An Phú,Thành phố Hải Phòng,Xã An Phú
Tỉnh Hải Dương,Huyện Nam Sách,Xã An Sơn,Thành phố Hải Phòng,Xã Thái Tân
Tỉnh Hải Dương,Huyện Nam Sách,Xã Cộng Hòa,Thành phố Hải Phòng,Xã An Phú
Tỉnh Hải Dương,Huyện Nam Sách,Xã Cộng Hòa,Thành phố Hải Phòng,Xã Lai Khê
Tỉnh Hải Dương,Huyện Nam Sách,Xã Cộng Hòa,Thành phố Hải Phòng,Xã Nam An Phụ
Tỉnh Hải Dương,Huyện Nam Sách,Xã Hiệp Cát,Thành phố Hải Phòng,Xã Trần Phú
Tỉnh Hải Dương,Huyện Nam Sách,Xã Hồng Phong,Thành phố Hải Phòng,Xã Nam Sách
Tỉnh Hải Dương,Huyện Nam Sách,Xã Hợp Tiến,Thành phố Hải Phòng,Xã Hợp Tiến
Tỉnh Hải Dương,Huyện Nam Sách,Xã Minh Tân,Thành phố Hải Phòng,Xã Thái Tân
Tỉnh Hải Dương,Huyện Nam Sách,Xã Nam Hưng,Thành phố Hải Phòng,Xã Hợp Tiến
Tỉnh Hải Dương,Huyện Nam Sách,Xã Nam Tân,Thành phố Hải Phòng,Xã Hợp Tiến
Tỉnh Hải Dương,Huyện Nam Sách,Xã Quốc Tuấn,Thành phố Hải Phòng,Xã Trần Phú
Tỉnh Hải Dương,Huyện Nam Sách,Xã Thái Tân,Thành phố Hải Phòng,Xã Thái Tân
Tỉnh Hải Dương,Huyện Nam Sách,Xã Trần Phú,Thành phố Hải Phòng,Xã Trần Phú
Tỉnh Hải Dương,Huyện Nam Sách,Xã Đồng Lạc,Thành phố Hải Phòng,Xã Nam Sách
Tỉnh Hải Dương,Huyện Ninh Giang,Thị trấn Ninh Giang,Thành phố Hải Phòng,Xã Ninh Giang
Tỉnh Hải Dương,Huyện Ninh Giang,Xã An Đức,Thành phố Hải Phòng,Xã Tân An
Tỉnh Hải Dương,Huyện Ninh Giang,Xã Hiệp Lực,Thành phố Hải Phòng,Xã Ninh Giang
Tỉnh Hải Dương,Huyện Ninh Giang,Xã Hưng Long,Thành phố Hải Phòng,Xã Hồng Châu
Tỉnh Hải Dương,Huyện Ninh Giang,Xã Hồng Dụ,Thành phố Hải Phòng,Xã Ninh Giang
Tỉnh Hải Dương,Huyện Ninh Giang,Xã Hồng Phong,Thành phố Hải Phòng,Xã Khúc Thừa Dụ
Tỉnh Hải Dương,Huyện Ninh Giang,Xã Kiến Phúc,Thành phố Hải Phòng,Xã Khúc Thừa Dụ
Tỉnh Hải Dương,Huyện Ninh Giang,Xã Nghĩa An,Thành phố Hải Phòng,Xã Vĩnh Lại
Tỉnh Hải Dương,Huyện Ninh Giang,Xã Tân Hương,Thành phố Hải Phòng,Xã Vĩnh Lại
Tỉnh Hải Dương,Huyện Ninh Giang,Xã Tân Phong,Thành phố Hải Phòng,Xã Tân An
Tỉnh Hải Dương,Huyện Ninh Giang,Xã Tân Quang,Thành phố Hải Phòng,Xã Hồng Châu
Tỉnh Hải Dương,Huyện Ninh Giang,Xã Văn Hội,Thành phố Hải Phòng,Xã Hồng Châu
Tỉnh Hải Dương,Huyện Ninh Giang,Xã Vĩnh Hòa,Thành phố Hải Phòng,Xã Ninh Giang
Tỉnh Hải Dương,Huyện Ninh Giang,Xã Đức Phúc,Thành phố Hải Phòng,Xã Tân An
Tỉnh Hải Dương,Huyện Thanh Hà,Thị trấn Thanh Hà,Thành phố Hải Phòng,Xã Thanh Hà
Tỉnh Hải Dương,Huyện Thanh Hà,Xã An Phượng,Thành phố Hải Phòng,Xã Hà Tây
Tỉnh Hải Dương,Huyện Thanh Hà,Xã Cẩm Việt,Thành phố Hải Phòng,Xã Hà Bắc
Tỉnh Hải Dương,Huyện Thanh Hà,Xã Cẩm Việt,Thành phố Hải Phòng,Xã Lai Khê
Tỉnh Hải Dương,Huyện Thanh Hà,Xã Hồng Lạc,Thành phố Hải Phòng,Phường Ái Quốc
Tỉnh Hải Dương,Huyện Thanh Hà,Xã Hồng Lạc,Thành phố Hải Phòng,Xã Hà Bắc
Tỉnh Hải Dương,Huyện Thanh Hà,Xã Liên Mạc,Thành phố Hải Phòng,Xã Hà Nam
Tỉnh Hải Dương,Huyện Thanh Hà,Xã Thanh An,Thành phố Hải Phòng,Xã Hà Nam
Tỉnh Hải Dương,Huyện Thanh Hà,Xã Thanh An,Thành phố Hải Phòng,Xã Lai Khê
Tỉnh Hải Dương,Huyện Thanh Hà,Xã Thanh Hải,Thành phố Hải Phòng,Xã Hà Tây
Tỉnh Hải Dương,Huyện Thanh Hà,Xã Thanh Hải,Thành phố Hải Phòng,Xã Đại Sơn
Tỉnh Hải Dương,Huyện Thanh Hà,Xã Thanh Hồng,Thành phố Hải Phòng,Xã Hà Đông
Tỉnh Hải Dương,Huyện Thanh Hà,Xã Thanh Lang,Thành phố Hải Phòng,Xã Hà Nam
Tỉnh Hải Dương,Huyện Thanh Hà,Xã Thanh Quang,Thành phố Hải Phòng,Xã Hà Đông
Tỉnh Hải Dương,Huyện Thanh Hà,Xã Thanh Sơn,Thành phố Hải Phòng,Xã Thanh Hà
Tỉnh Hải Dương,Huyện Thanh Hà,Xã Thanh Tân,Thành phố Hải Phòng,Xã Thanh Hà
Tỉnh Hải Dương,Huyện Thanh Hà,Xã Thanh Xuân,Thành phố Hải Phòng,Xã Hà Nam
Tỉnh Hải Dương,Huyện Thanh Hà,Xã Tân An,Thành phố Hải Phòng,Xã Hà Tây
Tỉnh Hải Dương,Huyện Thanh Hà,Xã Tân Việt,Thành phố Hải Phòng,Xã Hà Bắc
Tỉnh Hải Dương,Huyện Thanh Hà,Xã Vĩnh Cường,Thành phố Hải Phòng,Xã Hà Đông
Tỉnh Hải Dương,Huyện Thanh Miện,Thị trấn Thanh Miện,Thành phố Hải Phòng,Xã Thanh Miện
Tỉnh Hải Dương,Huyện Thanh Miện,Thị trấn Thanh Miện,Thành phố Hải Phòng,Xã Trường Tân
Tỉnh Hải Dương,Huyện Thanh Miện,Xã Cao Thắng,Thành phố Hải Phòng,Xã Thanh Miện
Tỉnh Hải Dương,Huyện Thanh Miện,Xã Chi Lăng Bắc,Thành phố Hải Phòng,Xã Nam Thanh Miện
Tỉnh Hải Dương,Huyện Thanh Miện,Xã Chi Lăng Nam,Thành phố Hải Phòng,Xã Nam Thanh Miện
Tỉnh Hải Dương,Huyện Thanh Miện,Xã Hồng Phong,Thành phố Hải Phòng,Xã Nam Thanh Miện
Tỉnh Hải Dương,Huyện Thanh Miện,Xã Hồng Quang,Thành phố Hải Phòng,Xã Bắc Thanh Miện
Tỉnh Hải Dương,Huyện Thanh Miện,Xã Lam Sơn,Thành phố Hải Phòng,Xã Bắc Thanh Miện
Tỉnh Hải Dương,Huyện Thanh Miện,Xã Lê Hồng,Thành phố Hải Phòng,Xã Bắc Thanh Miện
Tỉnh Hải Dương,Huyện Thanh Miện,Xã Ngô Quyền,Thành phố Hải Phòng,Xã Hải Hưng
Tỉnh Hải Dương,Huyện Thanh Miện,Xã Ngũ Hùng,Thành phố Hải Phòng,Xã Thanh Miện
Tỉnh Hải Dương,Huyện Thanh Miện,Xã Phạm Kha,Thành phố Hải Phòng,Xã Nguyễn Lương Bằng
Tỉnh Hải Dương,Huyện Thanh Miện,Xã Thanh Giang,Thành phố Hải Phòng,Xã Nam Thanh Miện
Tỉnh Hải Dương,Huyện Thanh Miện,Xã Thanh Tùng,Thành phố Hải Phòng,Xã Nguyễn Lương Bằng
Tỉnh Hải Dương,Huyện Thanh Miện,Xã Thanh Tùng,Thành phố Hải Phòng,Xã Thượng Hồng
Tỉnh Hải Dương,Huyện Thanh Miện,Xã Tân Trào,Thành phố Hải Phòng,Xã Hải Hưng
Tỉnh Hải Dương,Huyện Thanh Miện,Xã Tứ Cường,Thành phố Hải Phòng,Xã Thanh Miện
Tỉnh Hải Dương,Huyện Thanh Miện,Xã Đoàn Kết,Thành phố Hải Phòng,Xã Hải Hưng
Tỉnh Hải Dương,Huyện Thanh Miện,Xã Đoàn Tùng,Thành phố Hải Phòng,Xã Nguyễn Lương Bằng
Tỉnh Hải Dương,Huyện Thanh Miện,Xã Đoàn Tùng,Thành phố Hải Phòng,Xã Thượng Hồng
Tỉnh Hải Dương,Huyện Tứ Kỳ,Thị trấn Tứ Kỳ,Thành phố Hải Phòng,Xã Tứ Kỳ
Tỉnh Hải Dương,Huyện Tứ Kỳ,Xã An Thanh,Thành phố Hải Phòng,Xã Chí Minh
Tỉnh Hải Dương,Huyện Tứ Kỳ,Xã Chí Minh,Thành phố Hải Phòng,Xã Chí Minh
Tỉnh Hải Dương,Huyện Tứ Kỳ,Xã Dân An,Thành phố Hải Phòng,Xã Tân Kỳ
Tỉnh Hải Dương,Huyện Tứ Kỳ,Xã Hà Kỳ,Thành phố Hải Phòng,Xã Nguyên Giáp
Tỉnh Hải Dương,Huyện Tứ Kỳ,Xã Hà Thanh,Thành phố Hải Phòng,Xã Nguyên Giáp
Tỉnh Hải Dương,Huyện Tứ Kỳ,Xã Hưng Đạo,Thành phố Hải Phòng,Xã Tân Kỳ
Tỉnh Hải Dương,Huyện Tứ Kỳ,Xã Hưng Đạo,Thành phố Hải Phòng,Xã Đại Sơn
Tỉnh Hải Dương,Huyện Tứ Kỳ,Xã Kỳ Sơn,Thành phố Hải Phòng,Xã Tân Kỳ
Tỉnh Hải Dương,Huyện Tứ Kỳ,Xã Lạc Phượng,Thành phố Hải Phòng,Xã Lạc Phượng
Tỉnh Hải Dương,Huyện Tứ Kỳ,Xã Minh Đức,Thành phố Hải Phòng,Xã Tứ Kỳ
Tỉnh Hải Dương,Huyện Tứ Kỳ,Xã Nguyên Giáp,Thành phố Hải Phòng,Xã Nguyên Giáp
Tỉnh Hải Dương,Huyện Tứ Kỳ,Xã Quang Khải,Thành phố Hải Phòng,Xã Tứ Kỳ
Tỉnh Hải Dương,Huyện Tứ Kỳ,Xã Quang Phục,Thành phố Hải Phòng,Xã Tứ Kỳ
Tỉnh Hải Dương,Huyện Tứ Kỳ,Xã Quang Trung,Thành phố Hải Phòng,Xã Lạc Phượng
Tỉnh Hải Dương,Huyện Tứ Kỳ,Xã Tiên Động,Thành phố Hải Phòng,Xã Lạc Phượng
Tỉnh Hải Dương,Huyện Tứ Kỳ,Xã Tiên Động,Thành phố Hải Phòng,Xã Nguyên Giáp
Tỉnh Hải Dương,Huyện Tứ Kỳ,Xã Tân Kỳ,Thành phố Hải Phòng,Xã Tân Kỳ
Tỉnh Hải Dương,Huyện Tứ Kỳ,Xã Văn Tố,Thành phố Hải Phòng,Xã Chí Minh
Tỉnh Hải Dương,Huyện Tứ Kỳ,Xã Đại Hợp,Thành phố Hải Phòng,Xã Tân Kỳ
Tỉnh Hải Dương,Huyện Tứ Kỳ,Xã Đại Sơn,Thành phố Hải Phòng,Xã Đại Sơn
Tỉnh Hải Dương,Thành phố Chí Linh,Phường An Lạc,Thành phố Hải Phòng,Phường Lê Đại Hành
Tỉnh Hải Dương,Thành phố Chí Linh,Phường Bến Tắm,Thành phố Hải Phòng,Phường Nguyễn Trãi
Tỉnh Hải Dương,Thành phố Chí Linh,Phường Chí Minh,Thành phố Hải Phòng,Phường Chu Văn An
Tỉnh Hải Dương,Thành phố Chí Linh,Phường Cổ Thành,Thành phố Hải Phòng,Phường Chí Linh
Tỉnh Hải Dương,Thành phố Chí Linh,Phường Cộng Hoà,Thành phố Hải Phòng,Phường Chu Văn An
Tỉnh Hải Dương,Thành phố Chí Linh,Phường Cộng Hoà,Thành phố Hải Phòng,Phường Trần Hưng Đạo
Tỉnh Hải Dương,Thành phố Chí Linh,Phường Hoàng Tiến,Thành phố Hải Phòng,Phường Trần Nhân Tông
Tỉnh Hải Dương,Thành phố Chí Linh,Phường Hoàng Tân,Thành phố Hải Phòng,Phường Trần Nhân Tông
Tỉnh Hải Dương,Thành phố Chí Linh,Phường Phả Lại,Thành phố Hải Phòng,Phường Chí Linh
Tỉnh Hải Dương,Thành phố Chí Linh,Phường Sao Đỏ,Thành phố Hải Phòng,Phường Chu Văn An
Tỉnh Hải Dương,Thành phố Chí Linh,Phường Thái Học,Thành phố Hải Phòng,Phường Chu Văn An
Tỉnh Hải Dương,Thành phố Chí Linh,Phường Tân Dân,Thành phố Hải Phòng,Phường Lê Đại Hành
Tỉnh Hải Dương,Thành phố Chí Linh,Phường Văn An,Thành phố Hải Phòng,Phường Chu Văn An
Tỉnh Hải Dương,Thành phố Chí Linh,Phường Văn Đức,Thành phố Hải Phòng,Phường Bắc An Phụ
Tỉnh Hải Dương,Thành phố Chí Linh,Phường Văn Đức,Thành phố Hải Phòng,Phường Chu Văn An
Tỉnh Hải Dương,Thành phố Chí Linh,Phường Văn Đức,Thành phố Hải Phòng,Phường Trần Nhân Tông
Tỉnh Hải Dương,Thành phố Chí Linh,Phường Đồng Lạc,Thành phố Hải Phòng,Phường Lê Đại Hành
Tỉnh Hải Dương,Thành phố Chí Linh,Xã Bắc An,Thành phố Hải Phòng,Phường Nguyễn Trãi
Tỉnh Hải Dương,Thành phố Chí Linh,Xã Hoàng Hoa Thám,Thành phố Hải Phòng,Phường Nguyễn Trãi
Tỉnh Hải Dương,Thành phố Chí Linh,Xã Hưng Đạo,Thành phố Hải Phòng,Phường Trần Hưng Đạo
Tỉnh Hải Dương,Thành phố Chí Linh,Xã Nhân Huệ,Thành phố Hải Phòng,Phường Chí Linh
Tỉnh Hải Dương,Thành phố Hải Dương,Phường Bình Hàn,Thành phố Hải Phòng,Phường Thành Đông
Tỉnh Hải Dương,Thành phố Hải Dương,Phường Cẩm Thượng,Thành phố Hải Phòng,Phường Thành Đông
Tỉnh Hải Dương,Thành phố Hải Dương,Phường Hải Tân,Thành phố Hải Phòng,Phường Tân Hưng
Tỉnh Hải Dương,Thành phố Hải Dương,Phường Lê Thanh Nghị,Thành phố Hải Phòng,Phường Lê Thanh Nghị
Tỉnh Hải Dương,Thành phố Hải Dương,Phường Nam Đồng,Thành phố Hải Phòng,Phường Nam Đồng
Tỉnh Hải Dương,Thành phố Hải Dương,Phường Nguyễn Trãi,Thành phố Hải Phòng,Phường Thành Đông
Tỉnh Hải Dương,Thành phố Hải Dương,Phường Ngọc Châu,Thành phố Hải Phòng,Phường Hải Dương
Tỉnh Hải Dương,Thành phố Hải Dương,Phường Nhị Châu,Thành phố Hải Phòng,Phường Hải Dương
Tỉnh Hải Dương,Thành phố Hải Dương,Phường Quang Trung,Thành phố Hải Phòng,Phường Hải Dương
Tỉnh Hải Dương,Thành phố Hải Dương,Phường Thanh Bình,Thành phố Hải Phòng,Phường Lê Thanh Nghị
Tỉnh Hải Dương,Thành phố Hải Dương,Phường Thạch Khôi,Thành phố Hải Phòng,Phường Thạch Khôi
Tỉnh Hải Dương,Thành phố Hải Dương,Phường Trần Hưng Đạo,Thành phố Hải Phòng,Phường Hải Dương
Tỉnh Hải Dương,Thành phố Hải Dương,Phường Trần Phú,Thành phố Hải Phòng,Phường Lê Thanh Nghị
Tỉnh Hải Dương,Thành phố Hải Dương,Phường Trần Phú,Thành phố Hải Phòng,Phường Tân Hưng
Tỉnh Hải Dương,Thành phố Hải Dương,Phường Tân Bình,Thành phố Hải Phòng,Phường Lê Thanh Nghị
Tỉnh Hải Dương,Thành phố Hải Dương,Phường Tân Hưng,Thành phố Hải Phòng,Phường Tân Hưng
Tỉnh Hải Dương,Thành phố Hải Dương,Phường Tứ Minh,Thành phố Hải Phòng,Phường Tứ Minh
Tỉnh Hải Dương,Thành phố Hải Dương,Phường Tứ Minh,Thành phố Hải Phòng,Phường Việt Hoà
Tỉnh Hải Dương,Thành phố Hải Dương,Phường Việt Hoà,Thành phố Hải Phòng,Phường Việt Hoà
Tỉnh Hải Dương,Thành phố Hải Dương,Phường Ái Quốc,Thành phố Hải Phòng,Phường Ái Quốc
Tỉnh Hải Dương,Thành phố Hải Dương,Xã An Thượng,Thành phố Hải Phòng,Phường Thành Đông
Tỉnh Hải Dương,Thành phố Hải Dương,Xã Gia Xuyên,Thành phố Hải Phòng,Phường Thạch Khôi
Tỉnh Hải Dương,Thành phố Hải Dương,Xã Liên Hồng,Thành phố Hải Phòng,Phường Thạch Khôi
Tỉnh Hải Dương,Thành phố Hải Dương,Xã Ngọc Sơn,Thành phố Hải Phòng,Phường Tân Hưng
Tỉnh Hải Dương,Thành phố Hải Dương,Xã Quyết Thắng,Thành phố Hải Phòng,Phường Ái Quốc
Tỉnh Hải Dương,Thành phố Hải Dương,Xã Tiền Tiến,Thành phố Hải Phòng,Phường Nam Đồng
Tỉnh Hải Dương,Thị xã Kinh Môn,Phường An Lưu,Thành phố Hải Phòng,Phường Kinh Môn
Tỉnh Hải Dương,Thị xã Kinh Môn,Phường An Phụ,Thành phố Hải Phòng,Phường Trần Liễu
Tỉnh Hải Dương,Thị xã Kinh Môn,Phường An Sinh,Thành phố Hải Phòng,Phường Phạm Sư Mạnh
Tỉnh Hải Dương,Thị xã Kinh Môn,Phường Duy Tân,Thành phố Hải Phòng,Phường Nhị Chiểu
Tỉnh Hải Dương,Thị xã Kinh Môn,Phường Hiến Thành,Thành phố Hải Phòng,Phường Nguyễn Đại Năng
Tỉnh Hải Dương,Thị xã Kinh Môn,Phường Hiệp An,Thành phố Hải Phòng,Phường Kinh Môn
Tỉnh Hải Dương,Thị xã Kinh Môn,Phường Hiệp Sơn,Thành phố Hải Phòng,Phường Phạm Sư Mạnh
Tỉnh Hải Dương,Thị xã Kinh Môn,Phường Long Xuyên,Thành phố Hải Phòng,Phường Kinh Môn
Tỉnh Hải Dương,Thị xã Kinh Môn,Phường Minh Tân,Thành phố Hải Phòng,Phường Nhị Chiểu
Tỉnh Hải Dương,Thị xã Kinh Môn,Phường Phú Thứ,Thành phố Hải Phòng,Phường Nhị Chiểu
Tỉnh Hải Dương,Thị xã Kinh Môn,Phường Phạm Thái,Thành phố Hải Phòng,Phường Phạm Sư Mạnh
Tỉnh Hải Dương,Thị xã Kinh Môn,Phường Thái Thịnh,Thành phố Hải Phòng,Phường Nguyễn Đại Năng
Tỉnh Hải Dương,Thị xã Kinh Môn,Phường Thất Hùng,Thành phố Hải Phòng,Phường Bắc An Phụ
Tỉnh Hải Dương,Thị xã Kinh Môn,Phường Tân Dân,Thành phố Hải Phòng,Phường Nhị Chiểu
Tỉnh Hải Dương,Thị xã Kinh Môn,Xã Bạch Đằng,Thành phố Hải Phòng,Phường Bắc An Phụ
Tỉnh Hải Dương,Thị xã Kinh Môn,Xã Hiệp Hòa,Thành phố Hải Phòng,Phường Trần Liễu
Tỉnh Hải Dương,Thị xã Kinh Môn,Xã Lê Ninh,Thành phố Hải Phòng,Phường Bắc An Phụ
Tỉnh Hải Dương,Thị xã Kinh Môn,Xã Lạc Long,Thành phố Hải Phòng,Xã Nam An Phụ
Tỉnh Hải Dương,Thị xã Kinh Môn,Xã Minh Hòa,Thành phố Hải Phòng,Phường Nguyễn Đại Năng
Tỉnh Hải Dương,Thị xã Kinh Môn,Xã Quang Thành,Thành phố Hải Phòng,Xã Nam An Phụ
Tỉnh Hải Dương,Thị xã Kinh Môn,Xã Thăng Long,Thành phố Hải Phòng,Xã Nam An Phụ
Tỉnh Hải Dương,Thị xã Kinh Môn,Xã Thượng Quận,Thành phố Hải Phòng,Phường Trần Liễu
Tỉnh Hải Dương,Thị xã Kinh Môn,Xã Thượng Quận,Thành phố Hải Phòng,Xã Phú Thái
Tỉnh Hậu Giang,Huyện Châu Thành,Thị trấn Mái Dầm,Thành phố Cần Thơ,Xã Châu Thành
Tỉnh Hậu Giang,Huyện Châu Thành,Thị trấn Ngã Sáu,Thành phố Cần Thơ,Xã Châu Thành
Tỉnh Hậu Giang,Huyện Châu Thành,Xã Đông Phú,Thành phố Cần Thơ,Xã Châu Thành
Tỉnh Hậu Giang,Huyện Châu Thành,Xã Đông Phước,Thành phố Cần Thơ,Xã Phú Hữu
Tỉnh Hậu Giang,Huyện Châu Thành,Xã Đông Phước A,Thành phố Cần Thơ,Xã Đông Phước
Tỉnh Hậu Giang,Huyện Châu Thành,Xã Đông Thạnh,Thành phố Cần Thơ,Xã Đông Phước
Tỉnh Hậu Giang,Huyện Châu Thành A,Thị trấn Bảy Ngàn,Thành phố Cần Thơ,Xã Tân Hoà
Tỉnh Hậu Giang,Huyện Châu Thành A,Thị trấn Cái Tắc,Thành phố Cần Thơ,Xã Đông Phước
Tỉnh Hậu Giang,Huyện Châu Thành A,Thị trấn Một Ngàn,Thành phố Cần Thơ,Xã Tân Hoà
Tỉnh Hậu Giang,Huyện Châu Thành A,Thị trấn Rạch Gòi,Thành phố Cần Thơ,Xã Thạnh Xuân
Tỉnh Hậu Giang,Huyện Châu Thành A,Xã Nhơn Nghĩa A,Thành phố Cần Thơ,Xã Tân Hoà
Tỉnh Hậu Giang,Huyện Châu Thành A,Xã Thạnh Xuân,Thành phố Cần Thơ,Xã Thạnh Xuân
Tỉnh Hậu Giang,Huyện Châu Thành A,Xã Trường Long A,Thành phố Cần Thơ,Xã Trường Long Tây
Tỉnh Hậu Giang,Huyện Châu Thành A,Xã Trường Long Tây,Thành phố Cần Thơ,Xã Trường Long Tây
Tỉnh Hậu Giang,Huyện Châu Thành A,Xã Tân Hoà,Thành phố Cần Thơ,Xã Tân Hoà
Tỉnh Hậu Giang,Huyện Châu Thành A,Xã Tân Phú Thạnh,Thành phố Cần Thơ,Xã Thạnh Xuân
Tỉnh Hậu Giang,Huyện Long Mỹ,Thị trấn Vĩnh Viễn,Thành phố Cần Thơ,Xã Vĩnh Viễn
Tỉnh Hậu Giang,Huyện Long Mỹ,Xã Lương Nghĩa,Thành phố Cần Thơ,Xã Lương Tâm
Tỉnh Hậu Giang,Huyện Long Mỹ,Xã Lương Tâm,Thành phố Cần Thơ,Xã Lương Tâm
Tỉnh Hậu Giang,Huyện Long Mỹ,Xã Thuận Hòa,Thành phố Cần Thơ,Xã Xà Phiên
Tỉnh Hậu Giang,Huyện Long Mỹ,Xã Vĩnh Thuận Đông,Thành phố Cần Thơ,Xã Vĩnh Thuận Đông
Tỉnh Hậu Giang,Huyện Long Mỹ,Xã Vĩnh Viễn A,Thành phố Cần Thơ,Xã Vĩnh Viễn
Tỉnh Hậu Giang,Huyện Long Mỹ,Xã Xà Phiên,Thành phố Cần Thơ,Xã Xà Phiên
Tỉnh Hậu Giang,Huyện Phụng Hiệp,Thị trấn Búng Tàu,Thành phố Cần Thơ,Xã Tân Phước Hưng
Tỉnh Hậu Giang,Huyện Phụng Hiệp,Thị trấn Cây Dương,Thành phố Cần Thơ,Xã Hiệp Hưng
Tỉnh Hậu Giang,Huyện Phụng Hiệp,Thị trấn Kinh Cùng,Thành phố Cần Thơ,Xã Hoà An
Tỉnh Hậu Giang,Huyện Phụng Hiệp,Xã Bình Thành,Thành phố Cần Thơ,Xã Tân Bình
Tỉnh Hậu Giang,Huyện Phụng Hiệp,Xã Hiệp Hưng,Thành phố Cần Thơ,Xã Hiệp Hưng
Tỉnh Hậu Giang,Huyện Phụng Hiệp,Xã Hòa An,Thành phố Cần Thơ,Xã Hoà An
Tỉnh Hậu Giang,Huyện Phụng Hiệp,Xã Hòa Mỹ,Thành phố Cần Thơ,Xã Phụng Hiệp
Tỉnh Hậu Giang,Huyện Phụng Hiệp,Xã Long Thạnh,Thành phố Cần Thơ,Xã Thạnh Hoà
Tỉnh Hậu Giang,Huyện Phụng Hiệp,Xã Phương Bình,Thành phố Cần Thơ,Xã Phương Bình
Tỉnh Hậu Giang,Huyện Phụng Hiệp,Xã Phương Phú,Thành phố Cần Thơ,Xã Phương Bình
Tỉnh Hậu Giang,Huyện Phụng Hiệp,Xã Phụng Hiệp,Thành phố Cần Thơ,Xã Phụng Hiệp
Tỉnh Hậu Giang,Huyện Phụng Hiệp,Xã Thạnh Hòa,Thành phố Cần Thơ,Xã Thạnh Hoà
Tỉnh Hậu Giang,Huyện Phụng Hiệp,Xã Tân Bình,Thành phố Cần Thơ,Xã Tân Bình
Tỉnh Hậu Giang,Huyện Phụng Hiệp,Xã Tân Phước Hưng,Thành phố Cần Thơ,Xã Tân Phước Hưng
Tỉnh Hậu Giang,Huyện Vị Thuỷ,Thị trấn Nàng Mau,Thành phố Cần Thơ,Xã Vị Thuỷ
Tỉnh Hậu Giang,Huyện Vị Thuỷ,Xã Vĩnh Thuận Tây,Thành phố Cần Thơ,Xã Vĩnh Thuận Đông
Tỉnh Hậu Giang,Huyện Vị Thuỷ,Xã Vĩnh Trung,Thành phố Cần Thơ,Xã Vĩnh Tường
Tỉnh Hậu Giang,Huyện Vị Thuỷ,Xã Vĩnh Tường,Thành phố Cần Thơ,Xã Vĩnh Tường
Tỉnh Hậu Giang,Huyện Vị Thuỷ,Xã Vị Bình,Thành phố Cần Thơ,Xã Vị Thanh 1
Tỉnh Hậu Giang,Huyện Vị Thuỷ,Xã Vị Thanh,Thành phố Cần Thơ,Xã Vị Thanh 1
Tỉnh Hậu Giang,Huyện Vị Thuỷ,Xã Vị Thuỷ,Thành phố Cần Thơ,Xã Vĩnh Thuận Đông
Tỉnh Hậu Giang,Huyện Vị Thuỷ,Xã Vị Thắng,Thành phố Cần Thơ,Xã Vị Thuỷ
Tỉnh Hậu Giang,Huyện Vị Thuỷ,Xã Vị Trung,Thành phố Cần Thơ,Xã Vị Thuỷ
Tỉnh Hậu Giang,Huyện Vị Thuỷ,Xã Vị Đông,Thành phố Cần Thơ,Xã Vị Thanh 1
Tỉnh Hậu Giang,Thành phố Ngã Bảy,Phường Hiệp Lợi,Thành phố Cần Thơ,Phường Đại Thành
Tỉnh Hậu Giang,Thành phố Ngã Bảy,Phường Hiệp Thành,Thành phố Cần Thơ,Phường Ngã Bảy
Tỉnh Hậu Giang,Thành phố Ngã Bảy,Phường Lái Hiếu,Thành phố Cần Thơ,Phường Ngã Bảy
Tỉnh Hậu Giang,Thành phố Ngã Bảy,Phường Ngã Bảy,Thành phố Cần Thơ,Phường Ngã Bảy
Tỉnh Hậu Giang,Thành phố Ngã Bảy,Xã Tân Thành,Thành phố Cần Thơ,Phường Đại Thành
Tỉnh Hậu Giang,Thành phố Ngã Bảy,Xã Đại Thành,Thành phố Cần Thơ,Phường Đại Thành
Tỉnh Hậu Giang,Thành phố Vị Thanh,Phường I,Thành phố Cần Thơ,Phường Vị Thanh
Tỉnh Hậu Giang,Thành phố Vị Thanh,Phường III,Thành phố Cần Thơ,Phường Vị Thanh
Tỉnh Hậu Giang,Thành phố Vị Thanh,Phường IV,Thành phố Cần Thơ,Phường Vị Tân
Tỉnh Hậu Giang,Thành phố Vị Thanh,Phường V,Thành phố Cần Thơ,Phường Vị Tân
Tỉnh Hậu Giang,Thành phố Vị Thanh,Phường VII,Thành phố Cần Thơ,Phường Vị Thanh
Tỉnh Hậu Giang,Thành phố Vị Thanh,Xã Hoả Lựu,Thành phố Cần Thơ,Xã Hoả Lựu
Tỉnh Hậu Giang,Thành phố Vị Thanh,Xã Hoả Tiến,Thành phố Cần Thơ,Xã Hoả Lựu
Tỉnh Hậu Giang,Thành phố Vị Thanh,Xã Tân Tiến,Thành phố Cần Thơ,Xã Hoả Lựu
Tỉnh Hậu Giang,Thành phố Vị Thanh,Xã Vị Tân,Thành phố Cần Thơ,Phường Vị Tân
Tỉnh Hậu Giang,Thị xã Long Mỹ,Phường Bình Thạnh,Thành phố Cần Thơ,Phường Long Bình
Tỉnh Hậu Giang,Thị xã Long Mỹ,Phường Thuận An,Thành phố Cần Thơ,Phường Long Mỹ
Tỉnh Hậu Giang,Thị xã Long Mỹ,Phường Trà Lồng,Thành phố Cần Thơ,Phường Long Phú 1
Tỉnh Hậu Giang,Thị xã Long Mỹ,Phường Vĩnh Tường,Thành phố Cần Thơ,Phường Long Bình
Tỉnh Hậu Giang,Thị xã Long Mỹ,Xã Long Trị,Thành phố Cần Thơ,Phường Long Mỹ
Tỉnh Hậu Giang,Thị xã Long Mỹ,Xã Long Trị A,Thành phố Cần Thơ,Phường Long Mỹ
Tỉnh Hậu Giang,Thị xã Long Mỹ,Xã Tân Phú,Thành phố Cần Thơ,Phường Long Phú 1
Tỉnh Khánh Hòa,Huyện Cam Lâm,Thị trấn Cam Đức,Tỉnh Khánh Hoà,Xã Cam Lâm
Tỉnh Khánh Hòa,Huyện Cam Lâm,Xã Cam An Bắc,Tỉnh Khánh Hoà,Xã Cam An
Tỉnh Khánh Hòa,Huyện Cam Lâm,Xã Cam An Bắc,Tỉnh Khánh Hoà,Xã Cam Lâm
Tỉnh Khánh Hòa,Huyện Cam Lâm,Xã Cam An Nam,Tỉnh Khánh Hoà,Xã Cam An
Tỉnh Khánh Hòa,Huyện Cam Lâm,Xã Cam An Nam,Tỉnh Khánh Hoà,Xã Cam Lâm
Tỉnh Khánh Hòa,Huyện Cam Lâm,Xã Cam Hiệp Bắc,Tỉnh Khánh Hoà,Xã Cam Hiệp
Tỉnh Khánh Hòa,Huyện Cam Lâm,Xã Cam Hiệp Bắc,Tỉnh Khánh Hoà,Xã Cam Lâm
Tỉnh Khánh Hòa,Huyện Cam Lâm,Xã Cam Hiệp Nam,Tỉnh Khánh Hoà,Xã Cam Hiệp
Tỉnh Khánh Hòa,Huyện Cam Lâm,Xã Cam Hiệp Nam,Tỉnh Khánh Hoà,Xã Cam Lâm
Tỉnh Khánh Hòa,Huyện Cam Lâm,Xã Cam Hòa,Tỉnh Khánh Hoà,Xã Cam Hiệp
Tỉnh Khánh Hòa,Huyện Cam Lâm,Xã Cam Hòa,Tỉnh Khánh Hoà,Xã Cam Lâm
Tỉnh Khánh Hòa,Huyện Cam Lâm,Xã Cam Hòa,Tỉnh Khánh Hoà,Xã Suối Dầu
Tỉnh Khánh Hòa,Huyện Cam Lâm,Xã Cam Hải Tây,Tỉnh Khánh Hoà,Xã Cam Lâm
Tỉnh Khánh Hòa,Huyện Cam Lâm,Xã Cam Hải Đông,Tỉnh Khánh Hoà,Xã Cam Lâm
Tỉnh Khánh Hòa,Huyện Cam Lâm,Xã Cam Phước Tây,Tỉnh Khánh Hoà,Xã Cam An
Tỉnh Khánh Hòa,Huyện Cam Lâm,Xã Cam Thành Bắc,Tỉnh Khánh Hoà,Xã Cam Lâm
Tỉnh Khánh Hòa,Huyện Cam Lâm,Xã Cam Tân,Tỉnh Khánh Hoà,Xã Cam Hiệp
Tỉnh Khánh Hòa,Huyện Cam Lâm,Xã Cam Tân,Tỉnh Khánh Hoà,Xã Cam Lâm
Tỉnh Khánh Hòa,Huyện Cam Lâm,Xã Cam Tân,Tỉnh Khánh Hoà,Xã Suối Dầu
Tỉnh Khánh Hòa,Huyện Cam Lâm,Xã Suối Cát,Tỉnh Khánh Hoà,Xã Suối Dầu
Tỉnh Khánh Hòa,Huyện Cam Lâm,Xã Suối Tân,Tỉnh Khánh Hoà,Xã Cam Hiệp
Tỉnh Khánh Hòa,Huyện Cam Lâm,Xã Suối Tân,Tỉnh Khánh Hoà,Xã Cam Lâm
Tỉnh Khánh Hòa,Huyện Cam Lâm,Xã Suối Tân,Tỉnh Khánh Hoà,Xã Suối Dầu
Tỉnh Khánh Hòa,Huyện Cam Lâm,Xã Sơn Tân,Tỉnh Khánh Hoà,Xã Cam Hiệp
Tỉnh Khánh Hòa,Huyện Diên Khánh,Thị trấn Diên Khánh,Tỉnh Khánh Hoà,Xã Diên Khánh
Tỉnh Khánh Hòa,Huyện Diên Khánh,Xã Bình Lộc,Tỉnh Khánh Hoà,Xã Suối Hiệp
Tỉnh Khánh Hòa,Huyện Diên Khánh,Xã Diên An,Tỉnh Khánh Hoà,Xã Diên Khánh
Tỉnh Khánh Hòa,Huyện Diên Khánh,Xã Diên Hòa,Tỉnh Khánh Hoà,Xã Diên Lạc
Tỉnh Khánh Hòa,Huyện Diên Khánh,Xã Diên Lâm,Tỉnh Khánh Hoà,Xã Diên Lâm
Tỉnh Khánh Hòa,Huyện Diên Khánh,Xã Diên Lạc,Tỉnh Khánh Hoà,Xã Diên Lạc
Tỉnh Khánh Hòa,Huyện Diên Khánh,Xã Diên Phú,Tỉnh Khánh Hoà,Xã Diên Điền
Tỉnh Khánh Hòa,Huyện Diên Khánh,Xã Diên Phước,Tỉnh Khánh Hoà,Xã Diên Thọ
Tỉnh Khánh Hòa,Huyện Diên Khánh,Xã Diên Sơn,Tỉnh Khánh Hoà,Xã Diên Điền
Tỉnh Khánh Hòa,Huyện Diên Khánh,Xã Diên Thạnh,Tỉnh Khánh Hoà,Xã Diên Lạc
Tỉnh Khánh Hòa,Huyện Diên Khánh,Xã Diên Thọ,Tỉnh Khánh Hoà,Xã Diên Thọ
Tỉnh Khánh Hòa,Huyện Diên Khánh,Xã Diên Toàn,Tỉnh Khánh Hoà,Xã Diên Khánh
Tỉnh Khánh Hòa,Huyện Diên Khánh,Xã Diên Tân,Tỉnh Khánh Hoà,Xã Diên Thọ
Tỉnh Khánh Hòa,Huyện Diên Khánh,Xã Diên Điền,Tỉnh Khánh Hoà,Xã Diên Điền
Tỉnh Khánh Hòa,Huyện Diên Khánh,Xã Suối Hiệp,Tỉnh Khánh Hoà,Xã Suối Hiệp
Tỉnh Khánh Hòa,Huyện Diên Khánh,Xã Suối Tiên,Tỉnh Khánh Hoà,Xã Suối Hiệp
Tỉnh Khánh Hòa,Huyện Diên Khánh,Xã Xuân Đồng,Tỉnh Khánh Hoà,Xã Diên Lâm
Tỉnh Khánh Hòa,Huyện Khánh Sơn,Thị trấn Tô Hạp,Tỉnh Khánh Hoà,Xã Khánh Sơn
Tỉnh Khánh Hòa,Huyện Khánh Sơn,Xã Ba Cụm Bắc,Tỉnh Khánh Hoà,Xã Đông Khánh Sơn
Tỉnh Khánh Hòa,Huyện Khánh Sơn,Xã Ba Cụm Nam,Tỉnh Khánh Hoà,Xã Đông Khánh Sơn
Tỉnh Khánh Hòa,Huyện Khánh Sơn,Xã Sơn Bình,Tỉnh Khánh Hoà,Xã Khánh Sơn
Tỉnh Khánh Hòa,Huyện Khánh Sơn,Xã Sơn Hiệp,Tỉnh Khánh Hoà,Xã Khánh Sơn
Tỉnh Khánh Hòa,Huyện Khánh Sơn,Xã Sơn Lâm,Tỉnh Khánh Hoà,Xã Tây Khánh Sơn
Tỉnh Khánh Hòa,Huyện Khánh Sơn,Xã Sơn Trung,Tỉnh Khánh Hoà,Xã Đông Khánh Sơn
Tỉnh Khánh Hòa,Huyện Khánh Sơn,Xã Thành Sơn,Tỉnh Khánh Hoà,Xã Tây Khánh Sơn
Tỉnh Khánh Hòa,Huyện Khánh Vĩnh,Thị trấn Khánh Vĩnh,Tỉnh Khánh Hoà,Xã Khánh Vĩnh
Tỉnh Khánh Hòa,Huyện Khánh Vĩnh,Xã Cầu Bà,Tỉnh Khánh Hoà,Xã Nam Khánh Vĩnh
Tỉnh Khánh Hòa,Huyện Khánh Vĩnh,Xã Giang Ly,Tỉnh Khánh Hoà,Xã Tây Khánh Vĩnh
Tỉnh Khánh Hòa,Huyện Khánh Vĩnh,Xã Khánh Bình,Tỉnh Khánh Hoà,Xã Bắc Khánh Vĩnh
Tỉnh Khánh Hòa,Huyện Khánh Vĩnh,Xã Khánh Hiệp,Tỉnh Khánh Hoà,Xã Trung Khánh Vĩnh
Tỉnh Khánh Hòa,Huyện Khánh Vĩnh,Xã Khánh Nam,Tỉnh Khánh Hoà,Xã Tây Khánh Vĩnh
Tỉnh Khánh Hòa,Huyện Khánh Vĩnh,Xã Khánh Phú,Tỉnh Khánh Hoà,Xã Khánh Vĩnh
Tỉnh Khánh Hòa,Huyện Khánh Vĩnh,Xã Khánh Thành,Tỉnh Khánh Hoà,Xã Nam Khánh Vĩnh
Tỉnh Khánh Hòa,Huyện Khánh Vĩnh,Xã Khánh Thượng,Tỉnh Khánh Hoà,Xã Tây Khánh Vĩnh
Tỉnh Khánh Hòa,Huyện Khánh Vĩnh,Xã Khánh Trung,Tỉnh Khánh Hoà,Xã Trung Khánh Vĩnh
Tỉnh Khánh Hòa,Huyện Khánh Vĩnh,Xã Khánh Đông,Tỉnh Khánh Hoà,Xã Bắc Khánh Vĩnh
Tỉnh Khánh Hòa,Huyện Khánh Vĩnh,Xã Liên Sang,Tỉnh Khánh Hoà,Xã Nam Khánh Vĩnh
Tỉnh Khánh Hòa,Huyện Khánh Vĩnh,Xã Sông Cầu,Tỉnh Khánh Hoà,Xã Khánh Vĩnh
Tỉnh Khánh Hòa,Huyện Khánh Vĩnh,Xã Sơn Thái,Tỉnh Khánh Hoà,Xã Nam Khánh Vĩnh
Tỉnh Khánh Hòa,Huyện Trường Sa,Thị trấn Trường Sa,Tỉnh Khánh Hoà,Đặc khu Trường Sa
Tỉnh Khánh Hòa,Huyện Trường Sa,Xã Sinh Tồn,Tỉnh Khánh Hoà,Đặc khu Trường Sa
Tỉnh Khánh Hòa,Huyện Trường Sa,Xã Song Tử Tây,Tỉnh Khánh Hoà,Đặc khu Trường Sa
Tỉnh Khánh Hòa,Huyện Vạn Ninh,Thị trấn Vạn Giã,Tỉnh Khánh Hoà,Xã Vạn Ninh
Tỉnh Khánh Hòa,Huyện Vạn Ninh,Xã Vạn Bình,Tỉnh Khánh Hoà,Xã Vạn Thắng
Tỉnh Khánh Hòa,Huyện Vạn Ninh,Xã Vạn Hưng,Tỉnh Khánh Hoà,Xã Vạn Hưng
Tỉnh Khánh Hòa,Huyện Vạn Ninh,Xã Vạn Khánh,Tỉnh Khánh Hoà,Xã Tu Bông
Tỉnh Khánh Hòa,Huyện Vạn Ninh,Xã Vạn Long,Tỉnh Khánh Hoà,Xã Tu Bông
Tỉnh Khánh Hòa,Huyện Vạn Ninh,Xã Vạn Lương,Tỉnh Khánh Hoà,Xã Vạn Ninh
Tỉnh Khánh Hòa,Huyện Vạn Ninh,Xã Vạn Phú,Tỉnh Khánh Hoà,Xã Vạn Ninh
Tỉnh Khánh Hòa,Huyện Vạn Ninh,Xã Vạn Phước,Tỉnh Khánh Hoà,Xã Tu Bông
Tỉnh Khánh Hòa,Huyện Vạn Ninh,Xã Vạn Thạnh,Tỉnh Khánh Hoà,Xã Đại Lãnh
Tỉnh Khánh Hòa,Huyện Vạn Ninh,Xã Vạn Thắng,Tỉnh Khánh Hoà,Xã Vạn Thắng
Tỉnh Khánh Hòa,Huyện Vạn Ninh,Xã Vạn Thọ,Tỉnh Khánh Hoà,Xã Đại Lãnh
Tỉnh Khánh Hòa,Huyện Vạn Ninh,Xã Xuân Sơn,Tỉnh Khánh Hoà,Xã Vạn Hưng
Tỉnh Khánh Hòa,Huyện Vạn Ninh,Xã Đại Lãnh,Tỉnh Khánh Hoà,Xã Đại Lãnh
Tỉnh Khánh Hòa,Thành phố Cam Ranh,Phường Ba Ngòi,Tỉnh Khánh Hoà,Phường Ba Ngòi
Tỉnh Khánh Hòa,Thành phố Cam Ranh,Phường Cam Linh,Tỉnh Khánh Hoà,Phường Cam Linh
Tỉnh Khánh Hòa,Thành phố Cam Ranh,Phường Cam Lộc,Tỉnh Khánh Hoà,Phường Cam Ranh
Tỉnh Khánh Hòa,Thành phố Cam Ranh,Phường Cam Lợi,Tỉnh Khánh Hoà,Phường Cam Linh
Tỉnh Khánh Hòa,Thành phố Cam Ranh,Phường Cam Nghĩa,Tỉnh Khánh Hoà,Phường Bắc Cam Ranh
Tỉnh Khánh Hòa,Thành phố Cam Ranh,Phường Cam Phú,Tỉnh Khánh Hoà,Phường Cam Ranh
Tỉnh Khánh Hòa,Thành phố Cam Ranh,Phường Cam Phúc Bắc,Tỉnh Khánh Hoà,Phường Bắc Cam Ranh
Tỉnh Khánh Hòa,Thành phố Cam Ranh,Phường Cam Phúc Nam,Tỉnh Khánh Hoà,Phường Cam Ranh
Tỉnh Khánh Hòa,Thành phố Cam Ranh,Phường Cam Thuận,Tỉnh Khánh Hoà,Phường Cam Linh
Tỉnh Khánh Hòa,Thành phố Cam Ranh,Xã Cam Bình,Tỉnh Khánh Hoà,Xã Nam Cam Ranh
Tỉnh Khánh Hòa,Thành phố Cam Ranh,Xã Cam Lập,Tỉnh Khánh Hoà,Xã Nam Cam Ranh
Tỉnh Khánh Hòa,Thành phố Cam Ranh,Xã Cam Phước Đông,Tỉnh Khánh Hoà,Phường Ba Ngòi
Tỉnh Khánh Hòa,Thành phố Cam Ranh,Xã Cam Thành Nam,Tỉnh Khánh Hoà,Phường Bắc Cam Ranh
Tỉnh Khánh Hòa,Thành phố Cam Ranh,Xã Cam Thịnh Tây,Tỉnh Khánh Hoà,Xã Nam Cam Ranh
Tỉnh Khánh Hòa,Thành phố Cam Ranh,Xã Cam Thịnh Đông,Tỉnh Khánh Hoà,Xã Nam Cam Ranh
Tỉnh Khánh Hòa,Thành phố Nha Trang,Phường Lộc Thọ,Tỉnh Khánh Hoà,Phường Nha Trang
Tỉnh Khánh Hòa,Thành phố Nha Trang,Phường Ngọc Hiệp,Tỉnh Khánh Hoà,Phường Tây Nha Trang
Tỉnh Khánh Hòa,Thành phố Nha Trang,Phường Phương Sài,Tỉnh Khánh Hoà,Phường Tây Nha Trang
Tỉnh Khánh Hòa,Thành phố Nha Trang,Phường Phước Hòa,Tỉnh Khánh Hoà,Phường Nha Trang
Tỉnh Khánh Hòa,Thành phố Nha Trang,Phường Phước Hải,Tỉnh Khánh Hoà,Phường Nam Nha Trang
Tỉnh Khánh Hòa,Thành phố Nha Trang,Phường Phước Long,Tỉnh Khánh Hoà,Phường Nam Nha Trang
Tỉnh Khánh Hòa,Thành phố Nha Trang,Phường Tân Tiến,Tỉnh Khánh Hoà,Phường Nha Trang
Tỉnh Khánh Hòa,Thành phố Nha Trang,Phường Vĩnh Hòa,Tỉnh Khánh Hoà,Phường Bắc Nha Trang
Tỉnh Khánh Hòa,Thành phố Nha Trang,Phường Vĩnh Hải,Tỉnh Khánh Hoà,Phường Bắc Nha Trang
Tỉnh Khánh Hòa,Thành phố Nha Trang,Phường Vĩnh Nguyên,Tỉnh Khánh Hoà,Phường Nha Trang
Tỉnh Khánh Hòa,Thành phố Nha Trang,Phường Vĩnh Phước,Tỉnh Khánh Hoà,Phường Bắc Nha Trang
Tỉnh Khánh Hòa,Thành phố Nha Trang,Phường Vĩnh Thọ,Tỉnh Khánh Hoà,Phường Bắc Nha Trang
Tỉnh Khánh Hòa,Thành phố Nha Trang,Phường Vĩnh Trường,Tỉnh Khánh Hoà,Phường Nam Nha Trang
Tỉnh Khánh Hòa,Thành phố Nha Trang,Phường Vạn Thạnh,Tỉnh Khánh Hoà,Phường Nha Trang
Tỉnh Khánh Hòa,Thành phố Nha Trang,Xã Phước Đồng,Tỉnh Khánh Hoà,Phường Nam Nha Trang
Tỉnh Khánh Hòa,Thành phố Nha Trang,Xã Vĩnh Hiệp,Tỉnh Khánh Hoà,Phường Tây Nha Trang
Tỉnh Khánh Hòa,Thành phố Nha Trang,Xã Vĩnh Lương,Tỉnh Khánh Hoà,Phường Bắc Nha Trang
Tỉnh Khánh Hòa,Thành phố Nha Trang,Xã Vĩnh Ngọc,Tỉnh Khánh Hoà,Phường Tây Nha Trang
Tỉnh Khánh Hòa,Thành phố Nha Trang,Xã Vĩnh Phương,Tỉnh Khánh Hoà,Phường Bắc Nha Trang
Tỉnh Khánh Hòa,Thành phố Nha Trang,Xã Vĩnh Thái,Tỉnh Khánh Hoà,Phường Nam Nha Trang
Tỉnh Khánh Hòa,Thành phố Nha Trang,Xã Vĩnh Thạnh,Tỉnh Khánh Hoà,Phường Tây Nha Trang
Tỉnh Khánh Hòa,Thành phố Nha Trang,Xã Vĩnh Trung,Tỉnh Khánh Hoà,Phường Tây Nha Trang
Tỉnh Khánh Hòa,Thị xã Ninh Hòa,Phường Ninh Diêm,Tỉnh Khánh Hoà,Phường Đông Ninh Hoà
Tỉnh Khánh Hòa,Thị xã Ninh Hòa,Phường Ninh Giang,Tỉnh Khánh Hoà,Phường Hoà Thắng
Tỉnh Khánh Hòa,Thị xã Ninh Hòa,Phường Ninh Hiệp,Tỉnh Khánh Hoà,Phường Ninh Hoà
Tỉnh Khánh Hòa,Thị xã Ninh Hòa,Phường Ninh Hà,Tỉnh Khánh Hoà,Phường Hoà Thắng
Tỉnh Khánh Hòa,Thị xã Ninh Hòa,Phường Ninh Hải,Tỉnh Khánh Hoà,Phường Đông Ninh Hoà
Tỉnh Khánh Hòa,Thị xã Ninh Hòa,Phường Ninh Thủy,Tỉnh Khánh Hoà,Phường Đông Ninh Hoà
Tỉnh Khánh Hòa,Thị xã Ninh Hòa,Phường Ninh Đa,Tỉnh Khánh Hoà,Phường Ninh Hoà
Tỉnh Khánh Hòa,Thị xã Ninh Hòa,Xã Ninh An,Tỉnh Khánh Hoà,Xã Bắc Ninh Hoà
Tỉnh Khánh Hòa,Thị xã Ninh Hòa,Xã Ninh Bình,Tỉnh Khánh Hoà,Xã Tân Định
Tỉnh Khánh Hòa,Thị xã Ninh Hòa,Xã Ninh Hưng,Tỉnh Khánh Hoà,Xã Nam Ninh Hoà
Tỉnh Khánh Hòa,Thị xã Ninh Hòa,Xã Ninh Lộc,Tỉnh Khánh Hoà,Xã Nam Ninh Hoà
Tỉnh Khánh Hòa,Thị xã Ninh Hòa,Xã Ninh Phú,Tỉnh Khánh Hoà,Phường Hoà Thắng
Tỉnh Khánh Hòa,Thị xã Ninh Hòa,Xã Ninh Phước,Tỉnh Khánh Hoà,Phường Đông Ninh Hoà
Tỉnh Khánh Hòa,Thị xã Ninh Hòa,Xã Ninh Phụng,Tỉnh Khánh Hoà,Phường Ninh Hoà
Tỉnh Khánh Hòa,Thị xã Ninh Hòa,Xã Ninh Quang,Tỉnh Khánh Hoà,Xã Tân Định
Tỉnh Khánh Hòa,Thị xã Ninh Hòa,Xã Ninh Sim,Tỉnh Khánh Hoà,Xã Tây Ninh Hoà
Tỉnh Khánh Hòa,Thị xã Ninh Hòa,Xã Ninh Sơn,Tỉnh Khánh Hoà,Xã Bắc Ninh Hoà
Tỉnh Khánh Hòa,Thị xã Ninh Hòa,Xã Ninh Thân,Tỉnh Khánh Hoà,Xã Hoà Trí
Tỉnh Khánh Hòa,Thị xã Ninh Hòa,Xã Ninh Thượng,Tỉnh Khánh Hoà,Xã Hoà Trí
Tỉnh Khánh Hòa,Thị xã Ninh Hòa,Xã Ninh Thọ,Tỉnh Khánh Hoà,Xã Bắc Ninh Hoà
Tỉnh Khánh Hòa,Thị xã Ninh Hòa,Xã Ninh Trung,Tỉnh Khánh Hoà,Xã Hoà Trí
Tỉnh Khánh Hòa,Thị xã Ninh Hòa,Xã Ninh Tân,Tỉnh Khánh Hoà,Xã Nam Ninh Hoà
Tỉnh Khánh Hòa,Thị xã Ninh Hòa,Xã Ninh Tây,Tỉnh Khánh Hoà,Xã Tây Ninh Hoà
Tỉnh Khánh Hòa,Thị xã Ninh Hòa,Xã Ninh Xuân,Tỉnh Khánh Hoà,Xã Tân Định
Tỉnh Khánh Hòa,Thị xã Ninh Hòa,Xã Ninh Ích,Tỉnh Khánh Hoà,Xã Nam Ninh Hoà
Tỉnh Khánh Hòa,Thị xã Ninh Hòa,Xã Ninh Đông,Tỉnh Khánh Hoà,Phường Ninh Hoà
Tỉnh Kiên Giang,Huyện An Biên,Thị trấn Thứ Ba,Tỉnh An Giang,Xã An Biên
Tỉnh Kiên Giang,Huyện An Biên,Xã Hưng Yên,Tỉnh An Giang,Xã An Biên
Tỉnh Kiên Giang,Huyện An Biên,Xã Nam Thái,Tỉnh An Giang,Xã Đông Thái
Tỉnh Kiên Giang,Huyện An Biên,Xã Nam Thái A,Tỉnh An Giang,Xã Đông Thái
Tỉnh Kiên Giang,Huyện An Biên,Xã Nam Yên,Tỉnh An Giang,Xã Tây Yên
Tỉnh Kiên Giang,Huyện An Biên,Xã Tây Yên,Tỉnh An Giang,Xã Tây Yên
Tỉnh Kiên Giang,Huyện An Biên,Xã Tây Yên A,Tỉnh An Giang,Xã Tây Yên
Tỉnh Kiên Giang,Huyện An Biên,Xã Đông Thái,Tỉnh An Giang,Xã Đông Thái
Tỉnh Kiên Giang,Huyện An Biên,Xã Đông Yên,Tỉnh An Giang,Xã An Biên
Tỉnh Kiên Giang,Huyện An Minh,Thị trấn Thứ Mười Một,Tỉnh An Giang,Xã An Minh
Tỉnh Kiên Giang,Huyện An Minh,Xã Thuận Hoà,Tỉnh An Giang,Xã Tân Thạnh
Tỉnh Kiên Giang,Huyện An Minh,Xã Tân Thạnh,Tỉnh An Giang,Xã Tân Thạnh
Tỉnh Kiên Giang,Huyện An Minh,Xã Vân Khánh,Tỉnh An Giang,Xã Vân Khánh
Tỉnh Kiên Giang,Huyện An Minh,Xã Vân Khánh Tây,Tỉnh An Giang,Xã Vân Khánh
Tỉnh Kiên Giang,Huyện An Minh,Xã Vân Khánh Đông,Tỉnh An Giang,Xã Đông Hưng
Tỉnh Kiên Giang,Huyện An Minh,Xã Đông Hòa,Tỉnh An Giang,Xã Đông Hoà
Tỉnh Kiên Giang,Huyện An Minh,Xã Đông Hưng,Tỉnh An Giang,Xã An Minh
Tỉnh Kiên Giang,Huyện An Minh,Xã Đông Hưng A,Tỉnh An Giang,Xã Đông Hưng
Tỉnh Kiên Giang,Huyện An Minh,Xã Đông Hưng B,Tỉnh An Giang,Xã An Minh
Tỉnh Kiên Giang,Huyện An Minh,Xã Đông Thạnh,Tỉnh An Giang,Xã Đông Hoà
Tỉnh Kiên Giang,Huyện Châu Thành,Thị trấn Minh Lương,Tỉnh An Giang,Xã Châu Thành
Tỉnh Kiên Giang,Huyện Châu Thành,Xã Bình An,Tỉnh An Giang,Xã Bình An
Tỉnh Kiên Giang,Huyện Châu Thành,Xã Giục Tượng,Tỉnh An Giang,Xã Châu Thành
Tỉnh Kiên Giang,Huyện Châu Thành,Xã Minh Hòa,Tỉnh An Giang,Xã Châu Thành
Tỉnh Kiên Giang,Huyện Châu Thành,Xã Mong Thọ,Tỉnh An Giang,Xã Thạnh Lộc
Tỉnh Kiên Giang,Huyện Châu Thành,Xã Mong Thọ A,Tỉnh An Giang,Xã Thạnh Lộc
Tỉnh Kiên Giang,Huyện Châu Thành,Xã Mong Thọ B,Tỉnh An Giang,Xã Thạnh Lộc
Tỉnh Kiên Giang,Huyện Châu Thành,Xã Thạnh Lộc,Tỉnh An Giang,Xã Thạnh Lộc
Tỉnh Kiên Giang,Huyện Châu Thành,Xã Vĩnh Hoà Phú,Tỉnh An Giang,Xã Bình An
Tỉnh Kiên Giang,Huyện Châu Thành,Xã Vĩnh Hòa Hiệp,Tỉnh An Giang,Xã Bình An
Tỉnh Kiên Giang,Huyện Giang Thành,Xã Phú Lợi,Tỉnh An Giang,Xã Giang Thành
Tỉnh Kiên Giang,Huyện Giang Thành,Xã Phú Mỹ,Tỉnh An Giang,Xã Giang Thành
Tỉnh Kiên Giang,Huyện Giang Thành,Xã Tân Khánh Hòa,Tỉnh An Giang,Xã Giang Thành
Tỉnh Kiên Giang,Huyện Giang Thành,Xã Vĩnh Phú,Tỉnh An Giang,Xã Vĩnh Điều
Tỉnh Kiên Giang,Huyện Giang Thành,Xã Vĩnh Điều,Tỉnh An Giang,Xã Vĩnh Điều
Tỉnh Kiên Giang,Huyện Giồng Riềng,Thị trấn Giồng Riềng,Tỉnh An Giang,Xã Giồng Riềng
Tỉnh Kiên Giang,Huyện Giồng Riềng,Xã Bàn Thạch,Tỉnh An Giang,Xã Giồng Riềng
Tỉnh Kiên Giang,Huyện Giồng Riềng,Xã Bàn Tân Định,Tỉnh An Giang,Xã Giồng Riềng
Tỉnh Kiên Giang,Huyện Giồng Riềng,Xã Hoà An,Tỉnh An Giang,Xã Hoà Hưng
Tỉnh Kiên Giang,Huyện Giồng Riềng,Xã Hoà Lợi,Tỉnh An Giang,Xã Hoà Hưng
Tỉnh Kiên Giang,Huyện Giồng Riềng,Xã Hòa Hưng,Tỉnh An Giang,Xã Hoà Hưng
Tỉnh Kiên Giang,Huyện Giồng Riềng,Xã Hòa Thuận,Tỉnh An Giang,Xã Hoà Thuận
Tỉnh Kiên Giang,Huyện Giồng Riềng,Xã Long Thạnh,Tỉnh An Giang,Xã Long Thạnh
Tỉnh Kiên Giang,Huyện Giồng Riềng,Xã Ngọc Chúc,Tỉnh An Giang,Xã Ngọc Chúc
Tỉnh Kiên Giang,Huyện Giồng Riềng,Xã Ngọc Hoà,Tỉnh An Giang,Xã Hoà Thuận
Tỉnh Kiên Giang,Huyện Giồng Riềng,Xã Ngọc Thuận,Tỉnh An Giang,Xã Ngọc Chúc
Tỉnh Kiên Giang,Huyện Giồng Riềng,Xã Ngọc Thành,Tỉnh An Giang,Xã Ngọc Chúc
Tỉnh Kiên Giang,Huyện Giồng Riềng,Xã Thạnh Bình,Tỉnh An Giang,Xã Giồng Riềng
Tỉnh Kiên Giang,Huyện Giồng Riềng,Xã Thạnh Hòa,Tỉnh An Giang,Xã Giồng Riềng
Tỉnh Kiên Giang,Huyện Giồng Riềng,Xã Thạnh Hưng,Tỉnh An Giang,Xã Thạnh Hưng
Tỉnh Kiên Giang,Huyện Giồng Riềng,Xã Thạnh Lộc,Tỉnh An Giang,Xã Thạnh Hưng
Tỉnh Kiên Giang,Huyện Giồng Riềng,Xã Thạnh Phước,Tỉnh An Giang,Xã Thạnh Hưng
Tỉnh Kiên Giang,Huyện Giồng Riềng,Xã Vĩnh Phú,Tỉnh An Giang,Xã Long Thạnh
Tỉnh Kiên Giang,Huyện Giồng Riềng,Xã Vĩnh Thạnh,Tỉnh An Giang,Xã Long Thạnh
Tỉnh Kiên Giang,Huyện Gò Quao,Thị trấn Gò Quao,Tỉnh An Giang,Xã Gò Quao
Tỉnh Kiên Giang,Huyện Gò Quao,Xã Thới Quản,Tỉnh An Giang,Xã Định Hoà
Tỉnh Kiên Giang,Huyện Gò Quao,Xã Thủy Liễu,Tỉnh An Giang,Xã Định Hoà
Tỉnh Kiên Giang,Huyện Gò Quao,Xã Vĩnh Hòa Hưng Bắc,Tỉnh An Giang,Xã Vĩnh Hoà Hưng
Tỉnh Kiên Giang,Huyện Gò Quao,Xã Vĩnh Hòa Hưng Nam,Tỉnh An Giang,Xã Vĩnh Hoà Hưng
Tỉnh Kiên Giang,Huyện Gò Quao,Xã Vĩnh Phước A,Tỉnh An Giang,Xã Vĩnh Tuy
Tỉnh Kiên Giang,Huyện Gò Quao,Xã Vĩnh Phước B,Tỉnh An Giang,Xã Gò Quao
Tỉnh Kiên Giang,Huyện Gò Quao,Xã Vĩnh Thắng,Tỉnh An Giang,Xã Vĩnh Tuy
Tỉnh Kiên Giang,Huyện Gò Quao,Xã Vĩnh Tuy,Tỉnh An Giang,Xã Vĩnh Tuy
Tỉnh Kiên Giang,Huyện Gò Quao,Xã Định An,Tỉnh An Giang,Xã Gò Quao
Tỉnh Kiên Giang,Huyện Gò Quao,Xã Định Hòa,Tỉnh An Giang,Xã Định Hoà
Tỉnh Kiên Giang,Huyện Hòn Đất,Thị trấn Hòn Đất,Tỉnh An Giang,Xã Hòn Đất
Tỉnh Kiên Giang,Huyện Hòn Đất,Thị trấn Sóc Sơn,Tỉnh An Giang,Xã Mỹ Thuận
Tỉnh Kiên Giang,Huyện Hòn Đất,Xã Lình Huỳnh,Tỉnh An Giang,Xã Hòn Đất
Tỉnh Kiên Giang,Huyện Hòn Đất,Xã Mỹ Hiệp Sơn,Tỉnh An Giang,Xã Mỹ Thuận
Tỉnh Kiên Giang,Huyện Hòn Đất,Xã Mỹ Lâm,Tỉnh An Giang,Phường Vĩnh Thông
Tỉnh Kiên Giang,Huyện Hòn Đất,Xã Mỹ Phước,Tỉnh An Giang,Xã Mỹ Thuận
Tỉnh Kiên Giang,Huyện Hòn Đất,Xã Mỹ Thuận,Tỉnh An Giang,Xã Mỹ Thuận
Tỉnh Kiên Giang,Huyện Hòn Đất,Xã Mỹ Thái,Tỉnh An Giang,Xã Sơn Kiên
Tỉnh Kiên Giang,Huyện Hòn Đất,Xã Nam Thái Sơn,Tỉnh An Giang,Xã Hòn Đất
Tỉnh Kiên Giang,Huyện Hòn Đất,Xã Sơn Bình,Tỉnh An Giang,Xã Sơn Kiên
Tỉnh Kiên Giang,Huyện Hòn Đất,Xã Sơn Kiên,Tỉnh An Giang,Xã Sơn Kiên
Tỉnh Kiên Giang,Huyện Hòn Đất,Xã Thổ Sơn,Tỉnh An Giang,Xã Hòn Đất
Tỉnh Kiên Giang,Huyện Kiên Lương,Thị trấn Kiên Lương,Tỉnh An Giang,Xã Kiên Lương
Tỉnh Kiên Giang,Huyện Kiên Lương,Xã Bình An,Tỉnh An Giang,Xã Kiên Lương
Tỉnh Kiên Giang,Huyện Kiên Lương,Xã Bình Trị,Tỉnh An Giang,Xã Kiên Lương
Tỉnh Kiên Giang,Huyện Kiên Lương,Xã Dương Hòa,Tỉnh An Giang,Phường Tô Châu
Tỉnh Kiên Giang,Huyện Kiên Lương,Xã Hòa Điền,Tỉnh An Giang,Xã Hoà Điền
Tỉnh Kiên Giang,Huyện Kiên Lương,Xã Kiên Bình,Tỉnh An Giang,Xã Hoà Điền
Tỉnh Kiên Giang,Huyện Tân Hiệp,Thị trấn Tân Hiệp,Tỉnh An Giang,Xã Tân Hiệp
Tỉnh Kiên Giang,Huyện Tân Hiệp,Xã Thạnh Trị,Tỉnh An Giang,Xã Thạnh Đông
Tỉnh Kiên Giang,Huyện Tân Hiệp,Xã Thạnh Đông,Tỉnh An Giang,Xã Tân Hiệp
Tỉnh Kiên Giang,Huyện Tân Hiệp,Xã Thạnh Đông A,Tỉnh An Giang,Xã Thạnh Đông
Tỉnh Kiên Giang,Huyện Tân Hiệp,Xã Thạnh Đông B,Tỉnh An Giang,Xã Tân Hiệp
Tỉnh Kiên Giang,Huyện Tân Hiệp,Xã Tân An,Tỉnh An Giang,Xã Tân Hội
Tỉnh Kiên Giang,Huyện Tân Hiệp,Xã Tân Hiệp A,Tỉnh An Giang,Xã Thạnh Đông
Tỉnh Kiên Giang,Huyện Tân Hiệp,Xã Tân Hiệp B,Tỉnh An Giang,Xã Tân Hiệp
Tỉnh Kiên Giang,Huyện Tân Hiệp,Xã Tân Hội,Tỉnh An Giang,Xã Tân Hội
Tỉnh Kiên Giang,Huyện Tân Hiệp,Xã Tân Thành,Tỉnh An Giang,Xã Tân Hội
Tỉnh Kiên Giang,Huyện U Minh Thượng,Xã An Minh Bắc,Tỉnh An Giang,Xã U Minh Thượng
Tỉnh Kiên Giang,Huyện U Minh Thượng,Xã Hoà Chánh,Tỉnh An Giang,Xã Vĩnh Hoà
Tỉnh Kiên Giang,Huyện U Minh Thượng,Xã Minh Thuận,Tỉnh An Giang,Xã U Minh Thượng
Tỉnh Kiên Giang,Huyện U Minh Thượng,Xã Thạnh Yên,Tỉnh An Giang,Xã Vĩnh Hoà
Tỉnh Kiên Giang,Huyện U Minh Thượng,Xã Thạnh Yên A,Tỉnh An Giang,Xã Vĩnh Hoà
Tỉnh Kiên Giang,Huyện U Minh Thượng,Xã Vĩnh Hòa,Tỉnh An Giang,Xã Vĩnh Hoà
Tỉnh Kiên Giang,Huyện Vĩnh Thuận,Thị trấn Vĩnh Thuận,Tỉnh An Giang,Xã Vĩnh Phong
Tỉnh Kiên Giang,Huyện Vĩnh Thuận,Xã Bình Minh,Tỉnh An Giang,Xã Vĩnh Bình
Tỉnh Kiên Giang,Huyện Vĩnh Thuận,Xã Phong Đông,Tỉnh An Giang,Xã Vĩnh Phong
Tỉnh Kiên Giang,Huyện Vĩnh Thuận,Xã Tân Thuận,Tỉnh An Giang,Xã Vĩnh Thuận
Tỉnh Kiên Giang,Huyện Vĩnh Thuận,Xã Vĩnh Bình Bắc,Tỉnh An Giang,Xã Vĩnh Bình
Tỉnh Kiên Giang,Huyện Vĩnh Thuận,Xã Vĩnh Bình Nam,Tỉnh An Giang,Xã Vĩnh Bình
Tỉnh Kiên Giang,Huyện Vĩnh Thuận,Xã Vĩnh Phong,Tỉnh An Giang,Xã Vĩnh Phong
Tỉnh Kiên Giang,Huyện Vĩnh Thuận,Xã Vĩnh Thuận,Tỉnh An Giang,Xã Vĩnh Thuận
Tỉnh Kiên Giang,Thành phố Hà Tiên,Phường Bình San,Tỉnh An Giang,Phường Hà Tiên
Tỉnh Kiên Giang,Thành phố Hà Tiên,Phường Mỹ Đức,Tỉnh An Giang,Phường Hà Tiên
Tỉnh Kiên Giang,Thành phố Hà Tiên,Phường Pháo Đài,Tỉnh An Giang,Phường Hà Tiên
Tỉnh Kiên Giang,Thành phố Hà Tiên,Phường Tô Châu,Tỉnh An Giang,Phường Tô Châu
Tỉnh Kiên Giang,Thành phố Hà Tiên,Phường Đông Hồ,Tỉnh An Giang,Phường Hà Tiên
Tỉnh Kiên Giang,Thành phố Hà Tiên,Xã Thuận Yên,Tỉnh An Giang,Phường Tô Châu
Tỉnh Kiên Giang,Thành phố Phú Quốc,Phường An Thới,Tỉnh An Giang,Đặc khu Phú Quốc
Tỉnh Kiên Giang,Thành phố Phú Quốc,Phường Dương Đông,Tỉnh An Giang,Đặc khu Phú Quốc
Tỉnh Kiên Giang,Thành phố Phú Quốc,Xã Bãi Thơm,Tỉnh An Giang,Đặc khu Phú Quốc
Tỉnh Kiên Giang,Thành phố Phú Quốc,Xã Cửa Cạn,Tỉnh An Giang,Đặc khu Phú Quốc
Tỉnh Kiên Giang,Thành phố Phú Quốc,Xã Cửa Dương,Tỉnh An Giang,Đặc khu Phú Quốc
Tỉnh Kiên Giang,Thành phố Phú Quốc,Xã Dương Tơ,Tỉnh An Giang,Đặc khu Phú Quốc
Tỉnh Kiên Giang,Thành phố Phú Quốc,Xã Gành Dầu,Tỉnh An Giang,Đặc khu Phú Quốc
Tỉnh Kiên Giang,Thành phố Phú Quốc,Xã Hàm Ninh,Tỉnh An Giang,Đặc khu Phú Quốc
Tỉnh Kiên Giang,Thành phố Phú Quốc,Xã Thổ Châu,Tỉnh An Giang,Đặc khu Thổ Châu
Tỉnh Kiên Giang,Thành phố Rạch Giá,Phường An Bình,Tỉnh An Giang,Phường Rạch Giá
Tỉnh Kiên Giang,Thành phố Rạch Giá,Phường An Hòa,Tỉnh An Giang,Phường Rạch Giá
Tỉnh Kiên Giang,Thành phố Rạch Giá,Phường Rạch Sỏi,Tỉnh An Giang,Phường Rạch Giá
Tỉnh Kiên Giang,Thành phố Rạch Giá,Phường Vĩnh Hiệp,Tỉnh An Giang,Phường Rạch Giá
Tỉnh Kiên Giang,Thành phố Rạch Giá,Phường Vĩnh Lạc,Tỉnh An Giang,Phường Rạch Giá
Tỉnh Kiên Giang,Thành phố Rạch Giá,Phường Vĩnh Lợi,Tỉnh An Giang,Phường Rạch Giá
Tỉnh Kiên Giang,Thành phố Rạch Giá,Phường Vĩnh Quang,Tỉnh An Giang,Phường Rạch Giá
Tỉnh Kiên Giang,Thành phố Rạch Giá,Phường Vĩnh Thanh,Tỉnh An Giang,Phường Rạch Giá
Tỉnh Kiên Giang,Thành phố Rạch Giá,Phường Vĩnh Thanh Vân,Tỉnh An Giang,Phường Rạch Giá
Tỉnh Kiên Giang,Thành phố Rạch Giá,Phường Vĩnh Thông,Tỉnh An Giang,Phường Vĩnh Thông
Tỉnh Kiên Giang,Thành phố Rạch Giá,Xã Phi Thông,Tỉnh An Giang,Phường Vĩnh Thông
Tỉnh Kon Tum,Huyện Ia H' Drai,Xã Ia Dom,Tỉnh Quảng Ngãi,Xã Ia Tơi
Tỉnh Kon Tum,Huyện Ia H' Drai,Xã Ia Tơi,Tỉnh Quảng Ngãi,Xã Ia Tơi
Tỉnh Kon Tum,Huyện Kon Plông,Thị trấn Măng Đen,Tỉnh Quảng Ngãi,Xã Măng Đen
Tỉnh Kon Tum,Huyện Kon Plông,Xã Hiếu,Tỉnh Quảng Ngãi,Xã Kon Plông
Tỉnh Kon Tum,Huyện Kon Plông,Xã Măng Cành,Tỉnh Quảng Ngãi,Xã Măng Đen
Tỉnh Kon Tum,Huyện Kon Plông,Xã Pờ Ê,Tỉnh Quảng Ngãi,Xã Kon Plông
Tỉnh Kon Tum,Huyện Kon Rẫy,Xã Tân Lập,Tỉnh Quảng Ngãi,Xã Kon Braih
Tỉnh Kon Tum,Huyện Ngọc Hồi,Thị trấn Plei Kần,Tỉnh Quảng Ngãi,Xã Bờ Y
Tỉnh Kon Tum,Huyện Ngọc Hồi,Xã Sa Loong,Tỉnh Quảng Ngãi,Xã Sa Loong
Tỉnh Kon Tum,Huyện Sa Thầy,Thị trấn Sa Thầy,Tỉnh Quảng Ngãi,Xã Sa Thầy
Tỉnh Kon Tum,Huyện Sa Thầy,Xã Hơ Moong,Tỉnh Quảng Ngãi,Xã Sa Bình
Tỉnh Kon Tum,Huyện Sa Thầy,Xã Sa Bình,Tỉnh Quảng Ngãi,Xã Sa Bình
Tỉnh Kon Tum,Huyện Sa Thầy,Xã Sa Nghĩa,Tỉnh Quảng Ngãi,Xã Sa Bình
Tỉnh Kon Tum,Huyện Sa Thầy,Xã Sa Nhơn,Tỉnh Quảng Ngãi,Xã Sa Thầy
Tỉnh Kon Tum,Huyện Sa Thầy,Xã Sa Sơn,Tỉnh Quảng Ngãi,Xã Sa Thầy
Tỉnh Kon Tum,Huyện Sa Thầy,Xã Ya Tăng,Tỉnh Quảng Ngãi,Xã Ya Ly
Tỉnh Kon Tum,Huyện Sa Thầy,Xã Ya Xiêr,Tỉnh Quảng Ngãi,Xã Ya Ly
Tỉnh Kon Tum,Huyện Sa Thầy,Xã Ya ly,Tỉnh Quảng Ngãi,Xã Ya Ly
Tỉnh Kon Tum,Huyện Tu Mơ Rông,Xã Măng Ri,Tỉnh Quảng Ngãi,Xã Măng Ri
Tỉnh Kon Tum,Huyện Tu Mơ Rông,Xã Tu Mơ Rông,Tỉnh Quảng Ngãi,Xã Tu Mơ Rông
Tỉnh Kon Tum,Huyện Tu Mơ Rông,Xã Tê Xăng,Tỉnh Quảng Ngãi,Xã Măng Ri
Tỉnh Kon Tum,Huyện Tu Mơ Rông,Xã Văn Xuôi,Tỉnh Quảng Ngãi,Xã Măng Ri
Tỉnh Kon Tum,Huyện Đắk Glei,Xã Mường Hoong,Tỉnh Quảng Ngãi,Xã Ngọc Linh
Tỉnh Kon Tum,Huyện Đắk Glei,Xã Ngọc Linh,Tỉnh Quảng Ngãi,Xã Ngọc Linh
Tỉnh Kon Tum,Huyện Đắk Glei,Xã Xốp,Tỉnh Quảng Ngãi,Xã Xốp
Tỉnh Kon Tum,Huyện Đắk Hà,Xã Hà Mòn,Tỉnh Quảng Ngãi,Xã Đăk Hà
Tỉnh Kon Tum,Huyện Đắk Hà,Xã Đăk Long,Tỉnh Quảng Ngãi,Xã Đăk Pxi
Tỉnh Kon Tum,Huyện Đắk Hà,Xã Đăk Ngọk,Tỉnh Quảng Ngãi,Xã Đăk Ui
Tỉnh Kon Tum,Huyện Đắk Tô,Xã Diên Bình,Tỉnh Quảng Ngãi,Xã Đăk Tô
Tỉnh Kon Tum,Huyện Đắk Tô,Xã Kon Đào,Tỉnh Quảng Ngãi,Xã Kon Đào
Tỉnh Kon Tum,Huyện Đắk Tô,Xã Ngọk Tụ,Tỉnh Quảng Ngãi,Xã Ngọk Tụ
Tỉnh Kon Tum,Huyện Đắk Tô,Xã Pô Kô,Tỉnh Quảng Ngãi,Xã Đăk Tô
Tỉnh Kon Tum,Huyện Đắk Tô,Xã Tân Cảnh,Tỉnh Quảng Ngãi,Xã Đăk Tô
Tỉnh Kon Tum,Huyện Đắk Tô,Xã Văn Lem,Tỉnh Quảng Ngãi,Xã Kon Đào
Tỉnh Kon Tum,Thành phố Kon Tum,Phường Duy Tân,Tỉnh Quảng Ngãi,Phường Đăk Cấm
Tỉnh Kon Tum,Thành phố Kon Tum,Phường Ngô Mây,Tỉnh Quảng Ngãi,Phường Đăk Cấm
Tỉnh Kon Tum,Thành phố Kon Tum,Phường Quang Trung,Tỉnh Quảng Ngãi,Phường Kon Tum
Tỉnh Kon Tum,Thành phố Kon Tum,Phường Quyết Thắng,Tỉnh Quảng Ngãi,Phường Kon Tum
Tỉnh Kon Tum,Thành phố Kon Tum,Phường Thắng Lợi,Tỉnh Quảng Ngãi,Phường Kon Tum
Tỉnh Kon Tum,Thành phố Kon Tum,Phường Thống Nhất,Tỉnh Quảng Ngãi,Phường Kon Tum
Tỉnh Kon Tum,Thành phố Kon Tum,Phường Trường Chinh,Tỉnh Quảng Ngãi,Phường Kon Tum
Tỉnh Kon Tum,Thành phố Kon Tum,Phường Trần Hưng Đạo,Tỉnh Quảng Ngãi,Phường Đăk Bla
Tỉnh Kon Tum,Thành phố Kon Tum,Xã Chư Hreng,Tỉnh Quảng Ngãi,Xã Đăk Rơ Wa
Tỉnh Kon Tum,Thành phố Kon Tum,Xã Hòa Bình,Tỉnh Quảng Ngãi,Xã Đăk Rơ Wa
Tỉnh Kon Tum,Thành phố Kon Tum,Xã Ia Chim,Tỉnh Quảng Ngãi,Xã Ia Chim
Tỉnh Kon Tum,Thành phố Kon Tum,Xã Kroong,Tỉnh Quảng Ngãi,Xã Ngọk Bay
Tỉnh Kon Tum,Thành phố Kon Tum,Xã Ngọk Bay,Tỉnh Quảng Ngãi,Xã Ngọk Bay
Tỉnh Kon Tum,Thành phố Kon Tum,Xã Vinh Quang,Tỉnh Quảng Ngãi,Xã Ngọk Bay
Tỉnh Kon Tum,Thành phố Kon Tum,Xã Đoàn Kết,Tỉnh Quảng Ngãi,Xã Ia Chim
Tỉnh Kon Tum,Thành phố Kon Tum,Xã Đăk Năng,Tỉnh Quảng Ngãi,Xã Ia Chim
Tỉnh Lai Châu,Huyện Mường Tè,Thị trấn Mường Tè,Tỉnh Lai Châu,Xã Bum Tở
Tỉnh Lai Châu,Huyện Mường Tè,Xã Bum Nưa,Tỉnh Lai Châu,Xã Bum Nưa
Tỉnh Lai Châu,Huyện Mường Tè,Xã Bum Tở,Tỉnh Lai Châu,Xã Bum Tở
Tỉnh Lai Châu,Huyện Mường Tè,Xã Ka Lăng,Tỉnh Lai Châu,Xã Thu Lũm
Tỉnh Lai Châu,Huyện Mường Tè,Xã Mường Tè,Tỉnh Lai Châu,Xã Mường Tè
Tỉnh Lai Châu,Huyện Mường Tè,Xã Nậm Khao,Tỉnh Lai Châu,Xã Mường Tè
Tỉnh Lai Châu,Huyện Mường Tè,Xã Pa ủ,Tỉnh Lai Châu,Xã Pa Ủ
Tỉnh Lai Châu,Huyện Mường Tè,Xã Thu Lũm,Tỉnh Lai Châu,Xã Thu Lũm
Tỉnh Lai Châu,Huyện Mường Tè,Xã Tá Bạ,Tỉnh Lai Châu,Xã Pa Ủ
Tỉnh Lai Châu,Huyện Mường Tè,Xã Vàng San,Tỉnh Lai Châu,Xã Hua Bum
Tỉnh Lai Châu,Huyện Nậm Nhùn,Thị trấn Nậm Nhùn,Tỉnh Lai Châu,Xã Nậm Hàng
Tỉnh Lai Châu,Huyện Nậm Nhùn,Xã Lê Lợi,Tỉnh Lai Châu,Xã Lê Lợi
Tỉnh Lai Châu,Huyện Nậm Nhùn,Xã Mường Mô,Tỉnh Lai Châu,Xã Mường Mô
Tỉnh Lai Châu,Huyện Nậm Nhùn,Xã Nậm Ban,Tỉnh Lai Châu,Xã Pa Tần
Tỉnh Lai Châu,Huyện Nậm Nhùn,Xã Nậm Chà,Tỉnh Lai Châu,Xã Mường Mô
Tỉnh Lai Châu,Huyện Nậm Nhùn,Xã Nậm Hàng,Tỉnh Lai Châu,Xã Nậm Hàng
Tỉnh Lai Châu,Huyện Nậm Nhùn,Xã Nậm Manh,Tỉnh Lai Châu,Xã Nậm Hàng
Tỉnh Lai Châu,Huyện Nậm Nhùn,Xã Nậm Pì,Tỉnh Lai Châu,Xã Lê Lợi
Tỉnh Lai Châu,Huyện Nậm Nhùn,Xã Pú Đao,Tỉnh Lai Châu,Xã Lê Lợi
Tỉnh Lai Châu,Huyện Nậm Nhùn,Xã Trung Chải,Tỉnh Lai Châu,Xã Pa Tần
Tỉnh Lai Châu,Huyện Phong Thổ,Thị trấn Phong Thổ,Tỉnh Lai Châu,Xã Phong Thổ
Tỉnh Lai Châu,Huyện Phong Thổ,Xã Bản Lang,Tỉnh Lai Châu,Xã Khổng Lào
Tỉnh Lai Châu,Huyện Phong Thổ,Xã Dào San,Tỉnh Lai Châu,Xã Dào San
Tỉnh Lai Châu,Huyện Phong Thổ,Xã Hoang Thèn,Tỉnh Lai Châu,Xã Khổng Lào
Tỉnh Lai Châu,Huyện Phong Thổ,Xã Huổi Luông,Tỉnh Lai Châu,Xã Phong Thổ
Tỉnh Lai Châu,Huyện Phong Thổ,Xã Khổng Lào,Tỉnh Lai Châu,Xã Khổng Lào
Tỉnh Lai Châu,Huyện Phong Thổ,Xã Mù Sang,Tỉnh Lai Châu,Xã Dào San
Tỉnh Lai Châu,Huyện Phong Thổ,Xã Mường So,Tỉnh Lai Châu,Xã Phong Thổ
Tỉnh Lai Châu,Huyện Phong Thổ,Xã Mồ Sì San,Tỉnh Lai Châu,Xã Sì Lở Lầu
Tỉnh Lai Châu,Huyện Phong Thổ,Xã Nậm Xe,Tỉnh Lai Châu,Xã Sin Suối Hồ
Tỉnh Lai Châu,Huyện Phong Thổ,Xã Pa Vây Sử,Tỉnh Lai Châu,Xã Sì Lở Lầu
Tỉnh Lai Châu,Huyện Phong Thổ,Xã Sin Suối Hồ,Tỉnh Lai Châu,Xã Sin Suối Hồ
Tỉnh Lai Châu,Huyện Phong Thổ,Xã Sì Lở Lầu,Tỉnh Lai Châu,Xã Sì Lở Lầu
Tỉnh Lai Châu,Huyện Phong Thổ,Xã Vàng Ma Chải,Tỉnh Lai Châu,Xã Sì Lở Lầu
Tỉnh Lai Châu,Huyện Sìn Hồ,Thị trấn Sìn Hồ,Tỉnh Lai Châu,Xã Sìn Hồ
Tỉnh Lai Châu,Huyện Sìn Hồ,Xã Chăn Nưa,Tỉnh Lai Châu,Xã Lê Lợi
Tỉnh Lai Châu,Huyện Sìn Hồ,Xã Căn Co,Tỉnh Lai Châu,Xã Nậm Mạ
Tỉnh Lai Châu,Huyện Sìn Hồ,Xã Hồng Thu,Tỉnh Lai Châu,Xã Hồng Thu
Tỉnh Lai Châu,Huyện Sìn Hồ,Xã Làng Mô,Tỉnh Lai Châu,Xã Tủa Sín Chải
Tỉnh Lai Châu,Huyện Sìn Hồ,Xã Lùng Thàng,Tỉnh Lai Châu,Xã Nậm Tăm
Tỉnh Lai Châu,Huyện Sìn Hồ,Xã Ma Quai,Tỉnh Lai Châu,Xã Hồng Thu
Tỉnh Lai Châu,Huyện Sìn Hồ,Xã Noong Hẻo,Tỉnh Lai Châu,Xã Pu Sam Cáp
Tỉnh Lai Châu,Huyện Sìn Hồ,Xã Nậm Cha,Tỉnh Lai Châu,Xã Nậm Tăm
Tỉnh Lai Châu,Huyện Sìn Hồ,Xã Nậm Cuổi,Tỉnh Lai Châu,Xã Nậm Cuổi
Tỉnh Lai Châu,Huyện Sìn Hồ,Xã Nậm Hăn,Tỉnh Lai Châu,Xã Nậm Cuổi
Tỉnh Lai Châu,Huyện Sìn Hồ,Xã Nậm Mạ,Tỉnh Lai Châu,Xã Nậm Mạ
Tỉnh Lai Châu,Huyện Sìn Hồ,Xã Nậm Tăm,Tỉnh Lai Châu,Xã Nậm Tăm
Tỉnh Lai Châu,Huyện Sìn Hồ,Xã Pa Khoá,Tỉnh Lai Châu,Xã Pu Sam Cáp
Tỉnh Lai Châu,Huyện Sìn Hồ,Xã Pa Tần,Tỉnh Lai Châu,Xã Pa Tần
Tỉnh Lai Châu,Huyện Sìn Hồ,Xã Phìn Hồ,Tỉnh Lai Châu,Xã Hồng Thu
Tỉnh Lai Châu,Huyện Sìn Hồ,Xã Phăng Sô Lin,Tỉnh Lai Châu,Xã Sìn Hồ
Tỉnh Lai Châu,Huyện Sìn Hồ,Xã Pu Sam Cáp,Tỉnh Lai Châu,Xã Pu Sam Cáp
Tỉnh Lai Châu,Huyện Sìn Hồ,Xã Sà Dề Phìn,Tỉnh Lai Châu,Xã Sìn Hồ
Tỉnh Lai Châu,Huyện Sìn Hồ,Xã Tả Ngảo,Tỉnh Lai Châu,Xã Tủa Sín Chải
Tỉnh Lai Châu,Huyện Sìn Hồ,Xã Tả Phìn,Tỉnh Lai Châu,Xã Sìn Hồ
Tỉnh Lai Châu,Huyện Sìn Hồ,Xã Tủa Sín Chải,Tỉnh Lai Châu,Xã Tủa Sín Chải
Tỉnh Lai Châu,Huyện Tam Đường,Thị trấn Tam Đường,Tỉnh Lai Châu,Xã Bình Lư
Tỉnh Lai Châu,Huyện Tam Đường,Xã Bình Lư,Tỉnh Lai Châu,Xã Bình Lư
Tỉnh Lai Châu,Huyện Tam Đường,Xã Bản Bo,Tỉnh Lai Châu,Xã Bản Bo
Tỉnh Lai Châu,Huyện Tam Đường,Xã Bản Giang,Tỉnh Lai Châu,Phường Tân Phong
Tỉnh Lai Châu,Huyện Tam Đường,Xã Bản Hon,Tỉnh Lai Châu,Xã Khun Há
Tỉnh Lai Châu,Huyện Tam Đường,Xã Giang Ma,Tỉnh Lai Châu,Xã Tả Lèng
Tỉnh Lai Châu,Huyện Tam Đường,Xã Hồ Thầu,Tỉnh Lai Châu,Xã Tả Lèng
Tỉnh Lai Châu,Huyện Tam Đường,Xã Khun Há,Tỉnh Lai Châu,Xã Khun Há
Tỉnh Lai Châu,Huyện Tam Đường,Xã Nà Tăm,Tỉnh Lai Châu,Xã Bản Bo
Tỉnh Lai Châu,Huyện Tam Đường,Xã Nùng Nàng,Tỉnh Lai Châu,Phường Tân Phong
Tỉnh Lai Châu,Huyện Tam Đường,Xã Sơn Bình,Tỉnh Lai Châu,Xã Bình Lư
Tỉnh Lai Châu,Huyện Tam Đường,Xã Thèn Sin,Tỉnh Lai Châu,Xã Sin Suối Hồ
Tỉnh Lai Châu,Huyện Tam Đường,Xã Tả Lèng,Tỉnh Lai Châu,Xã Tả Lèng
Tỉnh Lai Châu,Huyện Than Uyên,Thị trấn Than Uyên,Tỉnh Lai Châu,Xã Than Uyên
Tỉnh Lai Châu,Huyện Than Uyên,Xã Hua Nà,Tỉnh Lai Châu,Xã Than Uyên
Tỉnh Lai Châu,Huyện Than Uyên,Xã Khoen On,Tỉnh Lai Châu,Xã Khoen On
Tỉnh Lai Châu,Huyện Than Uyên,Xã Mường Cang,Tỉnh Lai Châu,Xã Than Uyên
Tỉnh Lai Châu,Huyện Than Uyên,Xã Mường Kim,Tỉnh Lai Châu,Xã Mường Kim
Tỉnh Lai Châu,Huyện Than Uyên,Xã Mường Mít,Tỉnh Lai Châu,Xã Mường Than
Tỉnh Lai Châu,Huyện Than Uyên,Xã Mường Than,Tỉnh Lai Châu,Xã Than Uyên
Tỉnh Lai Châu,Huyện Than Uyên,Xã Pha Mu,Tỉnh Lai Châu,Xã Mường Kim
Tỉnh Lai Châu,Huyện Than Uyên,Xã Phúc Than,Tỉnh Lai Châu,Xã Mường Than
Tỉnh Lai Châu,Huyện Than Uyên,Xã Tà Hừa,Tỉnh Lai Châu,Xã Mường Kim
Tỉnh Lai Châu,Huyện Than Uyên,Xã Tà Mung,Tỉnh Lai Châu,Xã Mường Kim
Tỉnh Lai Châu,Huyện Tân Uyên,Thị trấn Tân Uyên,Tỉnh Lai Châu,Xã Tân Uyên
Tỉnh Lai Châu,Huyện Tân Uyên,Xã Hố Mít,Tỉnh Lai Châu,Xã Pắc Ta
Tỉnh Lai Châu,Huyện Tân Uyên,Xã Mường Khoa,Tỉnh Lai Châu,Xã Mường Khoa
Tỉnh Lai Châu,Huyện Tân Uyên,Xã Nậm Cần,Tỉnh Lai Châu,Xã Tân Uyên
Tỉnh Lai Châu,Huyện Tân Uyên,Xã Nậm Sỏ,Tỉnh Lai Châu,Xã Nậm Sỏ
Tỉnh Lai Châu,Huyện Tân Uyên,Xã Phúc Khoa,Tỉnh Lai Châu,Xã Mường Khoa
Tỉnh Lai Châu,Huyện Tân Uyên,Xã Pắc Ta,Tỉnh Lai Châu,Xã Pắc Ta
Tỉnh Lai Châu,Huyện Tân Uyên,Xã Thân Thuộc,Tỉnh Lai Châu,Xã Tân Uyên
Tỉnh Lai Châu,Huyện Tân Uyên,Xã Trung Đồng,Tỉnh Lai Châu,Xã Tân Uyên
Tỉnh Lai Châu,Huyện Tân Uyên,Xã Tà Mít,Tỉnh Lai Châu,Xã Nậm Sỏ
Tỉnh Lai Châu,Thành phố Lai Châu,Phường Quyết Thắng,Tỉnh Lai Châu,Phường Đoàn Kết
Tỉnh Lai Châu,Thành phố Lai Châu,Phường Quyết Tiến,Tỉnh Lai Châu,Phường Đoàn Kết
Tỉnh Lai Châu,Thành phố Lai Châu,Phường Tân Phong,Tỉnh Lai Châu,Phường Tân Phong
Tỉnh Lai Châu,Thành phố Lai Châu,Phường Đoàn Kết,Tỉnh Lai Châu,Phường Đoàn Kết
Tỉnh Lai Châu,Thành phố Lai Châu,Phường Đông Phong,Tỉnh Lai Châu,Phường Tân Phong
Tỉnh Lai Châu,Thành phố Lai Châu,Xã San Thàng,Tỉnh Lai Châu,Phường Tân Phong
Tỉnh Lai Châu,Thành phố Lai Châu,Xã Sùng Phài,Tỉnh Lai Châu,Phường Đoàn Kết
Tỉnh Long An,Huyện Bến Lức,Thị trấn Bến Lức,Tỉnh Tây Ninh,Xã Bến Lức
Tỉnh Long An,Huyện Bến Lức,Xã An Thạnh,Tỉnh Tây Ninh,Xã Bến Lức
Tỉnh Long An,Huyện Bến Lức,Xã Bình Đức,Tỉnh Tây Ninh,Xã Bình Đức
Tỉnh Long An,Huyện Bến Lức,Xã Long Hiệp,Tỉnh Tây Ninh,Xã Mỹ Yên
Tỉnh Long An,Huyện Bến Lức,Xã Lương Bình,Tỉnh Tây Ninh,Xã Thạnh Lợi
Tỉnh Long An,Huyện Bến Lức,Xã Lương Hòa,Tỉnh Tây Ninh,Xã Lương Hoà
Tỉnh Long An,Huyện Bến Lức,Xã Mỹ Yên,Tỉnh Tây Ninh,Xã Mỹ Yên
Tỉnh Long An,Huyện Bến Lức,Xã Nhựt Chánh,Tỉnh Tây Ninh,Xã Bình Đức
Tỉnh Long An,Huyện Bến Lức,Xã Phước Lợi,Tỉnh Tây Ninh,Xã Mỹ Yên
Tỉnh Long An,Huyện Bến Lức,Xã Thanh Phú,Tỉnh Tây Ninh,Xã Bến Lức
Tỉnh Long An,Huyện Bến Lức,Xã Thạnh Hòa,Tỉnh Tây Ninh,Xã Thạnh Lợi
Tỉnh Long An,Huyện Bến Lức,Xã Thạnh Lợi,Tỉnh Tây Ninh,Xã Thạnh Lợi
Tỉnh Long An,Huyện Bến Lức,Xã Thạnh Đức,Tỉnh Tây Ninh,Xã Bình Đức
Tỉnh Long An,Huyện Bến Lức,Xã Tân Bửu,Tỉnh Tây Ninh,Xã Lương Hoà
Tỉnh Long An,Huyện Châu Thành,Thị trấn Tầm Vu,Tỉnh Tây Ninh,Xã Tầm Vu
Tỉnh Long An,Huyện Châu Thành,Xã An Lục Long,Tỉnh Tây Ninh,Xã An Lục Long
Tỉnh Long An,Huyện Châu Thành,Xã Bình Quới,Tỉnh Tây Ninh,Xã Vĩnh Công
Tỉnh Long An,Huyện Châu Thành,Xã Dương Xuân Hội,Tỉnh Tây Ninh,Xã An Lục Long
Tỉnh Long An,Huyện Châu Thành,Xã Hiệp Thạnh,Tỉnh Tây Ninh,Xã Tầm Vu
Tỉnh Long An,Huyện Châu Thành,Xã Hòa Phú,Tỉnh Tây Ninh,Xã Vĩnh Công
Tỉnh Long An,Huyện Châu Thành,Xã Long Trì,Tỉnh Tây Ninh,Xã An Lục Long
Tỉnh Long An,Huyện Châu Thành,Xã Phú Ngãi Trị,Tỉnh Tây Ninh,Xã Tầm Vu
Tỉnh Long An,Huyện Châu Thành,Xã Phước Tân Hưng,Tỉnh Tây Ninh,Xã Tầm Vu
Tỉnh Long An,Huyện Châu Thành,Xã Thanh Phú Long,Tỉnh Tây Ninh,Xã Thuận Mỹ
Tỉnh Long An,Huyện Châu Thành,Xã Thanh Vĩnh Đông,Tỉnh Tây Ninh,Xã Thuận Mỹ
Tỉnh Long An,Huyện Châu Thành,Xã Thuận Mỹ,Tỉnh Tây Ninh,Xã Thuận Mỹ
Tỉnh Long An,Huyện Châu Thành,Xã Vĩnh Công,Tỉnh Tây Ninh,Xã Vĩnh Công
Tỉnh Long An,Huyện Cần Giuộc,Thị trấn Cần Giuộc,Tỉnh Tây Ninh,Xã Cần Giuộc
Tỉnh Long An,Huyện Cần Giuộc,Xã Long An,Tỉnh Tây Ninh,Xã Phước Vĩnh Tây
Tỉnh Long An,Huyện Cần Giuộc,Xã Long Hậu,Tỉnh Tây Ninh,Xã Cần Giuộc
Tỉnh Long An,Huyện Cần Giuộc,Xã Long Phụng,Tỉnh Tây Ninh,Xã Phước Vĩnh Tây
Tỉnh Long An,Huyện Cần Giuộc,Xã Long Thượng,Tỉnh Tây Ninh,Xã Phước Lý
Tỉnh Long An,Huyện Cần Giuộc,Xã Mỹ Lộc,Tỉnh Tây Ninh,Xã Mỹ Lộc
Tỉnh Long An,Huyện Cần Giuộc,Xã Phước Hậu,Tỉnh Tây Ninh,Xã Phước Lý
Tỉnh Long An,Huyện Cần Giuộc,Xã Phước Lâm,Tỉnh Tây Ninh,Xã Mỹ Lộc
Tỉnh Long An,Huyện Cần Giuộc,Xã Phước Lý,Tỉnh Tây Ninh,Xã Phước Lý
Tỉnh Long An,Huyện Cần Giuộc,Xã Phước Lại,Tỉnh Tây Ninh,Xã Cần Giuộc
Tỉnh Long An,Huyện Cần Giuộc,Xã Phước Vĩnh Tây,Tỉnh Tây Ninh,Xã Phước Vĩnh Tây
Tỉnh Long An,Huyện Cần Giuộc,Xã Phước Vĩnh Đông,Tỉnh Tây Ninh,Xã Tân Tập
Tỉnh Long An,Huyện Cần Giuộc,Xã Thuận Thành,Tỉnh Tây Ninh,Xã Mỹ Lộc
Tỉnh Long An,Huyện Cần Giuộc,Xã Tân Tập,Tỉnh Tây Ninh,Xã Tân Tập
Tỉnh Long An,Huyện Cần Giuộc,Xã Đông Thạnh,Tỉnh Tây Ninh,Xã Tân Tập
Tỉnh Long An,Huyện Cần Đước,Thị trấn Cần Đước,Tỉnh Tây Ninh,Xã Cần Đước
Tỉnh Long An,Huyện Cần Đước,Xã Long Cang,Tỉnh Tây Ninh,Xã Long Cang
Tỉnh Long An,Huyện Cần Đước,Xã Long Hòa,Tỉnh Tây Ninh,Xã Rạch Kiến
Tỉnh Long An,Huyện Cần Đước,Xã Long Hựu Tây,Tỉnh Tây Ninh,Xã Long Hựu
Tỉnh Long An,Huyện Cần Đước,Xã Long Hựu Đông,Tỉnh Tây Ninh,Xã Long Hựu
Tỉnh Long An,Huyện Cần Đước,Xã Long Khê,Tỉnh Tây Ninh,Xã Rạch Kiến
Tỉnh Long An,Huyện Cần Đước,Xã Long Sơn,Tỉnh Tây Ninh,Xã Mỹ Lệ
Tỉnh Long An,Huyện Cần Đước,Xã Long Trạch,Tỉnh Tây Ninh,Xã Rạch Kiến
Tỉnh Long An,Huyện Cần Đước,Xã Long Định,Tỉnh Tây Ninh,Xã Long Cang
Tỉnh Long An,Huyện Cần Đước,Xã Mỹ Lệ,Tỉnh Tây Ninh,Xã Mỹ Lệ
Tỉnh Long An,Huyện Cần Đước,Xã Phước Tuy,Tỉnh Tây Ninh,Xã Cần Đước
Tỉnh Long An,Huyện Cần Đước,Xã Phước Vân,Tỉnh Tây Ninh,Xã Long Cang
Tỉnh Long An,Huyện Cần Đước,Xã Phước Đông,Tỉnh Tây Ninh,Xã Tân Lân
Tỉnh Long An,Huyện Cần Đước,Xã Tân Chánh,Tỉnh Tây Ninh,Xã Cần Đước
Tỉnh Long An,Huyện Cần Đước,Xã Tân Lân,Tỉnh Tây Ninh,Xã Tân Lân
Tỉnh Long An,Huyện Cần Đước,Xã Tân Trạch,Tỉnh Tây Ninh,Xã Mỹ Lệ
Tỉnh Long An,Huyện Cần Đước,Xã Tân Ân,Tỉnh Tây Ninh,Xã Cần Đước
Tỉnh Long An,Huyện Mộc Hóa,Thị trấn Bình Phong Thạnh,Tỉnh Tây Ninh,Xã Mộc Hoá
Tỉnh Long An,Huyện Mộc Hóa,Xã Bình Hòa Trung,Tỉnh Tây Ninh,Xã Bình Hoà
Tỉnh Long An,Huyện Mộc Hóa,Xã Bình Hòa Tây,Tỉnh Tây Ninh,Xã Bình Hiệp
Tỉnh Long An,Huyện Mộc Hóa,Xã Bình Hòa Đông,Tỉnh Tây Ninh,Xã Bình Hoà
Tỉnh Long An,Huyện Mộc Hóa,Xã Bình Thạnh,Tỉnh Tây Ninh,Xã Bình Hoà
Tỉnh Long An,Huyện Mộc Hóa,Xã Tân Lập,Tỉnh Tây Ninh,Xã Mộc Hoá
Tỉnh Long An,Huyện Thạnh Hóa,Thị trấn Thạnh Hóa,Tỉnh Tây Ninh,Xã Thạnh Hoá
Tỉnh Long An,Huyện Thạnh Hóa,Xã Thuận Bình,Tỉnh Tây Ninh,Xã Bình Thành
Tỉnh Long An,Huyện Thạnh Hóa,Xã Thuận Nghĩa Hòa,Tỉnh Tây Ninh,Xã Thạnh Phước
Tỉnh Long An,Huyện Thạnh Hóa,Xã Thạnh An,Tỉnh Tây Ninh,Xã Thạnh Hoá
Tỉnh Long An,Huyện Thạnh Hóa,Xã Thạnh Phú,Tỉnh Tây Ninh,Xã Thạnh Phước
Tỉnh Long An,Huyện Thạnh Hóa,Xã Thạnh Phước,Tỉnh Tây Ninh,Xã Thạnh Phước
Tỉnh Long An,Huyện Thạnh Hóa,Xã Thủy Tây,Tỉnh Tây Ninh,Xã Thạnh Hoá
Tỉnh Long An,Huyện Thạnh Hóa,Xã Thủy Đông,Tỉnh Tây Ninh,Xã Tân Tây
Tỉnh Long An,Huyện Thạnh Hóa,Xã Tân Hiệp,Tỉnh Tây Ninh,Xã Bình Thành
Tỉnh Long An,Huyện Thạnh Hóa,Xã Tân Tây,Tỉnh Tây Ninh,Xã Tân Tây
Tỉnh Long An,Huyện Thạnh Hóa,Xã Tân Đông,Tỉnh Tây Ninh,Xã Tân Tây
Tỉnh Long An,Huyện Thủ Thừa,Thị trấn Thủ Thừa,Tỉnh Tây Ninh,Xã Thủ Thừa
Tỉnh Long An,Huyện Thủ Thừa,Xã Bình An,Tỉnh Tây Ninh,Xã Mỹ Thạnh
Tỉnh Long An,Huyện Thủ Thừa,Xã Bình Thạnh,Tỉnh Tây Ninh,Phường Long An
Tỉnh Long An,Huyện Thủ Thừa,Xã Long Thuận,Tỉnh Tây Ninh,Xã Tân Long
Tỉnh Long An,Huyện Thủ Thừa,Xã Long Thạnh,Tỉnh Tây Ninh,Xã Tân Long
Tỉnh Long An,Huyện Thủ Thừa,Xã Mỹ An,Tỉnh Tây Ninh,Xã Mỹ An
Tỉnh Long An,Huyện Thủ Thừa,Xã Mỹ Lạc,Tỉnh Tây Ninh,Xã Mỹ Thạnh
Tỉnh Long An,Huyện Thủ Thừa,Xã Mỹ Phú,Tỉnh Tây Ninh,Xã Mỹ An
Tỉnh Long An,Huyện Thủ Thừa,Xã Mỹ Thạnh,Tỉnh Tây Ninh,Xã Mỹ Thạnh
Tỉnh Long An,Huyện Thủ Thừa,Xã Nhị Thành,Tỉnh Tây Ninh,Xã Nhựt Tảo
Tỉnh Long An,Huyện Thủ Thừa,Xã Nhị Thành,Tỉnh Tây Ninh,Xã Thủ Thừa
Tỉnh Long An,Huyện Thủ Thừa,Xã Tân Long,Tỉnh Tây Ninh,Xã Tân Long
Tỉnh Long An,Huyện Thủ Thừa,Xã Tân Thành,Tỉnh Tây Ninh,Xã Mỹ Thạnh
Tỉnh Long An,Huyện Thủ Thừa,Xã Tân Thành,Tỉnh Tây Ninh,Xã Thủ Thừa
Tỉnh Long An,Huyện Tân Hưng,Thị trấn Tân Hưng,Tỉnh Tây Ninh,Xã Tân Hưng
Tỉnh Long An,Huyện Tân Hưng,Xã Hưng Hà,Tỉnh Tây Ninh,Xã Hưng Điền
Tỉnh Long An,Huyện Tân Hưng,Xã Hưng Thạnh,Tỉnh Tây Ninh,Xã Vĩnh Thạnh
Tỉnh Long An,Huyện Tân Hưng,Xã Hưng Điền,Tỉnh Tây Ninh,Xã Hưng Điền
Tỉnh Long An,Huyện Tân Hưng,Xã Hưng Điền B,Tỉnh Tây Ninh,Xã Hưng Điền
Tỉnh Long An,Huyện Tân Hưng,Xã Thạnh Hưng,Tỉnh Tây Ninh,Xã Vĩnh Thạnh
Tỉnh Long An,Huyện Tân Hưng,Xã Vĩnh Bửu,Tỉnh Tây Ninh,Xã Vĩnh Châu
Tỉnh Long An,Huyện Tân Hưng,Xã Vĩnh Châu A,Tỉnh Tây Ninh,Xã Vĩnh Châu
Tỉnh Long An,Huyện Tân Hưng,Xã Vĩnh Châu B,Tỉnh Tây Ninh,Xã Vĩnh Thạnh
Tỉnh Long An,Huyện Tân Hưng,Xã Vĩnh Lợi,Tỉnh Tây Ninh,Xã Tân Hưng
Tỉnh Long An,Huyện Tân Hưng,Xã Vĩnh Thạnh,Tỉnh Tây Ninh,Xã Tân Hưng
Tỉnh Long An,Huyện Tân Hưng,Xã Vĩnh Đại,Tỉnh Tây Ninh,Xã Vĩnh Châu
Tỉnh Long An,Huyện Tân Thạnh,Thị trấn Tân Thạnh,Tỉnh Tây Ninh,Xã Tân Thạnh
Tỉnh Long An,Huyện Tân Thạnh,Xã Bắc Hòa,Tỉnh Tây Ninh,Xã Hậu Thạnh
Tỉnh Long An,Huyện Tân Thạnh,Xã Bắc Hòa,Tỉnh Tây Ninh,Xã Tuyên Thạnh
Tỉnh Long An,Huyện Tân Thạnh,Xã Hậu Thạnh Tây,Tỉnh Tây Ninh,Xã Hậu Thạnh
Tỉnh Long An,Huyện Tân Thạnh,Xã Hậu Thạnh Đông,Tỉnh Tây Ninh,Xã Hậu Thạnh
Tỉnh Long An,Huyện Tân Thạnh,Xã Kiến Bình,Tỉnh Tây Ninh,Xã Tân Thạnh
Tỉnh Long An,Huyện Tân Thạnh,Xã Nhơn Hoà,Tỉnh Tây Ninh,Xã Nhơn Hoà Lập
Tỉnh Long An,Huyện Tân Thạnh,Xã Nhơn Hòa Lập,Tỉnh Tây Ninh,Xã Nhơn Hoà Lập
Tỉnh Long An,Huyện Tân Thạnh,Xã Nhơn Ninh,Tỉnh Tây Ninh,Xã Nhơn Ninh
Tỉnh Long An,Huyện Tân Thạnh,Xã Tân Hòa,Tỉnh Tây Ninh,Xã Tân Thạnh
Tỉnh Long An,Huyện Tân Thạnh,Xã Tân Lập,Tỉnh Tây Ninh,Xã Nhơn Hoà Lập
Tỉnh Long An,Huyện Tân Thạnh,Xã Tân Ninh,Tỉnh Tây Ninh,Xã Nhơn Ninh
Tỉnh Long An,Huyện Tân Thạnh,Xã Tân Thành,Tỉnh Tây Ninh,Xã Nhơn Ninh
Tỉnh Long An,Huyện Tân Trụ,Thị trấn Tân Trụ,Tỉnh Tây Ninh,Xã Tân Trụ
Tỉnh Long An,Huyện Tân Trụ,Xã Bình Lãng,Tỉnh Tây Ninh,Xã Tân Trụ
Tỉnh Long An,Huyện Tân Trụ,Xã Bình Trinh Đông,Tỉnh Tây Ninh,Xã Tân Trụ
Tỉnh Long An,Huyện Tân Trụ,Xã Bình Tịnh,Tỉnh Tây Ninh,Xã Tân Trụ
Tỉnh Long An,Huyện Tân Trụ,Xã Lạc Tấn,Tỉnh Tây Ninh,Xã Nhựt Tảo
Tỉnh Long An,Huyện Tân Trụ,Xã Nhựt Ninh,Tỉnh Tây Ninh,Xã Vàm Cỏ
Tỉnh Long An,Huyện Tân Trụ,Xã Quê Mỹ Thạnh,Tỉnh Tây Ninh,Xã Nhựt Tảo
Tỉnh Long An,Huyện Tân Trụ,Xã Tân Bình,Tỉnh Tây Ninh,Xã Nhựt Tảo
Tỉnh Long An,Huyện Tân Trụ,Xã Tân Phước Tây,Tỉnh Tây Ninh,Xã Vàm Cỏ
Tỉnh Long An,Huyện Tân Trụ,Xã Đức Tân,Tỉnh Tây Ninh,Xã Vàm Cỏ
Tỉnh Long An,Huyện Vĩnh Hưng,Thị trấn Vĩnh Hưng,Tỉnh Tây Ninh,Xã Vĩnh Hưng
Tỉnh Long An,Huyện Vĩnh Hưng,Xã Hưng Điền A,Tỉnh Tây Ninh,Xã Khánh Hưng
Tỉnh Long An,Huyện Vĩnh Hưng,Xã Khánh Hưng,Tỉnh Tây Ninh,Xã Khánh Hưng
Tỉnh Long An,Huyện Vĩnh Hưng,Xã Khánh Hưng,Tỉnh Tây Ninh,Xã Vĩnh Hưng
Tỉnh Long An,Huyện Vĩnh Hưng,Xã Thái Bình Trung,Tỉnh Tây Ninh,Xã Khánh Hưng
Tỉnh Long An,Huyện Vĩnh Hưng,Xã Thái Bình Trung,Tỉnh Tây Ninh,Xã Tuyên Bình
Tỉnh Long An,Huyện Vĩnh Hưng,Xã Thái Bình Trung,Tỉnh Tây Ninh,Xã Vĩnh Hưng
Tỉnh Long An,Huyện Vĩnh Hưng,Xã Thái Trị,Tỉnh Tây Ninh,Xã Khánh Hưng
Tỉnh Long An,Huyện Vĩnh Hưng,Xã Thái Trị,Tỉnh Tây Ninh,Xã Vĩnh Hưng
Tỉnh Long An,Huyện Vĩnh Hưng,Xã Tuyên Bình,Tỉnh Tây Ninh,Xã Tuyên Bình
Tỉnh Long An,Huyện Vĩnh Hưng,Xã Tuyên Bình Tây,Tỉnh Tây Ninh,Xã Tuyên Bình
Tỉnh Long An,Huyện Vĩnh Hưng,Xã Vĩnh Bình,Tỉnh Tây Ninh,Xã Tuyên Bình
Tỉnh Long An,Huyện Vĩnh Hưng,Xã Vĩnh Bình,Tỉnh Tây Ninh,Xã Vĩnh Hưng
Tỉnh Long An,Huyện Vĩnh Hưng,Xã Vĩnh Thuận,Tỉnh Tây Ninh,Xã Tuyên Bình
Tỉnh Long An,Huyện Vĩnh Hưng,Xã Vĩnh Thuận,Tỉnh Tây Ninh,Xã Vĩnh Hưng
Tỉnh Long An,Huyện Vĩnh Hưng,Xã Vĩnh Trị,Tỉnh Tây Ninh,Xã Khánh Hưng
Tỉnh Long An,Huyện Vĩnh Hưng,Xã Vĩnh Trị,Tỉnh Tây Ninh,Xã Vĩnh Hưng
Tỉnh Long An,Huyện Đức Huệ,Thị trấn Đông Thành,Tỉnh Tây Ninh,Xã Đông Thành
Tỉnh Long An,Huyện Đức Huệ,Xã Bình Hòa Bắc,Tỉnh Tây Ninh,Xã Đức Huệ
Tỉnh Long An,Huyện Đức Huệ,Xã Bình Hòa Hưng,Tỉnh Tây Ninh,Xã Bình Thành
Tỉnh Long An,Huyện Đức Huệ,Xã Bình Hòa Nam,Tỉnh Tây Ninh,Xã Đức Huệ
Tỉnh Long An,Huyện Đức Huệ,Xã Bình Thành,Tỉnh Tây Ninh,Xã Đức Huệ
Tỉnh Long An,Huyện Đức Huệ,Xã Mỹ Bình,Tỉnh Tây Ninh,Xã Đông Thành
Tỉnh Long An,Huyện Đức Huệ,Xã Mỹ Quý Tây,Tỉnh Tây Ninh,Xã Mỹ Quý
Tỉnh Long An,Huyện Đức Huệ,Xã Mỹ Quý Đông,Tỉnh Tây Ninh,Xã Mỹ Quý
Tỉnh Long An,Huyện Đức Huệ,Xã Mỹ Thạnh Bắc,Tỉnh Tây Ninh,Xã Mỹ Quý
Tỉnh Long An,Huyện Đức Huệ,Xã Mỹ Thạnh Tây,Tỉnh Tây Ninh,Xã Đông Thành
Tỉnh Long An,Huyện Đức Huệ,Xã Mỹ Thạnh Đông,Tỉnh Tây Ninh,Xã Đông Thành
Tỉnh Long An,Huyện Đức Hòa,Thị trấn Hiệp Hòa,Tỉnh Tây Ninh,Xã Hiệp Hoà
Tỉnh Long An,Huyện Đức Hòa,Thị trấn Hậu Nghĩa,Tỉnh Tây Ninh,Xã Hậu Nghĩa
Tỉnh Long An,Huyện Đức Hòa,Thị trấn Đức Hòa,Tỉnh Tây Ninh,Xã Đức Hoà
Tỉnh Long An,Huyện Đức Hòa,Xã An Ninh Tây,Tỉnh Tây Ninh,Xã An Ninh
Tỉnh Long An,Huyện Đức Hòa,Xã An Ninh Đông,Tỉnh Tây Ninh,Xã An Ninh
Tỉnh Long An,Huyện Đức Hòa,Xã Hiệp Hòa,Tỉnh Tây Ninh,Xã Hiệp Hoà
Tỉnh Long An,Huyện Đức Hòa,Xã Hòa Khánh Nam,Tỉnh Tây Ninh,Xã Hoà Khánh
Tỉnh Long An,Huyện Đức Hòa,Xã Hòa Khánh Tây,Tỉnh Tây Ninh,Xã Hoà Khánh
Tỉnh Long An,Huyện Đức Hòa,Xã Hòa Khánh Đông,Tỉnh Tây Ninh,Xã Hoà Khánh
Tỉnh Long An,Huyện Đức Hòa,Xã Hựu Thạnh,Tỉnh Tây Ninh,Xã Đức Hoà
Tỉnh Long An,Huyện Đức Hòa,Xã Lộc Giang,Tỉnh Tây Ninh,Xã An Ninh
Tỉnh Long An,Huyện Đức Hòa,Xã Mỹ Hạnh Bắc,Tỉnh Tây Ninh,Xã Đức Lập
Tỉnh Long An,Huyện Đức Hòa,Xã Mỹ Hạnh Nam,Tỉnh Tây Ninh,Xã Mỹ Hạnh
Tỉnh Long An,Huyện Đức Hòa,Xã Tân Mỹ,Tỉnh Tây Ninh,Xã Hậu Nghĩa
Tỉnh Long An,Huyện Đức Hòa,Xã Tân Phú,Tỉnh Tây Ninh,Xã Hiệp Hoà
Tỉnh Long An,Huyện Đức Hòa,Xã Đức Hòa Hạ,Tỉnh Tây Ninh,Xã Đức Hoà
Tỉnh Long An,Huyện Đức Hòa,Xã Đức Hòa Thượng,Tỉnh Tây Ninh,Xã Mỹ Hạnh
Tỉnh Long An,Huyện Đức Hòa,Xã Đức Hòa Thượng,Tỉnh Tây Ninh,Xã Đức Lập
Tỉnh Long An,Huyện Đức Hòa,Xã Đức Hòa Đông,Tỉnh Tây Ninh,Xã Mỹ Hạnh
Tỉnh Long An,Huyện Đức Hòa,Xã Đức Lập Hạ,Tỉnh Tây Ninh,Xã Đức Lập
Tỉnh Long An,Huyện Đức Hòa,Xã Đức Lập Thượng,Tỉnh Tây Ninh,Xã Hậu Nghĩa
Tỉnh Long An,Thành phố Tân An,Phường 1,Tỉnh Tây Ninh,Phường Long An
Tỉnh Long An,Thành phố Tân An,Phường 3,Tỉnh Tây Ninh,Phường Long An
Tỉnh Long An,Thành phố Tân An,Phường 5,Tỉnh Tây Ninh,Phường Long An
Tỉnh Long An,Thành phố Tân An,Phường 6,Tỉnh Tây Ninh,Phường Long An
Tỉnh Long An,Thành phố Tân An,Phường 7,Tỉnh Tây Ninh,Phường Tân An
Tỉnh Long An,Thành phố Tân An,Phường Khánh Hậu,Tỉnh Tây Ninh,Phường Khánh Hậu
Tỉnh Long An,Thành phố Tân An,Phường Tân Khánh,Tỉnh Tây Ninh,Phường Khánh Hậu
Tỉnh Long An,Thành phố Tân An,Xã An Vĩnh Ngãi,Tỉnh Tây Ninh,Phường Tân An
Tỉnh Long An,Thành phố Tân An,Xã Bình Tâm,Tỉnh Tây Ninh,Phường Tân An
Tỉnh Long An,Thành phố Tân An,Xã Hướng Thọ Phú,Tỉnh Tây Ninh,Phường Long An
Tỉnh Long An,Thành phố Tân An,Xã Lợi Bình Nhơn,Tỉnh Tây Ninh,Phường Khánh Hậu
Tỉnh Long An,Thành phố Tân An,Xã Nhơn Thạnh Trung,Tỉnh Tây Ninh,Phường Tân An
Tỉnh Long An,Thị xã Kiến Tường,Phường 3,Tỉnh Tây Ninh,Phường Kiến Tường
Tỉnh Long An,Thị xã Kiến Tường,Xã Bình Hiệp,Tỉnh Tây Ninh,Xã Bình Hiệp
Tỉnh Long An,Thị xã Kiến Tường,Xã Bình Tân,Tỉnh Tây Ninh,Xã Bình Hiệp
Tỉnh Long An,Thị xã Kiến Tường,Xã Thạnh Hưng,Tỉnh Tây Ninh,Xã Tuyên Thạnh
Tỉnh Long An,Thị xã Kiến Tường,Xã Thạnh Trị,Tỉnh Tây Ninh,Xã Bình Hiệp
Tỉnh Long An,Thị xã Kiến Tường,Xã Tuyên Thạnh,Tỉnh Tây Ninh,Xã Tuyên Thạnh
Tỉnh Lào Cai,Huyện Bát Xát,Thị trấn Bát Xát,Tỉnh Lào Cai,Xã Bát Xát
Tỉnh Lào Cai,Huyện Bát Xát,Xã A Lù,Tỉnh Lào Cai,Xã Y Tý
Tỉnh Lào Cai,Huyện Bát Xát,Xã A Mú Sung,Tỉnh Lào Cai,Xã A Mú Sung
Tỉnh Lào Cai,Huyện Bát Xát,Xã Bản Qua,Tỉnh Lào Cai,Xã Bát Xát
Tỉnh Lào Cai,Huyện Bát Xát,Xã Bản Vược,Tỉnh Lào Cai,Xã Bát Xát
Tỉnh Lào Cai,Huyện Bát Xát,Xã Bản Xèo,Tỉnh Lào Cai,Xã Bản Xèo
Tỉnh Lào Cai,Huyện Bát Xát,Xã Cốc Mỳ,Tỉnh Lào Cai,Xã Trịnh Tường
Tỉnh Lào Cai,Huyện Bát Xát,Xã Dền Sáng,Tỉnh Lào Cai,Xã Dền Sáng
Tỉnh Lào Cai,Huyện Bát Xát,Xã Dền Thàng,Tỉnh Lào Cai,Xã Dền Sáng
Tỉnh Lào Cai,Huyện Bát Xát,Xã Mường Hum,Tỉnh Lào Cai,Xã Mường Hum
Tỉnh Lào Cai,Huyện Bát Xát,Xã Mường Vi,Tỉnh Lào Cai,Xã Bản Xèo
Tỉnh Lào Cai,Huyện Bát Xát,Xã Nậm Chạc,Tỉnh Lào Cai,Xã A Mú Sung
Tỉnh Lào Cai,Huyện Bát Xát,Xã Nậm Pung,Tỉnh Lào Cai,Xã Mường Hum
Tỉnh Lào Cai,Huyện Bát Xát,Xã Pa Cheo,Tỉnh Lào Cai,Xã Bản Xèo
Tỉnh Lào Cai,Huyện Bát Xát,Xã Phìn Ngan,Tỉnh Lào Cai,Xã Bát Xát
Tỉnh Lào Cai,Huyện Bát Xát,Xã Quang Kim,Tỉnh Lào Cai,Xã Bát Xát
Tỉnh Lào Cai,Huyện Bát Xát,Xã Sàng Ma Sáo,Tỉnh Lào Cai,Xã Dền Sáng
Tỉnh Lào Cai,Huyện Bát Xát,Xã Trung Lèng Hồ,Tỉnh Lào Cai,Xã Mường Hum
Tỉnh Lào Cai,Huyện Bát Xát,Xã Trịnh Tường,Tỉnh Lào Cai,Xã Trịnh Tường
Tỉnh Lào Cai,Huyện Bát Xát,Xã Tòng Sành,Tỉnh Lào Cai,Xã Cốc San
Tỉnh Lào Cai,Huyện Bát Xát,Xã Y Tý,Tỉnh Lào Cai,Xã Y Tý
Tỉnh Lào Cai,Huyện Bảo Thắng,Thị trấn Phố Lu,Tỉnh Lào Cai,Xã Bảo Thắng
Tỉnh Lào Cai,Huyện Bảo Thắng,Thị trấn Tằng Loỏng,Tỉnh Lào Cai,Xã Tằng Loỏng
Tỉnh Lào Cai,Huyện Bảo Thắng,Xã Bản Cầm,Tỉnh Lào Cai,Xã Phong Hải
Tỉnh Lào Cai,Huyện Bảo Thắng,Xã Bản Phiệt,Tỉnh Lào Cai,Phường Lào Cai
Tỉnh Lào Cai,Huyện Bảo Thắng,Xã Gia Phú,Tỉnh Lào Cai,Xã Gia Phú
Tỉnh Lào Cai,Huyện Bảo Thắng,Xã Phong Niên,Tỉnh Lào Cai,Xã Xuân Quang
Tỉnh Lào Cai,Huyện Bảo Thắng,Xã Phú Nhuận,Tỉnh Lào Cai,Xã Tằng Loỏng
Tỉnh Lào Cai,Huyện Bảo Thắng,Xã Sơn Hà,Tỉnh Lào Cai,Xã Bảo Thắng
Tỉnh Lào Cai,Huyện Bảo Thắng,Xã Sơn Hải,Tỉnh Lào Cai,Xã Bảo Thắng
Tỉnh Lào Cai,Huyện Bảo Thắng,Xã Thái Niên,Tỉnh Lào Cai,Xã Bảo Thắng
Tỉnh Lào Cai,Huyện Bảo Thắng,Xã Trì Quang,Tỉnh Lào Cai,Xã Xuân Quang
Tỉnh Lào Cai,Huyện Bảo Thắng,Xã Xuân Giao,Tỉnh Lào Cai,Xã Gia Phú
Tỉnh Lào Cai,Huyện Bảo Thắng,Xã Xuân Quang,Tỉnh Lào Cai,Xã Xuân Quang
Tỉnh Lào Cai,Huyện Bảo Yên,Thị trấn Phố Ràng,Tỉnh Lào Cai,Xã Bảo Yên
Tỉnh Lào Cai,Huyện Bảo Yên,Xã Bảo Hà,Tỉnh Lào Cai,Xã Bảo Hà
Tỉnh Lào Cai,Huyện Bảo Yên,Xã Cam Cọn,Tỉnh Lào Cai,Xã Bảo Hà
Tỉnh Lào Cai,Huyện Bảo Yên,Xã Kim Sơn,Tỉnh Lào Cai,Xã Bảo Hà
Tỉnh Lào Cai,Huyện Bảo Yên,Xã Lương Sơn,Tỉnh Lào Cai,Xã Bảo Yên
Tỉnh Lào Cai,Huyện Bảo Yên,Xã Minh Tân,Tỉnh Lào Cai,Xã Thượng Hà
Tỉnh Lào Cai,Huyện Bảo Yên,Xã Nghĩa Đô,Tỉnh Lào Cai,Xã Nghĩa Đô
Tỉnh Lào Cai,Huyện Bảo Yên,Xã Phúc Khánh,Tỉnh Lào Cai,Xã Phúc Khánh
Tỉnh Lào Cai,Huyện Bảo Yên,Xã Thượng Hà,Tỉnh Lào Cai,Xã Thượng Hà
Tỉnh Lào Cai,Huyện Bảo Yên,Xã Tân Dương,Tỉnh Lào Cai,Xã Xuân Hoà
Tỉnh Lào Cai,Huyện Bảo Yên,Xã Tân Tiến,Tỉnh Lào Cai,Xã Nghĩa Đô
Tỉnh Lào Cai,Huyện Bảo Yên,Xã Việt Tiến,Tỉnh Lào Cai,Xã Phúc Khánh
Tỉnh Lào Cai,Huyện Bảo Yên,Xã Vĩnh Yên,Tỉnh Lào Cai,Xã Nghĩa Đô
Tỉnh Lào Cai,Huyện Bảo Yên,Xã Xuân Hoà,Tỉnh Lào Cai,Xã Xuân Hoà
Tỉnh Lào Cai,Huyện Bảo Yên,Xã Xuân Thượng,Tỉnh Lào Cai,Xã Bảo Yên
Tỉnh Lào Cai,Huyện Bảo Yên,Xã Yên Sơn,Tỉnh Lào Cai,Xã Bảo Yên
Tỉnh Lào Cai,Huyện Bảo Yên,Xã Điện Quan,Tỉnh Lào Cai,Xã Thượng Hà
Tỉnh Lào Cai,Huyện Bắc Hà,Thị trấn Bắc Hà,Tỉnh Lào Cai,Xã Bắc Hà
Tỉnh Lào Cai,Huyện Bắc Hà,Xã Bản Cái,Tỉnh Lào Cai,Xã Cốc Lầu
Tỉnh Lào Cai,Huyện Bắc Hà,Xã Bản Liền,Tỉnh Lào Cai,Xã Bản Liền
Tỉnh Lào Cai,Huyện Bắc Hà,Xã Bản Phố,Tỉnh Lào Cai,Xã Bắc Hà
Tỉnh Lào Cai,Huyện Bắc Hà,Xã Bảo Nhai,Tỉnh Lào Cai,Xã Bảo Nhai
Tỉnh Lào Cai,Huyện Bắc Hà,Xã Cốc Ly,Tỉnh Lào Cai,Xã Bảo Nhai
Tỉnh Lào Cai,Huyện Bắc Hà,Xã Cốc Lầu,Tỉnh Lào Cai,Xã Cốc Lầu
Tỉnh Lào Cai,Huyện Bắc Hà,Xã Hoàng Thu Phố,Tỉnh Lào Cai,Xã Bắc Hà
Tỉnh Lào Cai,Huyện Bắc Hà,Xã Lùng Cải,Tỉnh Lào Cai,Xã Tả Củ Tỷ
Tỉnh Lào Cai,Huyện Bắc Hà,Xã Lùng Phình,Tỉnh Lào Cai,Xã Lùng Phình
Tỉnh Lào Cai,Huyện Bắc Hà,Xã Na Hối,Tỉnh Lào Cai,Xã Bắc Hà
Tỉnh Lào Cai,Huyện Bắc Hà,Xã Nậm Khánh,Tỉnh Lào Cai,Xã Bản Liền
Tỉnh Lào Cai,Huyện Bắc Hà,Xã Nậm Lúc,Tỉnh Lào Cai,Xã Cốc Lầu
Tỉnh Lào Cai,Huyện Bắc Hà,Xã Nậm Mòn,Tỉnh Lào Cai,Xã Bắc Hà
Tỉnh Lào Cai,Huyện Bắc Hà,Xã Nậm Đét,Tỉnh Lào Cai,Xã Bảo Nhai
Tỉnh Lào Cai,Huyện Bắc Hà,Xã Thải Giàng Phố,Tỉnh Lào Cai,Xã Bắc Hà
Tỉnh Lào Cai,Huyện Bắc Hà,Xã Tả Củ Tỷ,Tỉnh Lào Cai,Xã Tả Củ Tỷ
Tỉnh Lào Cai,Huyện Bắc Hà,Xã Tả Van Chư,Tỉnh Lào Cai,Xã Lùng Phình
Tỉnh Lào Cai,Huyện Mường Khương,Thị trấn Mường Khương,Tỉnh Lào Cai,Xã Mường Khương
Tỉnh Lào Cai,Huyện Mường Khương,Xã Bản Lầu,Tỉnh Lào Cai,Xã Bản Lầu
Tỉnh Lào Cai,Huyện Mường Khương,Xã Bản Sen,Tỉnh Lào Cai,Xã Bản Lầu
Tỉnh Lào Cai,Huyện Mường Khương,Xã Cao Sơn,Tỉnh Lào Cai,Xã Cao Sơn
Tỉnh Lào Cai,Huyện Mường Khương,Xã Dìn Chin,Tỉnh Lào Cai,Xã Pha Long
Tỉnh Lào Cai,Huyện Mường Khương,Xã La Pan Tẩn,Tỉnh Lào Cai,Xã Cao Sơn
Tỉnh Lào Cai,Huyện Mường Khương,Xã Lùng Khấu Nhin,Tỉnh Lào Cai,Xã Cao Sơn
Tỉnh Lào Cai,Huyện Mường Khương,Xã Lùng Vai,Tỉnh Lào Cai,Xã Bản Lầu
Tỉnh Lào Cai,Huyện Mường Khương,Xã Nấm Lư,Tỉnh Lào Cai,Xã Mường Khương
Tỉnh Lào Cai,Huyện Mường Khương,Xã Nậm Chảy,Tỉnh Lào Cai,Xã Mường Khương
Tỉnh Lào Cai,Huyện Mường Khương,Xã Pha Long,Tỉnh Lào Cai,Xã Pha Long
Tỉnh Lào Cai,Huyện Mường Khương,Xã Thanh Bình,Tỉnh Lào Cai,Xã Mường Khương
Tỉnh Lào Cai,Huyện Mường Khương,Xã Tung Chung Phố,Tỉnh Lào Cai,Xã Mường Khương
Tỉnh Lào Cai,Huyện Mường Khương,Xã Tả Gia Khâu,Tỉnh Lào Cai,Xã Pha Long
Tỉnh Lào Cai,Huyện Mường Khương,Xã Tả Thàng,Tỉnh Lào Cai,Xã Cao Sơn
Tỉnh Lào Cai,Huyện Si Ma Cai,Thị trấn Si Ma Cai,Tỉnh Lào Cai,Xã Si Ma Cai
Tỉnh Lào Cai,Huyện Si Ma Cai,Xã Bản Mế,Tỉnh Lào Cai,Xã Sín Chéng
Tỉnh Lào Cai,Huyện Si Ma Cai,Xã Cán Cấu,Tỉnh Lào Cai,Xã Si Ma Cai
Tỉnh Lào Cai,Huyện Si Ma Cai,Xã Lùng Thẩn,Tỉnh Lào Cai,Xã Lùng Phình
Tỉnh Lào Cai,Huyện Si Ma Cai,Xã Nàn Sán,Tỉnh Lào Cai,Xã Si Ma Cai
Tỉnh Lào Cai,Huyện Si Ma Cai,Xã Quan Hồ Thẩn,Tỉnh Lào Cai,Xã Si Ma Cai
Tỉnh Lào Cai,Huyện Si Ma Cai,Xã Sán Chải,Tỉnh Lào Cai,Xã Si Ma Cai
Tỉnh Lào Cai,Huyện Si Ma Cai,Xã Sín Chéng,Tỉnh Lào Cai,Xã Sín Chéng
Tỉnh Lào Cai,Huyện Si Ma Cai,Xã Thào Chư Phìn,Tỉnh Lào Cai,Xã Sín Chéng
Tỉnh Lào Cai,Huyện Văn Bàn,Thị trấn Khánh Yên,Tỉnh Lào Cai,Xã Văn Bàn
Tỉnh Lào Cai,Huyện Văn Bàn,Xã Chiềng Ken,Tỉnh Lào Cai,Xã Chiềng Ken
Tỉnh Lào Cai,Huyện Văn Bàn,Xã Dương Quỳ,Tỉnh Lào Cai,Xã Dương Quỳ
Tỉnh Lào Cai,Huyện Văn Bàn,Xã Dần Thàng,Tỉnh Lào Cai,Xã Nậm Chày
Tỉnh Lào Cai,Huyện Văn Bàn,Xã Hoà Mạc,Tỉnh Lào Cai,Xã Văn Bàn
Tỉnh Lào Cai,Huyện Văn Bàn,Xã Khánh Yên Hạ,Tỉnh Lào Cai,Xã Khánh Yên
Tỉnh Lào Cai,Huyện Văn Bàn,Xã Khánh Yên Thượng,Tỉnh Lào Cai,Xã Văn Bàn
Tỉnh Lào Cai,Huyện Văn Bàn,Xã Khánh Yên Trung,Tỉnh Lào Cai,Xã Khánh Yên
Tỉnh Lào Cai,Huyện Văn Bàn,Xã Liêm Phú,Tỉnh Lào Cai,Xã Khánh Yên
Tỉnh Lào Cai,Huyện Văn Bàn,Xã Làng Giàng,Tỉnh Lào Cai,Xã Văn Bàn
Tỉnh Lào Cai,Huyện Văn Bàn,Xã Minh Lương,Tỉnh Lào Cai,Xã Minh Lương
Tỉnh Lào Cai,Huyện Văn Bàn,Xã Nậm Mả,Tỉnh Lào Cai,Xã Võ Lao
Tỉnh Lào Cai,Huyện Văn Bàn,Xã Nậm Tha,Tỉnh Lào Cai,Xã Chiềng Ken
Tỉnh Lào Cai,Huyện Văn Bàn,Xã Nậm Xây,Tỉnh Lào Cai,Xã Minh Lương
Tỉnh Lào Cai,Huyện Văn Bàn,Xã Sơn Thuỷ,Tỉnh Lào Cai,Xã Văn Bàn
Tỉnh Lào Cai,Huyện Văn Bàn,Xã Tân An,Tỉnh Lào Cai,Xã Bảo Hà
Tỉnh Lào Cai,Huyện Văn Bàn,Xã Tân Thượng,Tỉnh Lào Cai,Xã Bảo Hà
Tỉnh Lào Cai,Huyện Văn Bàn,Xã Võ Lao,Tỉnh Lào Cai,Xã Võ Lao
Tỉnh Lào Cai,Thành phố Lào Cai,Phường Bình Minh,Tỉnh Lào Cai,Phường Cam Đường
Tỉnh Lào Cai,Thành phố Lào Cai,Phường Bắc Cường,Tỉnh Lào Cai,Phường Cam Đường
Tỉnh Lào Cai,Thành phố Lào Cai,Phường Bắc Lệnh,Tỉnh Lào Cai,Phường Cam Đường
Tỉnh Lào Cai,Thành phố Lào Cai,Phường Cốc Lếu,Tỉnh Lào Cai,Phường Lào Cai
Tỉnh Lào Cai,Thành phố Lào Cai,Phường Duyên Hải,Tỉnh Lào Cai,Phường Lào Cai
Tỉnh Lào Cai,Thành phố Lào Cai,Phường Kim Tân,Tỉnh Lào Cai,Phường Lào Cai
Tỉnh Lào Cai,Thành phố Lào Cai,Phường Lào Cai,Tỉnh Lào Cai,Phường Lào Cai
Tỉnh Lào Cai,Thành phố Lào Cai,Phường Nam Cường,Tỉnh Lào Cai,Phường Cam Đường
Tỉnh Lào Cai,Thành phố Lào Cai,Phường Pom Hán,Tỉnh Lào Cai,Phường Cam Đường
Tỉnh Lào Cai,Thành phố Lào Cai,Phường Xuân Tăng,Tỉnh Lào Cai,Phường Cam Đường
Tỉnh Lào Cai,Thành phố Lào Cai,Xã Cam Đường,Tỉnh Lào Cai,Phường Cam Đường
Tỉnh Lào Cai,Thành phố Lào Cai,Xã Cốc San,Tỉnh Lào Cai,Xã Cốc San
Tỉnh Lào Cai,Thành phố Lào Cai,Xã Hợp Thành,Tỉnh Lào Cai,Xã Hợp Thành
Tỉnh Lào Cai,Thành phố Lào Cai,Xã Thống Nhất,Tỉnh Lào Cai,Xã Gia Phú
Tỉnh Lào Cai,Thành phố Lào Cai,Xã Tả Phời,Tỉnh Lào Cai,Xã Hợp Thành
Tỉnh Lào Cai,Thành phố Lào Cai,Xã Vạn Hoà,Tỉnh Lào Cai,Phường Lào Cai
Tỉnh Lào Cai,Thành phố Lào Cai,Xã Đồng Tuyển,Tỉnh Lào Cai,Xã Cốc San
Tỉnh Lào Cai,Thị xã Sa Pa,Phường Cầu Mây,Tỉnh Lào Cai,Phường Sa Pa
Tỉnh Lào Cai,Thị xã Sa Pa,Phường Hàm Rồng,Tỉnh Lào Cai,Phường Sa Pa
Tỉnh Lào Cai,Thị xã Sa Pa,Phường Phan Si Păng,Tỉnh Lào Cai,Phường Sa Pa
Tỉnh Lào Cai,Thị xã Sa Pa,Phường Sa Pa,Tỉnh Lào Cai,Phường Sa Pa
Tỉnh Lào Cai,Thị xã Sa Pa,Phường Sa Pả,Tỉnh Lào Cai,Phường Sa Pa
Tỉnh Lào Cai,Thị xã Sa Pa,Phường Ô Quý Hồ,Tỉnh Lào Cai,Phường Sa Pa
Tỉnh Lào Cai,Thị xã Sa Pa,Xã Bản Hồ,Tỉnh Lào Cai,Xã Bản Hồ
Tỉnh Lào Cai,Thị xã Sa Pa,Xã Hoàng Liên,Tỉnh Lào Cai,Xã Tả Van
Tỉnh Lào Cai,Thị xã Sa Pa,Xã Liên Minh,Tỉnh Lào Cai,Xã Mường Bo
Tỉnh Lào Cai,Thị xã Sa Pa,Xã Mường Bo,Tỉnh Lào Cai,Xã Mường Bo
Tỉnh Lào Cai,Thị xã Sa Pa,Xã Mường Hoa,Tỉnh Lào Cai,Xã Tả Van
Tỉnh Lào Cai,Thị xã Sa Pa,Xã Thanh Bình,Tỉnh Lào Cai,Xã Bản Hồ
Tỉnh Lào Cai,Thị xã Sa Pa,Xã Trung Chải,Tỉnh Lào Cai,Xã Tả Phìn
Tỉnh Lào Cai,Thị xã Sa Pa,Xã Tả Phìn,Tỉnh Lào Cai,Xã Tả Phìn
Tỉnh Lào Cai,Thị xã Sa Pa,Xã Tả Van,Tỉnh Lào Cai,Xã Tả Van
Tỉnh Lâm Đồng,Huyện Bảo Lâm,Thị trấn Lộc Thắng,Tỉnh Lâm Đồng,Xã Bảo Lâm 1
Tỉnh Lâm Đồng,Huyện Bảo Lâm,Xã Lộc An,Tỉnh Lâm Đồng,Xã Bảo Lâm 2
Tỉnh Lâm Đồng,Huyện Bảo Lâm,Xã Lộc Bảo,Tỉnh Lâm Đồng,Xã Bảo Lâm 5
Tỉnh Lâm Đồng,Huyện Bảo Lâm,Xã Lộc Bắc,Tỉnh Lâm Đồng,Xã Bảo Lâm 5
Tỉnh Lâm Đồng,Huyện Bảo Lâm,Xã Lộc Lâm,Tỉnh Lâm Đồng,Xã Bảo Lâm 4
Tỉnh Lâm Đồng,Huyện Bảo Lâm,Xã Lộc Nam,Tỉnh Lâm Đồng,Xã Bảo Lâm 3
Tỉnh Lâm Đồng,Huyện Bảo Lâm,Xã Lộc Ngãi,Tỉnh Lâm Đồng,Xã Bảo Lâm 1
Tỉnh Lâm Đồng,Huyện Bảo Lâm,Xã Lộc Phú,Tỉnh Lâm Đồng,Xã Bảo Lâm 4
Tỉnh Lâm Đồng,Huyện Bảo Lâm,Xã Lộc Quảng,Tỉnh Lâm Đồng,Xã Bảo Lâm 1
Tỉnh Lâm Đồng,Huyện Bảo Lâm,Xã Lộc Thành,Tỉnh Lâm Đồng,Xã Bảo Lâm 3
Tỉnh Lâm Đồng,Huyện Bảo Lâm,Xã Lộc Tân,Tỉnh Lâm Đồng,Phường 2 Bảo Lộc
Tỉnh Lâm Đồng,Huyện Bảo Lâm,Xã Lộc Đức,Tỉnh Lâm Đồng,Xã Bảo Lâm 2
Tỉnh Lâm Đồng,Huyện Bảo Lâm,Xã Tân Lạc,Tỉnh Lâm Đồng,Xã Bảo Lâm 2
Tỉnh Lâm Đồng,Huyện Di Linh,Thị trấn Di Linh,Tỉnh Lâm Đồng,Xã Di Linh
Tỉnh Lâm Đồng,Huyện Di Linh,Xã Bảo Thuận,Tỉnh Lâm Đồng,Xã Bảo Thuận
Tỉnh Lâm Đồng,Huyện Di Linh,Xã Gia Bắc,Tỉnh Lâm Đồng,Xã Sơn Điền
Tỉnh Lâm Đồng,Huyện Di Linh,Xã Gia Hiệp,Tỉnh Lâm Đồng,Xã Gia Hiệp
Tỉnh Lâm Đồng,Huyện Di Linh,Xã Gung Ré,Tỉnh Lâm Đồng,Xã Di Linh
Tỉnh Lâm Đồng,Huyện Di Linh,Xã Hòa Bắc,Tỉnh Lâm Đồng,Xã Hoà Bắc
Tỉnh Lâm Đồng,Huyện Di Linh,Xã Hòa Nam,Tỉnh Lâm Đồng,Xã Hoà Bắc
Tỉnh Lâm Đồng,Huyện Di Linh,Xã Hòa Ninh,Tỉnh Lâm Đồng,Xã Hoà Ninh
Tỉnh Lâm Đồng,Huyện Di Linh,Xã Hòa Trung,Tỉnh Lâm Đồng,Xã Hoà Ninh
Tỉnh Lâm Đồng,Huyện Di Linh,Xã Liên Đầm,Tỉnh Lâm Đồng,Xã Di Linh
Tỉnh Lâm Đồng,Huyện Di Linh,Xã Sơn Điền,Tỉnh Lâm Đồng,Xã Sơn Điền
Tỉnh Lâm Đồng,Huyện Di Linh,Xã Tam Bố,Tỉnh Lâm Đồng,Xã Gia Hiệp
Tỉnh Lâm Đồng,Huyện Di Linh,Xã Tân Châu,Tỉnh Lâm Đồng,Xã Di Linh
Tỉnh Lâm Đồng,Huyện Di Linh,Xã Tân Lâm,Tỉnh Lâm Đồng,Xã Đinh Trang Thượng
Tỉnh Lâm Đồng,Huyện Di Linh,Xã Tân Nghĩa,Tỉnh Lâm Đồng,Xã Bảo Thuận
Tỉnh Lâm Đồng,Huyện Di Linh,Xã Tân Thượng,Tỉnh Lâm Đồng,Xã Đinh Trang Thượng
Tỉnh Lâm Đồng,Huyện Di Linh,Xã Đinh Lạc,Tỉnh Lâm Đồng,Xã Bảo Thuận
Tỉnh Lâm Đồng,Huyện Di Linh,Xã Đinh Trang Hòa,Tỉnh Lâm Đồng,Xã Hoà Ninh
Tỉnh Lâm Đồng,Huyện Di Linh,Xã Đinh Trang Thượng,Tỉnh Lâm Đồng,Xã Đinh Trang Thượng
Tỉnh Lâm Đồng,Huyện Lâm Hà,Thị trấn Nam Ban,Tỉnh Lâm Đồng,Xã Nam Ban Lâm Hà
Tỉnh Lâm Đồng,Huyện Lâm Hà,Thị trấn Đinh Văn,Tỉnh Lâm Đồng,Xã Đinh Văn Lâm Hà
Tỉnh Lâm Đồng,Huyện Lâm Hà,Xã Gia Lâm,Tỉnh Lâm Đồng,Xã Nam Ban Lâm Hà
Tỉnh Lâm Đồng,Huyện Lâm Hà,Xã Hoài Đức,Tỉnh Lâm Đồng,Xã Tân Hà Lâm Hà
Tỉnh Lâm Đồng,Huyện Lâm Hà,Xã Liên Hà,Tỉnh Lâm Đồng,Xã Tân Hà Lâm Hà
Tỉnh Lâm Đồng,Huyện Lâm Hà,Xã Mê Linh,Tỉnh Lâm Đồng,Xã Nam Ban Lâm Hà
Tỉnh Lâm Đồng,Huyện Lâm Hà,Xã Nam Hà,Tỉnh Lâm Đồng,Xã Nam Hà Lâm Hà
Tỉnh Lâm Đồng,Huyện Lâm Hà,Xã Phi Tô,Tỉnh Lâm Đồng,Xã Nam Hà Lâm Hà
Tỉnh Lâm Đồng,Huyện Lâm Hà,Xã Phú Sơn,Tỉnh Lâm Đồng,Xã Phú Sơn Lâm Hà
Tỉnh Lâm Đồng,Huyện Lâm Hà,Xã Phúc Thọ,Tỉnh Lâm Đồng,Xã Phúc Thọ Lâm Hà
Tỉnh Lâm Đồng,Huyện Lâm Hà,Xã Tân Hà,Tỉnh Lâm Đồng,Xã Tân Hà Lâm Hà
Tỉnh Lâm Đồng,Huyện Lâm Hà,Xã Tân Thanh,Tỉnh Lâm Đồng,Xã Phúc Thọ Lâm Hà
Tỉnh Lâm Đồng,Huyện Lâm Hà,Xã Tân Văn,Tỉnh Lâm Đồng,Xã Đinh Văn Lâm Hà
Tỉnh Lâm Đồng,Huyện Lâm Hà,Xã Đan Phượng,Tỉnh Lâm Đồng,Xã Tân Hà Lâm Hà
Tỉnh Lâm Đồng,Huyện Lâm Hà,Xã Đông Thanh,Tỉnh Lâm Đồng,Xã Nam Ban Lâm Hà
Tỉnh Lâm Đồng,Huyện Lâm Hà,Xã Đạ Đờn,Tỉnh Lâm Đồng,Xã Phú Sơn Lâm Hà
Tỉnh Lâm Đồng,Huyện Lạc Dương,Thị trấn Lạc Dương,Tỉnh Lâm Đồng,Phường Lang Biang - Đà Lạt
Tỉnh Lâm Đồng,Huyện Lạc Dương,Xã Lát,Tỉnh Lâm Đồng,Phường Lang Biang - Đà Lạt
Tỉnh Lâm Đồng,Huyện Lạc Dương,Xã Đạ Chais,Tỉnh Lâm Đồng,Xã Lạc Dương
Tỉnh Lâm Đồng,Huyện Lạc Dương,Xã Đạ Nhim,Tỉnh Lâm Đồng,Xã Lạc Dương
Tỉnh Lâm Đồng,Huyện Lạc Dương,Xã Đạ Sar,Tỉnh Lâm Đồng,Xã Lạc Dương
Tỉnh Lâm Đồng,Huyện Đam Rông,Xã Liêng Srônh,Tỉnh Lâm Đồng,Xã Đam Rông 2
Tỉnh Lâm Đồng,Huyện Đam Rông,Xã Phi Liêng,Tỉnh Lâm Đồng,Xã Đam Rông 1
Tỉnh Lâm Đồng,Huyện Đam Rông,Xã Rô Men,Tỉnh Lâm Đồng,Xã Đam Rông 2
Tỉnh Lâm Đồng,Huyện Đam Rông,Xã Đạ Long,Tỉnh Lâm Đồng,Xã Đam Rông 4
Tỉnh Lâm Đồng,Huyện Đam Rông,Xã Đạ Rsal,Tỉnh Lâm Đồng,Xã Đam Rông 3
Tỉnh Lâm Đồng,Huyện Đam Rông,Xã Đạ Tông,Tỉnh Lâm Đồng,Xã Đam Rông 4
Tỉnh Lâm Đồng,Huyện Đơn Dương,Thị trấn Thạnh Mỹ,Tỉnh Lâm Đồng,Xã Đơn Dương
Tỉnh Lâm Đồng,Huyện Đơn Dương,Xã Ka Đô,Tỉnh Lâm Đồng,Xã Ka Đô
Tỉnh Lâm Đồng,Huyện Đơn Dương,Xã Ka Đơn,Tỉnh Lâm Đồng,Xã Quảng Lập
Tỉnh Lâm Đồng,Huyện Đơn Dương,Xã Lạc Lâm,Tỉnh Lâm Đồng,Xã Ka Đô
Tỉnh Lâm Đồng,Huyện Đơn Dương,Xã Lạc Xuân,Tỉnh Lâm Đồng,Xã D'Ran
Tỉnh Lâm Đồng,Huyện Đơn Dương,Xã Quảng Lập,Tỉnh Lâm Đồng,Xã Quảng Lập
Tỉnh Lâm Đồng,Huyện Đơn Dương,Xã Tu Tra,Tỉnh Lâm Đồng,Xã Đơn Dương
Tỉnh Lâm Đồng,Huyện Đơn Dương,Xã Đạ Ròn,Tỉnh Lâm Đồng,Xã Đơn Dương
Tỉnh Lâm Đồng,Huyện Đạ Huoai,Thị trấn Cát Tiên,Tỉnh Lâm Đồng,Xã Cát Tiên
Tỉnh Lâm Đồng,Huyện Đạ Huoai,Thị trấn Phước Cát,Tỉnh Lâm Đồng,Xã Cát Tiên 2
Tỉnh Lâm Đồng,Huyện Đạ Huoai,Thị trấn Đạ Tẻh,Tỉnh Lâm Đồng,Xã Đạ Tẻh
Tỉnh Lâm Đồng,Huyện Đạ Huoai,Xã An Nhơn,Tỉnh Lâm Đồng,Xã Đạ Tẻh
Tỉnh Lâm Đồng,Huyện Đạ Huoai,Xã Bà Gia,Tỉnh Lâm Đồng,Xã Đạ Huoai 3
Tỉnh Lâm Đồng,Huyện Đạ Huoai,Xã Gia Viễn,Tỉnh Lâm Đồng,Xã Cát Tiên 3
Tỉnh Lâm Đồng,Huyện Đạ Huoai,Xã Hà Lâm,Tỉnh Lâm Đồng,Xã Đạ Huoai 2
Tỉnh Lâm Đồng,Huyện Đạ Huoai,Xã Mỹ Đức,Tỉnh Lâm Đồng,Xã Đạ Tẻh 3
Tỉnh Lâm Đồng,Huyện Đạ Huoai,Xã Nam Ninh,Tỉnh Lâm Đồng,Xã Cát Tiên
Tỉnh Lâm Đồng,Huyện Đạ Huoai,Xã Phước Cát 2,Tỉnh Lâm Đồng,Xã Cát Tiên 2
Tỉnh Lâm Đồng,Huyện Đạ Huoai,Xã Quảng Ngãi,Tỉnh Lâm Đồng,Xã Cát Tiên
Tỉnh Lâm Đồng,Huyện Đạ Huoai,Xã Quảng Trị,Tỉnh Lâm Đồng,Xã Đạ Tẻh 2
Tỉnh Lâm Đồng,Huyện Đạ Huoai,Xã Quốc Oai,Tỉnh Lâm Đồng,Xã Đạ Tẻh 3
Tỉnh Lâm Đồng,Huyện Đạ Huoai,Xã Tiên Hoàng,Tỉnh Lâm Đồng,Xã Cát Tiên 3
Tỉnh Lâm Đồng,Huyện Đạ Huoai,Xã Đạ Kho,Tỉnh Lâm Đồng,Xã Đạ Tẻh 2
Tỉnh Lâm Đồng,Huyện Đạ Huoai,Xã Đạ Lây,Tỉnh Lâm Đồng,Xã Đạ Tẻh
Tỉnh Lâm Đồng,Huyện Đạ Huoai,Xã Đạ Oai,Tỉnh Lâm Đồng,Xã Đạ Huoai
Tỉnh Lâm Đồng,Huyện Đạ Huoai,Xã Đạ Pal,Tỉnh Lâm Đồng,Xã Đạ Tẻh 2
Tỉnh Lâm Đồng,Huyện Đạ Huoai,Xã Đồng Nai Thượng,Tỉnh Lâm Đồng,Xã Cát Tiên 3
Tỉnh Lâm Đồng,Huyện Đạ Huoai,Xã Đức Phổ,Tỉnh Lâm Đồng,Xã Cát Tiên 2
Tỉnh Lâm Đồng,Huyện Đức Trọng,Thị trấn Liên Nghĩa,Tỉnh Lâm Đồng,Xã Đức Trọng
Tỉnh Lâm Đồng,Huyện Đức Trọng,Xã Bình Thạnh,Tỉnh Lâm Đồng,Xã Đinh Văn Lâm Hà
Tỉnh Lâm Đồng,Huyện Đức Trọng,Xã Hiệp An,Tỉnh Lâm Đồng,Xã Hiệp Thạnh
Tỉnh Lâm Đồng,Huyện Đức Trọng,Xã Hiệp Thạnh,Tỉnh Lâm Đồng,Xã Hiệp Thạnh
Tỉnh Lâm Đồng,Huyện Đức Trọng,Xã Liên Hiệp,Tỉnh Lâm Đồng,Xã Hiệp Thạnh
Tỉnh Lâm Đồng,Huyện Đức Trọng,Xã Ninh Loan,Tỉnh Lâm Đồng,Xã Tà Hine
Tỉnh Lâm Đồng,Huyện Đức Trọng,Xã Phú Hội,Tỉnh Lâm Đồng,Xã Đức Trọng
Tỉnh Lâm Đồng,Huyện Đức Trọng,Xã Tà Hine,Tỉnh Lâm Đồng,Xã Tà Hine
Tỉnh Lâm Đồng,Huyện Đức Trọng,Xã Tà Năng,Tỉnh Lâm Đồng,Xã Tà Năng
Tỉnh Lâm Đồng,Huyện Đức Trọng,Xã Tân Hội,Tỉnh Lâm Đồng,Xã Tân Hội
Tỉnh Lâm Đồng,Huyện Đức Trọng,Xã Tân Thành,Tỉnh Lâm Đồng,Xã Tân Hội
Tỉnh Lâm Đồng,Huyện Đức Trọng,Xã Đa Quyn,Tỉnh Lâm Đồng,Xã Tà Năng
Tỉnh Lâm Đồng,Huyện Đức Trọng,Xã Đà Loan,Tỉnh Lâm Đồng,Xã Tà Hine
Tỉnh Lâm Đồng,Thành phố Bảo Lộc,Phường 1,Tỉnh Lâm Đồng,Phường 1 Bảo Lộc
Tỉnh Lâm Đồng,Thành phố Bảo Lộc,Phường 2,Tỉnh Lâm Đồng,Phường 2 Bảo Lộc
Tỉnh Lâm Đồng,Thành phố Bảo Lộc,Phường Lộc Phát,Tỉnh Lâm Đồng,Phường 1 Bảo Lộc
Tỉnh Lâm Đồng,Thành phố Bảo Lộc,Phường Lộc Sơn,Tỉnh Lâm Đồng,Phường B'Lao
Tỉnh Lâm Đồng,Thành phố Bảo Lộc,Phường Lộc Tiến,Tỉnh Lâm Đồng,Phường 3 Bảo Lộc
Tỉnh Lâm Đồng,Thành phố Bảo Lộc,Xã Lộc Châu,Tỉnh Lâm Đồng,Phường 3 Bảo Lộc
Tỉnh Lâm Đồng,Thành phố Bảo Lộc,Xã Lộc Nga,Tỉnh Lâm Đồng,Phường B'Lao
Tỉnh Lâm Đồng,Thành phố Bảo Lộc,Xã Lộc Thanh,Tỉnh Lâm Đồng,Phường 1 Bảo Lộc
Tỉnh Lâm Đồng,Thành phố Bảo Lộc,Xã Đại Lào,Tỉnh Lâm Đồng,Phường 3 Bảo Lộc
Tỉnh Lâm Đồng,Thành phố Đà Lạt,Phường 1,Tỉnh Lâm Đồng,Phường Xuân Hương - Đà Lạt
Tỉnh Lâm Đồng,Thành phố Đà Lạt,Phường 10,Tỉnh Lâm Đồng,Phường Xuân Hương - Đà Lạt
Tỉnh Lâm Đồng,Thành phố Đà Lạt,Phường 11,Tỉnh Lâm Đồng,Phường Xuân Trường - Đà Lạt
Tỉnh Lâm Đồng,Thành phố Đà Lạt,Phường 12,Tỉnh Lâm Đồng,Phường Lâm Viên - Đà Lạt
Tỉnh Lâm Đồng,Thành phố Đà Lạt,Phường 2,Tỉnh Lâm Đồng,Phường Xuân Hương - Đà Lạt
Tỉnh Lâm Đồng,Thành phố Đà Lạt,Phường 3,Tỉnh Lâm Đồng,Phường Xuân Hương - Đà Lạt
Tỉnh Lâm Đồng,Thành phố Đà Lạt,Phường 4,Tỉnh Lâm Đồng,Phường Xuân Hương - Đà Lạt
Tỉnh Lâm Đồng,Thành phố Đà Lạt,Phường 5,Tỉnh Lâm Đồng,Phường Cam Ly - Đà Lạt
Tỉnh Lâm Đồng,Thành phố Đà Lạt,Phường 6,Tỉnh Lâm Đồng,Phường Cam Ly - Đà Lạt
Tỉnh Lâm Đồng,Thành phố Đà Lạt,Phường 7,Tỉnh Lâm Đồng,Phường Lang Biang - Đà Lạt
Tỉnh Lâm Đồng,Thành phố Đà Lạt,Phường 8,Tỉnh Lâm Đồng,Phường Lâm Viên - Đà Lạt
Tỉnh Lâm Đồng,Thành phố Đà Lạt,Phường 9,Tỉnh Lâm Đồng,Phường Lâm Viên - Đà Lạt
Tỉnh Lâm Đồng,Thành phố Đà Lạt,Xã Trạm Hành,Tỉnh Lâm Đồng,Phường Xuân Trường - Đà Lạt
Tỉnh Lâm Đồng,Thành phố Đà Lạt,Xã Tà Nung,Tỉnh Lâm Đồng,Phường Cam Ly - Đà Lạt
Tỉnh Lâm Đồng,Thành phố Đà Lạt,Xã Xuân Thọ,Tỉnh Lâm Đồng,Phường Xuân Trường - Đà Lạt
Tỉnh Lâm Đồng,Thành phố Đà Lạt,Xã Xuân Trường,Tỉnh Lâm Đồng,Phường Xuân Trường - Đà Lạt
Tỉnh Lạng Sơn,Huyện Bình Gia,Thị trấn Bình Gia,Tỉnh Lạng Sơn,Xã Bình Gia
Tỉnh Lạng Sơn,Huyện Bình Gia,Xã Bình La,Tỉnh Lạng Sơn,Xã Tân Văn
Tỉnh Lạng Sơn,Huyện Bình Gia,Xã Hoa Thám,Tỉnh Lạng Sơn,Xã Hoa Thám
Tỉnh Lạng Sơn,Huyện Bình Gia,Xã Hoàng Văn Thụ,Tỉnh Lạng Sơn,Xã Bình Gia
Tỉnh Lạng Sơn,Huyện Bình Gia,Xã Hòa Bình,Tỉnh Lạng Sơn,Xã Thiện Long
Tỉnh Lạng Sơn,Huyện Bình Gia,Xã Hưng Đạo,Tỉnh Lạng Sơn,Xã Hoa Thám
Tỉnh Lạng Sơn,Huyện Bình Gia,Xã Hồng Phong,Tỉnh Lạng Sơn,Xã Hồng Phong
Tỉnh Lạng Sơn,Huyện Bình Gia,Xã Hồng Thái,Tỉnh Lạng Sơn,Xã Tân Văn
Tỉnh Lạng Sơn,Huyện Bình Gia,Xã Minh Khai,Tỉnh Lạng Sơn,Xã Hồng Phong
Tỉnh Lạng Sơn,Huyện Bình Gia,Xã Mông Ân,Tỉnh Lạng Sơn,Xã Bình Gia
Tỉnh Lạng Sơn,Huyện Bình Gia,Xã Quang Trung,Tỉnh Lạng Sơn,Xã Thiện Thuật
Tỉnh Lạng Sơn,Huyện Bình Gia,Xã Quý Hòa,Tỉnh Lạng Sơn,Xã Quý Hoà
Tỉnh Lạng Sơn,Huyện Bình Gia,Xã Thiện Hòa,Tỉnh Lạng Sơn,Xã Thiện Hoà
Tỉnh Lạng Sơn,Huyện Bình Gia,Xã Thiện Long,Tỉnh Lạng Sơn,Xã Thiện Long
Tỉnh Lạng Sơn,Huyện Bình Gia,Xã Thiện Thuật,Tỉnh Lạng Sơn,Xã Thiện Thuật
Tỉnh Lạng Sơn,Huyện Bình Gia,Xã Tân Hòa,Tỉnh Lạng Sơn,Xã Thiện Long
Tỉnh Lạng Sơn,Huyện Bình Gia,Xã Tân Văn,Tỉnh Lạng Sơn,Xã Tân Văn
Tỉnh Lạng Sơn,Huyện Bình Gia,Xã Vĩnh Yên,Tỉnh Lạng Sơn,Xã Quý Hoà
Tỉnh Lạng Sơn,Huyện Bình Gia,Xã Yên Lỗ,Tỉnh Lạng Sơn,Xã Thiện Hoà
Tỉnh Lạng Sơn,Huyện Bắc Sơn,Thị trấn Bắc Sơn,Tỉnh Lạng Sơn,xã Bắc Sơn
Tỉnh Lạng Sơn,Huyện Bắc Sơn,Xã Bắc Quỳnh,Tỉnh Lạng Sơn,xã Bắc Sơn
Tỉnh Lạng Sơn,Huyện Bắc Sơn,Xã Chiêu Vũ,Tỉnh Lạng Sơn,Xã Vũ Lăng
Tỉnh Lạng Sơn,Huyện Bắc Sơn,Xã Chiến Thắng,Tỉnh Lạng Sơn,Xã Vũ Lễ
Tỉnh Lạng Sơn,Huyện Bắc Sơn,Xã Hưng Vũ,Tỉnh Lạng Sơn,Xã Hưng Vũ
Tỉnh Lạng Sơn,Huyện Bắc Sơn,Xã Long Đống,Tỉnh Lạng Sơn,xã Bắc Sơn
Tỉnh Lạng Sơn,Huyện Bắc Sơn,Xã Nhất Hòa,Tỉnh Lạng Sơn,Xã Nhất Hoà
Tỉnh Lạng Sơn,Huyện Bắc Sơn,Xã Nhất Tiến,Tỉnh Lạng Sơn,Xã Nhất Hoà
Tỉnh Lạng Sơn,Huyện Bắc Sơn,Xã Trấn Yên,Tỉnh Lạng Sơn,Xã Hưng Vũ
Tỉnh Lạng Sơn,Huyện Bắc Sơn,Xã Tân Hương,Tỉnh Lạng Sơn,Xã Vũ Lăng
Tỉnh Lạng Sơn,Huyện Bắc Sơn,Xã Tân Lập,Tỉnh Lạng Sơn,Xã Vũ Lăng
Tỉnh Lạng Sơn,Huyện Bắc Sơn,Xã Tân Thành,Tỉnh Lạng Sơn,Xã Nhất Hoà
Tỉnh Lạng Sơn,Huyện Bắc Sơn,Xã Tân Tri,Tỉnh Lạng Sơn,Xã Tân Tri
Tỉnh Lạng Sơn,Huyện Bắc Sơn,Xã Vũ Lăng,Tỉnh Lạng Sơn,Xã Vũ Lăng
Tỉnh Lạng Sơn,Huyện Bắc Sơn,Xã Vũ Lễ,Tỉnh Lạng Sơn,Xã Vũ Lễ
Tỉnh Lạng Sơn,Huyện Bắc Sơn,Xã Vũ Sơn,Tỉnh Lạng Sơn,Xã Vũ Lễ
Tỉnh Lạng Sơn,Huyện Bắc Sơn,Xã Vạn Thủy,Tỉnh Lạng Sơn,Xã Tân Tri
Tỉnh Lạng Sơn,Huyện Bắc Sơn,Xã Đồng ý,Tỉnh Lạng Sơn,Xã Tân Tri
Tỉnh Lạng Sơn,Huyện Cao Lộc,Thị trấn Cao Lộc,Tỉnh Lạng Sơn,Phường Kỳ Lừa
Tỉnh Lạng Sơn,Huyện Cao Lộc,Thị trấn Đồng Đăng,Tỉnh Lạng Sơn,Xã Đồng Đăng
Tỉnh Lạng Sơn,Huyện Cao Lộc,Xã Bình Trung,Tỉnh Lạng Sơn,Xã Khánh Khê
Tỉnh Lạng Sơn,Huyện Cao Lộc,Xã Bảo Lâm,Tỉnh Lạng Sơn,Xã Đồng Đăng
Tỉnh Lạng Sơn,Huyện Cao Lộc,Xã Cao Lâu,Tỉnh Lạng Sơn,Xã Ba Sơn
Tỉnh Lạng Sơn,Huyện Cao Lộc,Xã Công Sơn,Tỉnh Lạng Sơn,Xã Công Sơn
Tỉnh Lạng Sơn,Huyện Cao Lộc,Xã Gia Cát,Tỉnh Lạng Sơn,Phường Kỳ Lừa
Tỉnh Lạng Sơn,Huyện Cao Lộc,Xã Hòa Cư,Tỉnh Lạng Sơn,Xã Công Sơn
Tỉnh Lạng Sơn,Huyện Cao Lộc,Xã Hải Yến,Tỉnh Lạng Sơn,Xã Công Sơn
Tỉnh Lạng Sơn,Huyện Cao Lộc,Xã Hợp Thành,Tỉnh Lạng Sơn,Phường Kỳ Lừa
Tỉnh Lạng Sơn,Huyện Cao Lộc,Xã Lộc Yên,Tỉnh Lạng Sơn,Xã Cao Lộc
Tỉnh Lạng Sơn,Huyện Cao Lộc,Xã Mẫu Sơn,Tỉnh Lạng Sơn,Xã Ba Sơn
Tỉnh Lạng Sơn,Huyện Cao Lộc,Xã Phú Xá,Tỉnh Lạng Sơn,Xã Đồng Đăng
Tỉnh Lạng Sơn,Huyện Cao Lộc,Xã Thanh Lòa,Tỉnh Lạng Sơn,Xã Cao Lộc
Tỉnh Lạng Sơn,Huyện Cao Lộc,Xã Thạch Đạn,Tỉnh Lạng Sơn,Xã Cao Lộc
Tỉnh Lạng Sơn,Huyện Cao Lộc,Xã Thụy Hùng,Tỉnh Lạng Sơn,Xã Đồng Đăng
Tỉnh Lạng Sơn,Huyện Cao Lộc,Xã Tân Liên,Tỉnh Lạng Sơn,Phường Kỳ Lừa
Tỉnh Lạng Sơn,Huyện Cao Lộc,Xã Tân Thành,Tỉnh Lạng Sơn,Xã Tân Đoàn
Tỉnh Lạng Sơn,Huyện Cao Lộc,Xã Xuân Long,Tỉnh Lạng Sơn,Xã Khánh Khê
Tỉnh Lạng Sơn,Huyện Cao Lộc,Xã Xuất Lễ,Tỉnh Lạng Sơn,Xã Ba Sơn
Tỉnh Lạng Sơn,Huyện Cao Lộc,Xã Yên Trạch,Tỉnh Lạng Sơn,Phường Đông Kinh
Tỉnh Lạng Sơn,Huyện Chi Lăng,Thị trấn Chi Lăng,Tỉnh Lạng Sơn,Xã Chi Lăng
Tỉnh Lạng Sơn,Huyện Chi Lăng,Thị trấn Đồng Mỏ,Tỉnh Lạng Sơn,Xã Chi Lăng
Tỉnh Lạng Sơn,Huyện Chi Lăng,Xã Bắc Thủy,Tỉnh Lạng Sơn,Xã Nhân Lý
Tỉnh Lạng Sơn,Huyện Chi Lăng,Xã Bằng Hữu,Tỉnh Lạng Sơn,Xã Bằng Mạc
Tỉnh Lạng Sơn,Huyện Chi Lăng,Xã Bằng Mạc,Tỉnh Lạng Sơn,Xã Bằng Mạc
Tỉnh Lạng Sơn,Huyện Chi Lăng,Xã Chi Lăng,Tỉnh Lạng Sơn,Xã Chi Lăng
Tỉnh Lạng Sơn,Huyện Chi Lăng,Xã Chiến Thắng,Tỉnh Lạng Sơn,Xã Chiến Thắng
Tỉnh Lạng Sơn,Huyện Chi Lăng,Xã Gia Lộc,Tỉnh Lạng Sơn,Xã Bằng Mạc
Tỉnh Lạng Sơn,Huyện Chi Lăng,Xã Hòa Bình,Tỉnh Lạng Sơn,Xã Vạn Linh
Tỉnh Lạng Sơn,Huyện Chi Lăng,Xã Hữu Kiên,Tỉnh Lạng Sơn,Xã Quan Sơn
Tỉnh Lạng Sơn,Huyện Chi Lăng,Xã Liên Sơn,Tỉnh Lạng Sơn,Xã Chiến Thắng
Tỉnh Lạng Sơn,Huyện Chi Lăng,Xã Lâm Sơn,Tỉnh Lạng Sơn,Xã Nhân Lý
Tỉnh Lạng Sơn,Huyện Chi Lăng,Xã Mai Sao,Tỉnh Lạng Sơn,Xã Nhân Lý
Tỉnh Lạng Sơn,Huyện Chi Lăng,Xã Nhân Lý,Tỉnh Lạng Sơn,Xã Nhân Lý
Tỉnh Lạng Sơn,Huyện Chi Lăng,Xã Quan Sơn,Tỉnh Lạng Sơn,Xã Quan Sơn
Tỉnh Lạng Sơn,Huyện Chi Lăng,Xã Thượng Cường,Tỉnh Lạng Sơn,Xã Bằng Mạc
Tỉnh Lạng Sơn,Huyện Chi Lăng,Xã Vân An,Tỉnh Lạng Sơn,Xã Chiến Thắng
Tỉnh Lạng Sơn,Huyện Chi Lăng,Xã Vân Thủy,Tỉnh Lạng Sơn,Xã Chiến Thắng
Tỉnh Lạng Sơn,Huyện Chi Lăng,Xã Vạn Linh,Tỉnh Lạng Sơn,Xã Vạn Linh
Tỉnh Lạng Sơn,Huyện Chi Lăng,Xã Y Tịch,Tỉnh Lạng Sơn,Xã Vạn Linh
Tỉnh Lạng Sơn,Huyện Hữu Lũng,Thị trấn Hữu Lũng,Tỉnh Lạng Sơn,Xã Hữu Lũng
Tỉnh Lạng Sơn,Huyện Hữu Lũng,Xã Cai Kinh,Tỉnh Lạng Sơn,Xã Cai Kinh
Tỉnh Lạng Sơn,Huyện Hữu Lũng,Xã Hòa Bình,Tỉnh Lạng Sơn,Xã Yên Bình
Tỉnh Lạng Sơn,Huyện Hữu Lũng,Xã Hòa Lạc,Tỉnh Lạng Sơn,Xã Tân Thành
Tỉnh Lạng Sơn,Huyện Hữu Lũng,Xã Hòa Sơn,Tỉnh Lạng Sơn,Xã Tân Thành
Tỉnh Lạng Sơn,Huyện Hữu Lũng,Xã Hòa Thắng,Tỉnh Lạng Sơn,Xã Tuấn Sơn
Tỉnh Lạng Sơn,Huyện Hữu Lũng,Xã Hồ Sơn,Tỉnh Lạng Sơn,Xã Hữu Lũng
Tỉnh Lạng Sơn,Huyện Hữu Lũng,Xã Hữu Liên,Tỉnh Lạng Sơn,Xã Hữu Liên
Tỉnh Lạng Sơn,Huyện Hữu Lũng,Xã Minh Hòa,Tỉnh Lạng Sơn,Xã Tuấn Sơn
Tỉnh Lạng Sơn,Huyện Hữu Lũng,Xã Minh Sơn,Tỉnh Lạng Sơn,Xã Tuấn Sơn
Tỉnh Lạng Sơn,Huyện Hữu Lũng,Xã Minh Tiến,Tỉnh Lạng Sơn,Xã Vân Nham
Tỉnh Lạng Sơn,Huyện Hữu Lũng,Xã Nhật Tiến,Tỉnh Lạng Sơn,Xã Vân Nham
Tỉnh Lạng Sơn,Huyện Hữu Lũng,Xã Quyết Thắng,Tỉnh Lạng Sơn,Xã Yên Bình
Tỉnh Lạng Sơn,Huyện Hữu Lũng,Xã Thanh Sơn,Tỉnh Lạng Sơn,Xã Thiện Tân
Tỉnh Lạng Sơn,Huyện Hữu Lũng,Xã Thiện Tân,Tỉnh Lạng Sơn,Xã Thiện Tân
Tỉnh Lạng Sơn,Huyện Hữu Lũng,Xã Tân Thành,Tỉnh Lạng Sơn,Xã Tân Thành
Tỉnh Lạng Sơn,Huyện Hữu Lũng,Xã Vân Nham,Tỉnh Lạng Sơn,Xã Vân Nham
Tỉnh Lạng Sơn,Huyện Hữu Lũng,Xã Yên Bình,Tỉnh Lạng Sơn,Xã Yên Bình
Tỉnh Lạng Sơn,Huyện Hữu Lũng,Xã Yên Sơn,Tỉnh Lạng Sơn,Xã Cai Kinh
Tỉnh Lạng Sơn,Huyện Hữu Lũng,Xã Yên Thịnh,Tỉnh Lạng Sơn,Xã Hữu Liên
Tỉnh Lạng Sơn,Huyện Hữu Lũng,Xã Yên Vượng,Tỉnh Lạng Sơn,Xã Cai Kinh
Tỉnh Lạng Sơn,Huyện Hữu Lũng,Xã Đồng Tiến,Tỉnh Lạng Sơn,Xã Thiện Tân
Tỉnh Lạng Sơn,Huyện Hữu Lũng,Xã Đồng Tân,Tỉnh Lạng Sơn,Xã Hữu Lũng
Tỉnh Lạng Sơn,Huyện Lộc Bình,Thị trấn Lộc Bình,Tỉnh Lạng Sơn,Xã Lộc Bình
Tỉnh Lạng Sơn,Huyện Lộc Bình,Thị trấn Na Dương,Tỉnh Lạng Sơn,Xã Na Dương
Tỉnh Lạng Sơn,Huyện Lộc Bình,Xã Hữu Khánh,Tỉnh Lạng Sơn,Xã Lộc Bình
Tỉnh Lạng Sơn,Huyện Lộc Bình,Xã Hữu Lân,Tỉnh Lạng Sơn,Xã Thống Nhất
Tỉnh Lạng Sơn,Huyện Lộc Bình,Xã Khuất Xá,Tỉnh Lạng Sơn,Xã Khuất Xá
Tỉnh Lạng Sơn,Huyện Lộc Bình,Xã Khánh Xuân,Tỉnh Lạng Sơn,Xã Lộc Bình
Tỉnh Lạng Sơn,Huyện Lộc Bình,Xã Lợi Bác,Tỉnh Lạng Sơn,Xã Lợi Bác
Tỉnh Lạng Sơn,Huyện Lộc Bình,Xã Minh Hiệp,Tỉnh Lạng Sơn,Xã Thống Nhất
Tỉnh Lạng Sơn,Huyện Lộc Bình,Xã Mẫu Sơn,Tỉnh Lạng Sơn,Xã Mẫu Sơn
Tỉnh Lạng Sơn,Huyện Lộc Bình,Xã Nam Quan,Tỉnh Lạng Sơn,Xã Xuân Dương
Tỉnh Lạng Sơn,Huyện Lộc Bình,Xã Sàn Viên,Tỉnh Lạng Sơn,Xã Lợi Bác
Tỉnh Lạng Sơn,Huyện Lộc Bình,Xã Tam Gia,Tỉnh Lạng Sơn,Xã Khuất Xá
Tỉnh Lạng Sơn,Huyện Lộc Bình,Xã Thống Nhất,Tỉnh Lạng Sơn,Xã Thống Nhất
Tỉnh Lạng Sơn,Huyện Lộc Bình,Xã Tú Mịch,Tỉnh Lạng Sơn,Xã Mẫu Sơn
Tỉnh Lạng Sơn,Huyện Lộc Bình,Xã Tú Đoạn,Tỉnh Lạng Sơn,Xã Na Dương
Tỉnh Lạng Sơn,Huyện Lộc Bình,Xã Xuân Dương,Tỉnh Lạng Sơn,Xã Xuân Dương
Tỉnh Lạng Sơn,Huyện Lộc Bình,Xã Yên Khoái,Tỉnh Lạng Sơn,Xã Mẫu Sơn
Tỉnh Lạng Sơn,Huyện Lộc Bình,Xã Ái Quốc,Tỉnh Lạng Sơn,Xã Xuân Dương
Tỉnh Lạng Sơn,Huyện Lộc Bình,Xã Đông Quan,Tỉnh Lạng Sơn,Xã Na Dương
Tỉnh Lạng Sơn,Huyện Lộc Bình,Xã Đồng Bục,Tỉnh Lạng Sơn,Xã Lộc Bình
Tỉnh Lạng Sơn,Huyện Tràng Định,Thị trấn Thất Khê,Tỉnh Lạng Sơn,Xã Thất Khê
Tỉnh Lạng Sơn,Huyện Tràng Định,Xã Cao Minh,Tỉnh Lạng Sơn,Xã Đoàn Kết
Tỉnh Lạng Sơn,Huyện Tràng Định,Xã Chi Lăng,Tỉnh Lạng Sơn,Xã Thất Khê
Tỉnh Lạng Sơn,Huyện Tràng Định,Xã Chí Minh,Tỉnh Lạng Sơn,Xã Thất Khê
Tỉnh Lạng Sơn,Huyện Tràng Định,Xã Hùng Sơn,Tỉnh Lạng Sơn,Xã Tràng Định
Tỉnh Lạng Sơn,Huyện Tràng Định,Xã Hùng Việt,Tỉnh Lạng Sơn,Xã Tràng Định
Tỉnh Lạng Sơn,Huyện Tràng Định,Xã Kháng Chiến,Tỉnh Lạng Sơn,Xã Kháng Chiến
Tỉnh Lạng Sơn,Huyện Tràng Định,Xã Khánh Long,Tỉnh Lạng Sơn,Xã Đoàn Kết
Tỉnh Lạng Sơn,Huyện Tràng Định,Xã Kim Đồng,Tỉnh Lạng Sơn,Xã Tân Tiến
Tỉnh Lạng Sơn,Huyện Tràng Định,Xã Quốc Khánh,Tỉnh Lạng Sơn,Xã Quốc Khánh
Tỉnh Lạng Sơn,Huyện Tràng Định,Xã Quốc Việt,Tỉnh Lạng Sơn,Xã Quốc Việt
Tỉnh Lạng Sơn,Huyện Tràng Định,Xã Tri Phương,Tỉnh Lạng Sơn,Xã Quốc Khánh
Tỉnh Lạng Sơn,Huyện Tràng Định,Xã Trung Thành,Tỉnh Lạng Sơn,Xã Kháng Chiến
Tỉnh Lạng Sơn,Huyện Tràng Định,Xã Tân Minh,Tỉnh Lạng Sơn,Xã Kháng Chiến
Tỉnh Lạng Sơn,Huyện Tràng Định,Xã Tân Tiến,Tỉnh Lạng Sơn,Xã Tân Tiến
Tỉnh Lạng Sơn,Huyện Tràng Định,Xã Tân Yên,Tỉnh Lạng Sơn,Xã Tân Tiến
Tỉnh Lạng Sơn,Huyện Tràng Định,Xã Đoàn Kết,Tỉnh Lạng Sơn,Xã Đoàn Kết
Tỉnh Lạng Sơn,Huyện Tràng Định,Xã Đào Viên,Tỉnh Lạng Sơn,Xã Quốc Việt
Tỉnh Lạng Sơn,Huyện Tràng Định,Xã Đề Thám,Tỉnh Lạng Sơn,Xã Tràng Định
Tỉnh Lạng Sơn,Huyện Tràng Định,Xã Đội Cấn,Tỉnh Lạng Sơn,Xã Quốc Khánh
Tỉnh Lạng Sơn,Huyện Văn Lãng,Thị trấn Na Sầm,Tỉnh Lạng Sơn,Xã Na Sầm
Tỉnh Lạng Sơn,Huyện Văn Lãng,Xã Bắc Hùng,Tỉnh Lạng Sơn,Xã Na Sầm
Tỉnh Lạng Sơn,Huyện Văn Lãng,Xã Bắc La,Tỉnh Lạng Sơn,Xã Văn Lãng
Tỉnh Lạng Sơn,Huyện Văn Lãng,Xã Bắc Việt,Tỉnh Lạng Sơn,Xã Văn Lãng
Tỉnh Lạng Sơn,Huyện Văn Lãng,Xã Gia Miễn,Tỉnh Lạng Sơn,Xã Hội Hoan
Tỉnh Lạng Sơn,Huyện Văn Lãng,Xã Hoàng Việt,Tỉnh Lạng Sơn,Xã Na Sầm
Tỉnh Lạng Sơn,Huyện Văn Lãng,Xã Hoàng Văn Thụ,Tỉnh Lạng Sơn,Xã Hoàng Văn Thụ
Tỉnh Lạng Sơn,Huyện Văn Lãng,Xã Hội Hoan,Tỉnh Lạng Sơn,Xã Hội Hoan
Tỉnh Lạng Sơn,Huyện Văn Lãng,Xã Nhạc Kỳ,Tỉnh Lạng Sơn,Xã Hoàng Văn Thụ
Tỉnh Lạng Sơn,Huyện Văn Lãng,Xã Thanh Long,Tỉnh Lạng Sơn,Xã Thuỵ Hùng
Tỉnh Lạng Sơn,Huyện Văn Lãng,Xã Thành Hòa,Tỉnh Lạng Sơn,Xã Văn Lãng
Tỉnh Lạng Sơn,Huyện Văn Lãng,Xã Thụy Hùng,Tỉnh Lạng Sơn,Xã Thuỵ Hùng
Tỉnh Lạng Sơn,Huyện Văn Lãng,Xã Trùng Khánh,Tỉnh Lạng Sơn,Xã Thuỵ Hùng
Tỉnh Lạng Sơn,Huyện Văn Lãng,Xã Tân Mỹ,Tỉnh Lạng Sơn,Xã Hoàng Văn Thụ
Tỉnh Lạng Sơn,Huyện Văn Lãng,Xã Tân Thanh,Tỉnh Lạng Sơn,Xã Hoàng Văn Thụ
Tỉnh Lạng Sơn,Huyện Văn Lãng,Xã Tân Tác,Tỉnh Lạng Sơn,Xã Văn Lãng
Tỉnh Lạng Sơn,Huyện Văn Quan,Thị trấn Văn Quan,Tỉnh Lạng Sơn,Xã Văn Quan
Tỉnh Lạng Sơn,Huyện Văn Quan,Xã An Sơn,Tỉnh Lạng Sơn,Xã Yên Phúc
Tỉnh Lạng Sơn,Huyện Văn Quan,Xã Bình Phúc,Tỉnh Lạng Sơn,Xã Yên Phúc
Tỉnh Lạng Sơn,Huyện Văn Quan,Xã Hòa Bình,Tỉnh Lạng Sơn,Xã Văn Quan
Tỉnh Lạng Sơn,Huyện Văn Quan,Xã Hữu Lễ,Tỉnh Lạng Sơn,Xã Tri Lễ
Tỉnh Lạng Sơn,Huyện Văn Quan,Xã Khánh Khê,Tỉnh Lạng Sơn,Xã Khánh Khê
Tỉnh Lạng Sơn,Huyện Văn Quan,Xã Liên Hội,Tỉnh Lạng Sơn,Xã Điềm He
Tỉnh Lạng Sơn,Huyện Văn Quan,Xã Lương Năng,Tỉnh Lạng Sơn,Xã Tri Lễ
Tỉnh Lạng Sơn,Huyện Văn Quan,Xã Tri Lễ,Tỉnh Lạng Sơn,Xã Tri Lễ
Tỉnh Lạng Sơn,Huyện Văn Quan,Xã Tràng Phái,Tỉnh Lạng Sơn,Xã Tân Đoàn
Tỉnh Lạng Sơn,Huyện Văn Quan,Xã Trấn Ninh,Tỉnh Lạng Sơn,Xã Điềm He
Tỉnh Lạng Sơn,Huyện Văn Quan,Xã Tân Đoàn,Tỉnh Lạng Sơn,Xã Tân Đoàn
Tỉnh Lạng Sơn,Huyện Văn Quan,Xã Tú Xuyên,Tỉnh Lạng Sơn,Xã Văn Quan
Tỉnh Lạng Sơn,Huyện Văn Quan,Xã Yên Phúc,Tỉnh Lạng Sơn,Xã Yên Phúc
Tỉnh Lạng Sơn,Huyện Văn Quan,Xã Điềm He,Tỉnh Lạng Sơn,Xã Điềm He
Tỉnh Lạng Sơn,Huyện Đình Lập,Thị trấn Đình Lập,Tỉnh Lạng Sơn,Xã Đình Lập
Tỉnh Lạng Sơn,Huyện Đình Lập,Xã Bính Xá,Tỉnh Lạng Sơn,Xã Kiên Mộc
Tỉnh Lạng Sơn,Huyện Đình Lập,Xã Bính Xá,Tỉnh Lạng Sơn,Xã Đình Lập
Tỉnh Lạng Sơn,Huyện Đình Lập,Xã Bắc Lãng,Tỉnh Lạng Sơn,Xã Châu Sơn
Tỉnh Lạng Sơn,Huyện Đình Lập,Xã Bắc Xa,Tỉnh Lạng Sơn,Xã Kiên Mộc
Tỉnh Lạng Sơn,Huyện Đình Lập,Xã Châu Sơn,Tỉnh Lạng Sơn,Xã Châu Sơn
Tỉnh Lạng Sơn,Huyện Đình Lập,Xã Cường Lợi,Tỉnh Lạng Sơn,Xã Châu Sơn
Tỉnh Lạng Sơn,Huyện Đình Lập,Xã Kiên Mộc,Tỉnh Lạng Sơn,Xã Châu Sơn
Tỉnh Lạng Sơn,Huyện Đình Lập,Xã Kiên Mộc,Tỉnh Lạng Sơn,Xã Kiên Mộc
Tỉnh Lạng Sơn,Huyện Đình Lập,Xã Lâm Ca,Tỉnh Lạng Sơn,Xã Thái Bình
Tỉnh Lạng Sơn,Huyện Đình Lập,Xã Thái Bình,Tỉnh Lạng Sơn,Xã Thái Bình
Tỉnh Lạng Sơn,Huyện Đình Lập,Xã Đình Lập,Tỉnh Lạng Sơn,Xã Đình Lập
Tỉnh Lạng Sơn,Huyện Đình Lập,Xã Đồng Thắng,Tỉnh Lạng Sơn,Xã Châu Sơn
Tỉnh Lạng Sơn,Thành phố Lạng Sơn,Phường Chi Lăng,Tỉnh Lạng Sơn,Phường Lương Văn Tri
Tỉnh Lạng Sơn,Thành phố Lạng Sơn,Phường Hoàng Văn Thụ,Tỉnh Lạng Sơn,Phường Kỳ Lừa
Tỉnh Lạng Sơn,Thành phố Lạng Sơn,Phường Tam Thanh,Tỉnh Lạng Sơn,Phường Tam Thanh
Tỉnh Lạng Sơn,Thành phố Lạng Sơn,Phường Vĩnh Trại,Tỉnh Lạng Sơn,Phường Đông Kinh
Tỉnh Lạng Sơn,Thành phố Lạng Sơn,Phường Đông Kinh,Tỉnh Lạng Sơn,Phường Đông Kinh
Tỉnh Lạng Sơn,Thành phố Lạng Sơn,Xã Hoàng Đồng,Tỉnh Lạng Sơn,Phường Tam Thanh
Tỉnh Lạng Sơn,Thành phố Lạng Sơn,Xã Mai Pha,Tỉnh Lạng Sơn,Phường Đông Kinh
Tỉnh Lạng Sơn,Thành phố Lạng Sơn,Xã Quảng Lạc,Tỉnh Lạng Sơn,Phường Lương Văn Tri
Tỉnh Nam Định,Huyện Giao Thủy,Thị trấn Giao Thủy,Tỉnh Ninh Bình,Xã Giao Thuỷ
Tỉnh Nam Định,Huyện Giao Thủy,Thị trấn Quất Lâm,Tỉnh Ninh Bình,Xã Giao Ninh
Tỉnh Nam Định,Huyện Giao Thủy,Xã Bình Hòa,Tỉnh Ninh Bình,Xã Giao Thuỷ
Tỉnh Nam Định,Huyện Giao Thủy,Xã Bạch Long,Tỉnh Ninh Bình,Xã Giao Bình
Tỉnh Nam Định,Huyện Giao Thủy,Xã Giao An,Tỉnh Ninh Bình,Xã Giao Hoà
Tỉnh Nam Định,Huyện Giao Thủy,Xã Giao Châu,Tỉnh Ninh Bình,Xã Giao Hưng
Tỉnh Nam Định,Huyện Giao Thủy,Xã Giao Hà,Tỉnh Ninh Bình,Xã Giao Phúc
Tỉnh Nam Định,Huyện Giao Thủy,Xã Giao Hương,Tỉnh Ninh Bình,Xã Giao Minh
Tỉnh Nam Định,Huyện Giao Thủy,Xã Giao Hải,Tỉnh Ninh Bình,Xã Giao Phúc
Tỉnh Nam Định,Huyện Giao Thủy,Xã Giao Long,Tỉnh Ninh Bình,Xã Giao Hưng
Tỉnh Nam Định,Huyện Giao Thủy,Xã Giao Lạc,Tỉnh Ninh Bình,Xã Giao Hoà
Tỉnh Nam Định,Huyện Giao Thủy,Xã Giao Nhân,Tỉnh Ninh Bình,Xã Giao Hưng
Tỉnh Nam Định,Huyện Giao Thủy,Xã Giao Phong,Tỉnh Ninh Bình,Xã Giao Ninh
Tỉnh Nam Định,Huyện Giao Thủy,Xã Giao Thanh,Tỉnh Ninh Bình,Xã Giao Minh
Tỉnh Nam Định,Huyện Giao Thủy,Xã Giao Thiện,Tỉnh Ninh Bình,Xã Giao Minh
Tỉnh Nam Định,Huyện Giao Thủy,Xã Giao Thịnh,Tỉnh Ninh Bình,Xã Giao Ninh
Tỉnh Nam Định,Huyện Giao Thủy,Xã Giao Tân,Tỉnh Ninh Bình,Xã Giao Bình
Tỉnh Nam Định,Huyện Giao Thủy,Xã Giao Xuân,Tỉnh Ninh Bình,Xã Giao Phúc
Tỉnh Nam Định,Huyện Giao Thủy,Xã Giao Yến,Tỉnh Ninh Bình,Xã Giao Bình
Tỉnh Nam Định,Huyện Giao Thủy,Xã Hồng Thuận,Tỉnh Ninh Bình,Xã Giao Hoà
Tỉnh Nam Định,Huyện Hải Hậu,Thị trấn Cồn,Tỉnh Ninh Bình,Xã Hải Tiến
Tỉnh Nam Định,Huyện Hải Hậu,Thị trấn Thịnh Long,Tỉnh Ninh Bình,Xã Hải Thịnh
Tỉnh Nam Định,Huyện Hải Hậu,Thị trấn Yên Định,Tỉnh Ninh Bình,Xã Hải Hậu
Tỉnh Nam Định,Huyện Hải Hậu,Xã Hải An,Tỉnh Ninh Bình,Xã Hải An
Tỉnh Nam Định,Huyện Hải Hậu,Xã Hải Anh,Tỉnh Ninh Bình,Xã Hải Anh
Tỉnh Nam Định,Huyện Hải Hậu,Xã Hải Châu,Tỉnh Ninh Bình,Xã Hải Thịnh
Tỉnh Nam Định,Huyện Hải Hậu,Xã Hải Giang,Tỉnh Ninh Bình,Xã Hải An
Tỉnh Nam Định,Huyện Hải Hậu,Xã Hải Hòa,Tỉnh Ninh Bình,Xã Hải Xuân
Tỉnh Nam Định,Huyện Hải Hậu,Xã Hải Hưng,Tỉnh Ninh Bình,Xã Hải Hưng
Tỉnh Nam Định,Huyện Hải Hậu,Xã Hải Long,Tỉnh Ninh Bình,Xã Hải Hậu
Tỉnh Nam Định,Huyện Hải Hậu,Xã Hải Lộc,Tỉnh Ninh Bình,Xã Hải Hưng
Tỉnh Nam Định,Huyện Hải Hậu,Xã Hải Minh,Tỉnh Ninh Bình,Xã Hải Anh
Tỉnh Nam Định,Huyện Hải Hậu,Xã Hải Nam,Tỉnh Ninh Bình,Xã Hải Hưng
Tỉnh Nam Định,Huyện Hải Hậu,Xã Hải Ninh,Tỉnh Ninh Bình,Xã Hải Thịnh
Tỉnh Nam Định,Huyện Hải Hậu,Xã Hải Phong,Tỉnh Ninh Bình,Xã Hải An
Tỉnh Nam Định,Huyện Hải Hậu,Xã Hải Phú,Tỉnh Ninh Bình,Xã Hải Xuân
Tỉnh Nam Định,Huyện Hải Hậu,Xã Hải Quang,Tỉnh Ninh Bình,Xã Hải Quang
Tỉnh Nam Định,Huyện Hải Hậu,Xã Hải Sơn,Tỉnh Ninh Bình,Xã Hải Tiến
Tỉnh Nam Định,Huyện Hải Hậu,Xã Hải Trung,Tỉnh Ninh Bình,Xã Hải Hậu
Tỉnh Nam Định,Huyện Hải Hậu,Xã Hải Tân,Tỉnh Ninh Bình,Xã Hải Tiến
Tỉnh Nam Định,Huyện Hải Hậu,Xã Hải Tây,Tỉnh Ninh Bình,Xã Hải Quang
Tỉnh Nam Định,Huyện Hải Hậu,Xã Hải Xuân,Tỉnh Ninh Bình,Xã Hải Xuân
Tỉnh Nam Định,Huyện Hải Hậu,Xã Hải Đông,Tỉnh Ninh Bình,Xã Hải Quang
Tỉnh Nam Định,Huyện Hải Hậu,Xã Hải Đường,Tỉnh Ninh Bình,Xã Hải Anh
Tỉnh Nam Định,Huyện Nam Trực,Thị trấn Nam Giang,Tỉnh Ninh Bình,Xã Nam Trực
Tỉnh Nam Định,Huyện Nam Trực,Xã Bình Minh,Tỉnh Ninh Bình,Xã Nam Minh
Tỉnh Nam Định,Huyện Nam Trực,Xã Hồng Quang,Tỉnh Ninh Bình,Phường Hồng Quang
Tỉnh Nam Định,Huyện Nam Trực,Xã Nam Cường,Tỉnh Ninh Bình,Xã Nam Trực
Tỉnh Nam Định,Huyện Nam Trực,Xã Nam Dương,Tỉnh Ninh Bình,Xã Nam Minh
Tỉnh Nam Định,Huyện Nam Trực,Xã Nam Hoa,Tỉnh Ninh Bình,Xã Nam Ninh
Tỉnh Nam Định,Huyện Nam Trực,Xã Nam Hùng,Tỉnh Ninh Bình,Xã Nam Trực
Tỉnh Nam Định,Huyện Nam Trực,Xã Nam Hải,Tỉnh Ninh Bình,Xã Nam Ninh
Tỉnh Nam Định,Huyện Nam Trực,Xã Nam Hồng,Tỉnh Ninh Bình,Xã Nam Hồng
Tỉnh Nam Định,Huyện Nam Trực,Xã Nam Lợi,Tỉnh Ninh Bình,Xã Nam Ninh
Tỉnh Nam Định,Huyện Nam Trực,Xã Nam Thanh,Tỉnh Ninh Bình,Xã Nam Ninh
Tỉnh Nam Định,Huyện Nam Trực,Xã Nam Thái,Tỉnh Ninh Bình,Xã Nam Đồng
Tỉnh Nam Định,Huyện Nam Trực,Xã Nam Thắng,Tỉnh Ninh Bình,Xã Nam Hồng
Tỉnh Nam Định,Huyện Nam Trực,Xã Nam Tiến,Tỉnh Ninh Bình,Xã Nam Minh
Tỉnh Nam Định,Huyện Nam Trực,Xã Nam Điền,Tỉnh Ninh Bình,Phường Vị Khê
Tỉnh Nam Định,Huyện Nam Trực,Xã Nghĩa An,Tỉnh Ninh Bình,Phường Hồng Quang
Tỉnh Nam Định,Huyện Nam Trực,Xã Tân Thịnh,Tỉnh Ninh Bình,Xã Nam Hồng
Tỉnh Nam Định,Huyện Nam Trực,Xã Đồng Sơn,Tỉnh Ninh Bình,Xã Nam Đồng
Tỉnh Nam Định,Huyện Nghĩa Hưng,Thị trấn Liễu Đề,Tỉnh Ninh Bình,Xã Nghĩa Hưng
Tỉnh Nam Định,Huyện Nghĩa Hưng,Thị trấn Quỹ Nhất,Tỉnh Ninh Bình,Xã Quỹ Nhất
Tỉnh Nam Định,Huyện Nghĩa Hưng,Thị trấn Rạng Đông,Tỉnh Ninh Bình,Xã Rạng Đông
Tỉnh Nam Định,Huyện Nghĩa Hưng,Xã Hoàng Nam,Tỉnh Ninh Bình,Xã Đồng Thịnh
Tỉnh Nam Định,Huyện Nghĩa Hưng,Xã Nam Điền,Tỉnh Ninh Bình,Xã Rạng Đông
Tỉnh Nam Định,Huyện Nghĩa Hưng,Xã Nghĩa Châu,Tỉnh Ninh Bình,Xã Nghĩa Hưng
Tỉnh Nam Định,Huyện Nghĩa Hưng,Xã Nghĩa Hùng,Tỉnh Ninh Bình,Xã Nghĩa Lâm
Tỉnh Nam Định,Huyện Nghĩa Hưng,Xã Nghĩa Hải,Tỉnh Ninh Bình,Xã Nghĩa Lâm
Tỉnh Nam Định,Huyện Nghĩa Hưng,Xã Nghĩa Hồng,Tỉnh Ninh Bình,Xã Hồng Phong
Tỉnh Nam Định,Huyện Nghĩa Hưng,Xã Nghĩa Lâm,Tỉnh Ninh Bình,Xã Nghĩa Lâm
Tỉnh Nam Định,Huyện Nghĩa Hưng,Xã Nghĩa Lạc,Tỉnh Ninh Bình,Xã Nghĩa Sơn
Tỉnh Nam Định,Huyện Nghĩa Hưng,Xã Nghĩa Lợi,Tỉnh Ninh Bình,Xã Quỹ Nhất
Tỉnh Nam Định,Huyện Nghĩa Hưng,Xã Nghĩa Phong,Tỉnh Ninh Bình,Xã Hồng Phong
Tỉnh Nam Định,Huyện Nghĩa Hưng,Xã Nghĩa Phú,Tỉnh Ninh Bình,Xã Hồng Phong
Tỉnh Nam Định,Huyện Nghĩa Hưng,Xã Nghĩa Sơn,Tỉnh Ninh Bình,Xã Nghĩa Sơn
Tỉnh Nam Định,Huyện Nghĩa Hưng,Xã Nghĩa Thành,Tỉnh Ninh Bình,Xã Quỹ Nhất
Tỉnh Nam Định,Huyện Nghĩa Hưng,Xã Nghĩa Thái,Tỉnh Ninh Bình,Xã Nghĩa Hưng
Tỉnh Nam Định,Huyện Nghĩa Hưng,Xã Nghĩa Trung,Tỉnh Ninh Bình,Xã Nghĩa Hưng
Tỉnh Nam Định,Huyện Nghĩa Hưng,Xã Phúc Thắng,Tỉnh Ninh Bình,Xã Rạng Đông
Tỉnh Nam Định,Huyện Nghĩa Hưng,Xã Đồng Thịnh,Tỉnh Ninh Bình,Xã Đồng Thịnh
Tỉnh Nam Định,Huyện Trực Ninh,Thị trấn Cát Thành,Tỉnh Ninh Bình,Xã Cát Thành
Tỉnh Nam Định,Huyện Trực Ninh,Thị trấn Cổ Lễ,Tỉnh Ninh Bình,Xã Cổ Lễ
Tỉnh Nam Định,Huyện Trực Ninh,Thị trấn Ninh Cường,Tỉnh Ninh Bình,Xã Ninh Cường
Tỉnh Nam Định,Huyện Trực Ninh,Xã Liêm Hải,Tỉnh Ninh Bình,Xã Ninh Giang
Tỉnh Nam Định,Huyện Trực Ninh,Xã Phương Định,Tỉnh Ninh Bình,Xã Ninh Giang
Tỉnh Nam Định,Huyện Trực Ninh,Xã Trung Đông,Tỉnh Ninh Bình,Xã Cổ Lễ
Tỉnh Nam Định,Huyện Trực Ninh,Xã Trực Chính,Tỉnh Ninh Bình,Xã Ninh Giang
Tỉnh Nam Định,Huyện Trực Ninh,Xã Trực Cường,Tỉnh Ninh Bình,Xã Ninh Cường
Tỉnh Nam Định,Huyện Trực Ninh,Xã Trực Hùng,Tỉnh Ninh Bình,Xã Ninh Cường
Tỉnh Nam Định,Huyện Trực Ninh,Xã Trực Hưng,Tỉnh Ninh Bình,Xã Trực Ninh
Tỉnh Nam Định,Huyện Trực Ninh,Xã Trực Khang,Tỉnh Ninh Bình,Xã Quang Hưng
Tỉnh Nam Định,Huyện Trực Ninh,Xã Trực Mỹ,Tỉnh Ninh Bình,Xã Quang Hưng
Tỉnh Nam Định,Huyện Trực Ninh,Xã Trực Nội,Tỉnh Ninh Bình,Xã Trực Ninh
Tỉnh Nam Định,Huyện Trực Ninh,Xã Trực Thanh,Tỉnh Ninh Bình,Xã Trực Ninh
Tỉnh Nam Định,Huyện Trực Ninh,Xã Trực Thuận,Tỉnh Ninh Bình,Xã Quang Hưng
Tỉnh Nam Định,Huyện Trực Ninh,Xã Trực Thái,Tỉnh Ninh Bình,Xã Minh Thái
Tỉnh Nam Định,Huyện Trực Ninh,Xã Trực Thắng,Tỉnh Ninh Bình,Xã Minh Thái
Tỉnh Nam Định,Huyện Trực Ninh,Xã Trực Tuấn,Tỉnh Ninh Bình,Xã Cổ Lễ
Tỉnh Nam Định,Huyện Trực Ninh,Xã Trực Đại,Tỉnh Ninh Bình,Xã Minh Thái
Tỉnh Nam Định,Huyện Trực Ninh,Xã Trực Đạo,Tỉnh Ninh Bình,Xã Cát Thành
Tỉnh Nam Định,Huyện Trực Ninh,Xã Việt Hùng,Tỉnh Ninh Bình,Xã Cát Thành
Tỉnh Nam Định,Huyện Vụ Bản,Thị trấn Gôi,Tỉnh Ninh Bình,Xã Vụ Bản
Tỉnh Nam Định,Huyện Vụ Bản,Xã Cộng Hòa,Tỉnh Ninh Bình,Xã Minh Tân
Tỉnh Nam Định,Huyện Vụ Bản,Xã Hiển Khánh,Tỉnh Ninh Bình,Xã Hiển Khánh
Tỉnh Nam Định,Huyện Vụ Bản,Xã Hợp Hưng,Tỉnh Ninh Bình,Xã Hiển Khánh
Tỉnh Nam Định,Huyện Vụ Bản,Xã Kim Thái,Tỉnh Ninh Bình,Xã Vụ Bản
Tỉnh Nam Định,Huyện Vụ Bản,Xã Liên Minh,Tỉnh Ninh Bình,Xã Liên Minh
Tỉnh Nam Định,Huyện Vụ Bản,Xã Minh Tân,Tỉnh Ninh Bình,Xã Minh Tân
Tỉnh Nam Định,Huyện Vụ Bản,Xã Quang Trung,Tỉnh Ninh Bình,Xã Hiển Khánh
Tỉnh Nam Định,Huyện Vụ Bản,Xã Tam Thanh,Tỉnh Ninh Bình,Xã Vụ Bản
Tỉnh Nam Định,Huyện Vụ Bản,Xã Thành Lợi,Tỉnh Ninh Bình,Phường Trường Thi
Tỉnh Nam Định,Huyện Vụ Bản,Xã Trung Thành,Tỉnh Ninh Bình,Xã Hiển Khánh
Tỉnh Nam Định,Huyện Vụ Bản,Xã Vĩnh Hào,Tỉnh Ninh Bình,Xã Liên Minh
Tỉnh Nam Định,Huyện Vụ Bản,Xã Đại An,Tỉnh Ninh Bình,Phường Thành Nam
Tỉnh Nam Định,Huyện Vụ Bản,Xã Đại Thắng,Tỉnh Ninh Bình,Xã Liên Minh
Tỉnh Nam Định,Huyện Xuân Trường,Thị trấn Xuân Trường,Tỉnh Ninh Bình,Xã Xuân Trường
Tỉnh Nam Định,Huyện Xuân Trường,Xã Thọ Nghiệp,Tỉnh Ninh Bình,Xã Xuân Hưng
Tỉnh Nam Định,Huyện Xuân Trường,Xã Trà Lũ,Tỉnh Ninh Bình,Xã Xuân Hưng
Tỉnh Nam Định,Huyện Xuân Trường,Xã Xuân Châu,Tỉnh Ninh Bình,Xã Xuân Hồng
Tỉnh Nam Định,Huyện Xuân Trường,Xã Xuân Giang,Tỉnh Ninh Bình,Xã Xuân Giang
Tỉnh Nam Định,Huyện Xuân Trường,Xã Xuân Hồng,Tỉnh Ninh Bình,Xã Xuân Hồng
Tỉnh Nam Định,Huyện Xuân Trường,Xã Xuân Ngọc,Tỉnh Ninh Bình,Xã Xuân Trường
Tỉnh Nam Định,Huyện Xuân Trường,Xã Xuân Ninh,Tỉnh Ninh Bình,Xã Xuân Trường
Tỉnh Nam Định,Huyện Xuân Trường,Xã Xuân Phú,Tỉnh Ninh Bình,Xã Xuân Giang
Tỉnh Nam Định,Huyện Xuân Trường,Xã Xuân Phúc,Tỉnh Ninh Bình,Xã Xuân Trường
Tỉnh Nam Định,Huyện Xuân Trường,Xã Xuân Thành,Tỉnh Ninh Bình,Xã Xuân Hồng
Tỉnh Nam Định,Huyện Xuân Trường,Xã Xuân Thượng,Tỉnh Ninh Bình,Xã Xuân Hồng
Tỉnh Nam Định,Huyện Xuân Trường,Xã Xuân Tân,Tỉnh Ninh Bình,Xã Xuân Giang
Tỉnh Nam Định,Huyện Xuân Trường,Xã Xuân Vinh,Tỉnh Ninh Bình,Xã Xuân Hưng
Tỉnh Nam Định,Huyện Ý Yên,Thị trấn Lâm,Tỉnh Ninh Bình,Xã Ý Yên
Tỉnh Nam Định,Huyện Ý Yên,Xã Hồng Quang,Tỉnh Ninh Bình,Xã Ý Yên
Tỉnh Nam Định,Huyện Ý Yên,Xã Phú Hưng,Tỉnh Ninh Bình,Xã Phong Doanh
Tỉnh Nam Định,Huyện Ý Yên,Xã Trung Nghĩa,Tỉnh Ninh Bình,Xã Tân Minh
Tỉnh Nam Định,Huyện Ý Yên,Xã Tân Minh,Tỉnh Ninh Bình,Xã Tân Minh
Tỉnh Nam Định,Huyện Ý Yên,Xã Yên Bình,Tỉnh Ninh Bình,Xã Vũ Dương
Tỉnh Nam Định,Huyện Ý Yên,Xã Yên Chính,Tỉnh Ninh Bình,Xã Phong Doanh
Tỉnh Nam Định,Huyện Ý Yên,Xã Yên Cường,Tỉnh Ninh Bình,Xã Yên Cường
Tỉnh Nam Định,Huyện Ý Yên,Xã Yên Dương,Tỉnh Ninh Bình,Xã Vũ Dương
Tỉnh Nam Định,Huyện Ý Yên,Xã Yên Khang,Tỉnh Ninh Bình,Xã Yên Đồng
Tỉnh Nam Định,Huyện Ý Yên,Xã Yên Khánh,Tỉnh Ninh Bình,Xã Ý Yên
Tỉnh Nam Định,Huyện Ý Yên,Xã Yên Lương,Tỉnh Ninh Bình,Xã Vạn Thắng
Tỉnh Nam Định,Huyện Ý Yên,Xã Yên Lộc,Tỉnh Ninh Bình,Xã Yên Cường
Tỉnh Nam Định,Huyện Ý Yên,Xã Yên Mỹ,Tỉnh Ninh Bình,Xã Vũ Dương
Tỉnh Nam Định,Huyện Ý Yên,Xã Yên Ninh,Tỉnh Ninh Bình,Xã Vũ Dương
Tỉnh Nam Định,Huyện Ý Yên,Xã Yên Phúc,Tỉnh Ninh Bình,Xã Yên Cường
Tỉnh Nam Định,Huyện Ý Yên,Xã Yên Thắng,Tỉnh Ninh Bình,Xã Vạn Thắng
Tỉnh Nam Định,Huyện Ý Yên,Xã Yên Thọ,Tỉnh Ninh Bình,Xã Phong Doanh
Tỉnh Nam Định,Huyện Ý Yên,Xã Yên Tiến,Tỉnh Ninh Bình,Xã Vạn Thắng
Tỉnh Nam Định,Huyện Ý Yên,Xã Yên Trị,Tỉnh Ninh Bình,Xã Yên Đồng
Tỉnh Nam Định,Huyện Ý Yên,Xã Yên Đồng,Tỉnh Ninh Bình,Xã Yên Đồng
Tỉnh Nam Định,Thành phố Nam Định,Phường Cửa Bắc,Tỉnh Ninh Bình,Phường Nam Định
Tỉnh Nam Định,Thành phố Nam Định,Phường Cửa Nam,Tỉnh Ninh Bình,Phường Nam Định
Tỉnh Nam Định,Thành phố Nam Định,Phường Hưng Lộc,Tỉnh Ninh Bình,Phường Mỹ Lộc
Tỉnh Nam Định,Thành phố Nam Định,Phường Lộc Hòa,Tỉnh Ninh Bình,Phường Đông A
Tỉnh Nam Định,Thành phố Nam Định,Phường Lộc Hạ,Tỉnh Ninh Bình,Phường Thiên Trường
Tỉnh Nam Định,Thành phố Nam Định,Phường Lộc Vượng,Tỉnh Ninh Bình,Phường Nam Định
Tỉnh Nam Định,Thành phố Nam Định,Phường Mỹ Xá,Tỉnh Ninh Bình,Phường Thành Nam
Tỉnh Nam Định,Thành phố Nam Định,Phường Nam Phong,Tỉnh Ninh Bình,Phường Vị Khê
Tỉnh Nam Định,Thành phố Nam Định,Phường Nam Vân,Tỉnh Ninh Bình,Phường Hồng Quang
Tỉnh Nam Định,Thành phố Nam Định,Phường Năng Tĩnh,Tỉnh Ninh Bình,Phường Nam Định
Tỉnh Nam Định,Thành phố Nam Định,Phường Quang Trung,Tỉnh Ninh Bình,Phường Nam Định
Tỉnh Nam Định,Thành phố Nam Định,Phường Trường Thi,Tỉnh Ninh Bình,Phường Trường Thi
Tỉnh Nam Định,Thành phố Nam Định,Phường Trần Hưng Đạo,Tỉnh Ninh Bình,Phường Nam Định
Tỉnh Nam Định,Thành phố Nam Định,Phường Vị Xuyên,Tỉnh Ninh Bình,Phường Nam Định
Tỉnh Nam Định,Thành phố Nam Định,Xã Mỹ Hà,Tỉnh Ninh Bình,Phường Đông A
Tỉnh Nam Định,Thành phố Nam Định,Xã Mỹ Lộc,Tỉnh Ninh Bình,Phường Mỹ Lộc
Tỉnh Nam Định,Thành phố Nam Định,Xã Mỹ Phúc,Tỉnh Ninh Bình,Phường Nam Định
Tỉnh Nam Định,Thành phố Nam Định,Xã Mỹ Thuận,Tỉnh Ninh Bình,Phường Mỹ Lộc
Tỉnh Nam Định,Thành phố Nam Định,Xã Mỹ Thắng,Tỉnh Ninh Bình,Phường Đông A
Tỉnh Nam Định,Thành phố Nam Định,Xã Mỹ Trung,Tỉnh Ninh Bình,Phường Thiên Trường
Tỉnh Nam Định,Thành phố Nam Định,Xã Mỹ Tân,Tỉnh Ninh Bình,Phường Thiên Trường
Tỉnh Nghệ An,Huyện Anh Sơn,Thị trấn Kim Nhan,Tỉnh Nghệ An,Xã Anh Sơn
Tỉnh Nghệ An,Huyện Anh Sơn,Xã Bình Sơn,Tỉnh Nghệ An,Xã Thành Bình Thọ
Tỉnh Nghệ An,Huyện Anh Sơn,Xã Cao Sơn,Tỉnh Nghệ An,Xã Yên Xuân
Tỉnh Nghệ An,Huyện Anh Sơn,Xã Cẩm Sơn,Tỉnh Nghệ An,Xã Nhân Hoà
Tỉnh Nghệ An,Huyện Anh Sơn,Xã Hoa Sơn,Tỉnh Nghệ An,Xã Vĩnh Tường
Tỉnh Nghệ An,Huyện Anh Sơn,Xã Hùng Sơn,Tỉnh Nghệ An,Xã Nhân Hoà
Tỉnh Nghệ An,Huyện Anh Sơn,Xã Hội Sơn,Tỉnh Nghệ An,Xã Vĩnh Tường
Tỉnh Nghệ An,Huyện Anh Sơn,Xã Khai Sơn,Tỉnh Nghệ An,Xã Yên Xuân
Tỉnh Nghệ An,Huyện Anh Sơn,Xã Long Sơn,Tỉnh Nghệ An,Xã Yên Xuân
Tỉnh Nghệ An,Huyện Anh Sơn,Xã Lĩnh Sơn,Tỉnh Nghệ An,Xã Yên Xuân
Tỉnh Nghệ An,Huyện Anh Sơn,Xã Lạng Sơn,Tỉnh Nghệ An,Xã Anh Sơn Đông
Tỉnh Nghệ An,Huyện Anh Sơn,Xã Phúc Sơn,Tỉnh Nghệ An,Xã Anh Sơn
Tỉnh Nghệ An,Huyện Anh Sơn,Xã Tam Đỉnh,Tỉnh Nghệ An,Xã Nhân Hoà
Tỉnh Nghệ An,Huyện Anh Sơn,Xã Thành Sơn,Tỉnh Nghệ An,Xã Thành Bình Thọ
Tỉnh Nghệ An,Huyện Anh Sơn,Xã Thọ Sơn,Tỉnh Nghệ An,Xã Thành Bình Thọ
Tỉnh Nghệ An,Huyện Anh Sơn,Xã Tào Sơn,Tỉnh Nghệ An,Xã Anh Sơn Đông
Tỉnh Nghệ An,Huyện Anh Sơn,Xã Tường Sơn,Tỉnh Nghệ An,Xã Vĩnh Tường
Tỉnh Nghệ An,Huyện Anh Sơn,Xã Vĩnh Sơn,Tỉnh Nghệ An,Xã Anh Sơn Đông
Tỉnh Nghệ An,Huyện Anh Sơn,Xã Đức Sơn,Tỉnh Nghệ An,Xã Anh Sơn
Tỉnh Nghệ An,Huyện Con Cuông,Thị trấn Trà Lân,Tỉnh Nghệ An,Xã Con Cuông
Tỉnh Nghệ An,Huyện Con Cuông,Xã Cam Lâm,Tỉnh Nghệ An,Xã Cam Phục
Tỉnh Nghệ An,Huyện Con Cuông,Xã Chi Khê,Tỉnh Nghệ An,Xã Con Cuông
Tỉnh Nghệ An,Huyện Con Cuông,Xã Châu Khê,Tỉnh Nghệ An,Xã Châu Khê
Tỉnh Nghệ An,Huyện Con Cuông,Xã Lạng Khê,Tỉnh Nghệ An,Xã Châu Khê
Tỉnh Nghệ An,Huyện Con Cuông,Xã Lục Dạ,Tỉnh Nghệ An,Xã Môn Sơn
Tỉnh Nghệ An,Huyện Con Cuông,Xã Môn Sơn,Tỉnh Nghệ An,Xã Môn Sơn
Tỉnh Nghệ An,Huyện Con Cuông,Xã Mậu Đức,Tỉnh Nghệ An,Xã Mậu Thạch
Tỉnh Nghệ An,Huyện Con Cuông,Xã Thạch Ngàn,Tỉnh Nghệ An,Xã Mậu Thạch
Tỉnh Nghệ An,Huyện Con Cuông,Xã Yên Khê,Tỉnh Nghệ An,Xã Con Cuông
Tỉnh Nghệ An,Huyện Con Cuông,Xã Đôn Phục,Tỉnh Nghệ An,Xã Cam Phục
Tỉnh Nghệ An,Huyện Diễn Châu,Thị trấn Diễn Thành,Tỉnh Nghệ An,Xã Diễn Châu
Tỉnh Nghệ An,Huyện Diễn Châu,Xã Diễn An,Tỉnh Nghệ An,Xã An Châu
Tỉnh Nghệ An,Huyện Diễn Châu,Xã Diễn Cát,Tỉnh Nghệ An,Xã Minh Châu
Tỉnh Nghệ An,Huyện Diễn Châu,Xã Diễn Hoa,Tỉnh Nghệ An,Xã Diễn Châu
Tỉnh Nghệ An,Huyện Diễn Châu,Xã Diễn Hoàng,Tỉnh Nghệ An,Xã Hải Châu
Tỉnh Nghệ An,Huyện Diễn Châu,Xã Diễn Hồng,Tỉnh Nghệ An,Xã Đức Châu
Tỉnh Nghệ An,Huyện Diễn Châu,Xã Diễn Kim,Tỉnh Nghệ An,Xã Hải Châu
Tỉnh Nghệ An,Huyện Diễn Châu,Xã Diễn Kỷ,Tỉnh Nghệ An,Xã Đức Châu
Tỉnh Nghệ An,Huyện Diễn Châu,Xã Diễn Liên,Tỉnh Nghệ An,Xã Quảng Châu
Tỉnh Nghệ An,Huyện Diễn Châu,Xã Diễn Lâm,Tỉnh Nghệ An,Xã Hùng Châu
Tỉnh Nghệ An,Huyện Diễn Châu,Xã Diễn Lộc,Tỉnh Nghệ An,Xã Tân Châu
Tỉnh Nghệ An,Huyện Diễn Châu,Xã Diễn Lợi,Tỉnh Nghệ An,Xã Tân Châu
Tỉnh Nghệ An,Huyện Diễn Châu,Xã Diễn Mỹ,Tỉnh Nghệ An,Xã Hải Châu
Tỉnh Nghệ An,Huyện Diễn Châu,Xã Diễn Nguyên,Tỉnh Nghệ An,Xã Minh Châu
Tỉnh Nghệ An,Huyện Diễn Châu,Xã Diễn Phong,Tỉnh Nghệ An,Xã Đức Châu
Tỉnh Nghệ An,Huyện Diễn Châu,Xã Diễn Phú,Tỉnh Nghệ An,Xã Tân Châu
Tỉnh Nghệ An,Huyện Diễn Châu,Xã Diễn Phúc,Tỉnh Nghệ An,Xã Diễn Châu
Tỉnh Nghệ An,Huyện Diễn Châu,Xã Diễn Thái,Tỉnh Nghệ An,Xã Quảng Châu
Tỉnh Nghệ An,Huyện Diễn Châu,Xã Diễn Thịnh,Tỉnh Nghệ An,Xã An Châu
Tỉnh Nghệ An,Huyện Diễn Châu,Xã Diễn Thọ,Tỉnh Nghệ An,Xã Tân Châu
Tỉnh Nghệ An,Huyện Diễn Châu,Xã Diễn Trung,Tỉnh Nghệ An,Xã An Châu
Tỉnh Nghệ An,Huyện Diễn Châu,Xã Diễn Trường,Tỉnh Nghệ An,Xã Hùng Châu
Tỉnh Nghệ An,Huyện Diễn Châu,Xã Diễn Tân,Tỉnh Nghệ An,Xã An Châu
Tỉnh Nghệ An,Huyện Diễn Châu,Xã Diễn Vạn,Tỉnh Nghệ An,Xã Đức Châu
Tỉnh Nghệ An,Huyện Diễn Châu,Xã Diễn Yên,Tỉnh Nghệ An,Xã Hùng Châu
Tỉnh Nghệ An,Huyện Diễn Châu,Xã Diễn Đoài,Tỉnh Nghệ An,Xã Hùng Châu
Tỉnh Nghệ An,Huyện Diễn Châu,Xã Diễn Đồng,Tỉnh Nghệ An,Xã Quảng Châu
Tỉnh Nghệ An,Huyện Diễn Châu,Xã Hùng Hải,Tỉnh Nghệ An,Xã Hải Châu
Tỉnh Nghệ An,Huyện Diễn Châu,Xã Hạnh Quảng,Tỉnh Nghệ An,Xã Minh Châu
Tỉnh Nghệ An,Huyện Diễn Châu,Xã Minh Châu,Tỉnh Nghệ An,Xã Minh Châu
Tỉnh Nghệ An,Huyện Diễn Châu,Xã Ngọc Bích,Tỉnh Nghệ An,Xã Diễn Châu
Tỉnh Nghệ An,Huyện Diễn Châu,Xã Xuân Tháp,Tỉnh Nghệ An,Xã Quảng Châu
Tỉnh Nghệ An,Huyện Hưng Nguyên,Thị trấn Hưng Nguyên,Tỉnh Nghệ An,Xã Hưng Nguyên
Tỉnh Nghệ An,Huyện Hưng Nguyên,Xã Châu Nhân,Tỉnh Nghệ An,Xã Lam Thành
Tỉnh Nghệ An,Huyện Hưng Nguyên,Xã Hưng Lĩnh,Tỉnh Nghệ An,Xã Hưng Nguyên Nam
Tỉnh Nghệ An,Huyện Hưng Nguyên,Xã Hưng Nghĩa,Tỉnh Nghệ An,Xã Lam Thành
Tỉnh Nghệ An,Huyện Hưng Nguyên,Xã Hưng Thành,Tỉnh Nghệ An,Xã Lam Thành
Tỉnh Nghệ An,Huyện Hưng Nguyên,Xã Hưng Trung,Tỉnh Nghệ An,Xã Yên Trung
Tỉnh Nghệ An,Huyện Hưng Nguyên,Xã Hưng Tây,Tỉnh Nghệ An,Xã Hưng Nguyên
Tỉnh Nghệ An,Huyện Hưng Nguyên,Xã Hưng Yên Bắc,Tỉnh Nghệ An,Xã Yên Trung
Tỉnh Nghệ An,Huyện Hưng Nguyên,Xã Hưng Đạo,Tỉnh Nghệ An,Xã Hưng Nguyên
Tỉnh Nghệ An,Huyện Hưng Nguyên,Xã Long Xá,Tỉnh Nghệ An,Xã Hưng Nguyên Nam
Tỉnh Nghệ An,Huyện Hưng Nguyên,Xã Phúc Lợi,Tỉnh Nghệ An,Xã Lam Thành
Tỉnh Nghệ An,Huyện Hưng Nguyên,Xã Thông Tân,Tỉnh Nghệ An,Xã Hưng Nguyên Nam
Tỉnh Nghệ An,Huyện Hưng Nguyên,Xã Thịnh Mỹ,Tỉnh Nghệ An,Xã Hưng Nguyên
Tỉnh Nghệ An,Huyện Hưng Nguyên,Xã Xuân Lam,Tỉnh Nghệ An,Xã Hưng Nguyên Nam
Tỉnh Nghệ An,Huyện Kỳ Sơn,Thị trấn Mường Xén,Tỉnh Nghệ An,Xã Mường Xén
Tỉnh Nghệ An,Huyện Kỳ Sơn,Xã Bảo Nam,Tỉnh Nghệ An,Xã Hữu Kiệm
Tỉnh Nghệ An,Huyện Kỳ Sơn,Xã Bảo Thắng,Tỉnh Nghệ An,Xã Chiêu Lưu
Tỉnh Nghệ An,Huyện Kỳ Sơn,Xã Chiêu Lưu,Tỉnh Nghệ An,Xã Chiêu Lưu
Tỉnh Nghệ An,Huyện Kỳ Sơn,Xã Hữu Kiệm,Tỉnh Nghệ An,Xã Hữu Kiệm
Tỉnh Nghệ An,Huyện Kỳ Sơn,Xã Hữu Lập,Tỉnh Nghệ An,Xã Hữu Kiệm
Tỉnh Nghệ An,Huyện Kỳ Sơn,Xã Mường Típ,Tỉnh Nghệ An,Xã Mường Típ
Tỉnh Nghệ An,Huyện Kỳ Sơn,Xã Mường Ải,Tỉnh Nghệ An,Xã Mường Típ
Tỉnh Nghệ An,Huyện Kỳ Sơn,Xã Na Loi,Tỉnh Nghệ An,Xã Na Loi
Tỉnh Nghệ An,Huyện Kỳ Sơn,Xã Na Ngoi,Tỉnh Nghệ An,Xã Na Ngoi
Tỉnh Nghệ An,Huyện Kỳ Sơn,Xã Nậm Càn,Tỉnh Nghệ An,Xã Na Ngoi
Tỉnh Nghệ An,Huyện Kỳ Sơn,Xã Nậm Cắn,Tỉnh Nghệ An,Xã Nậm Cắn
Tỉnh Nghệ An,Huyện Kỳ Sơn,Xã Phà Đánh,Tỉnh Nghệ An,Xã Nậm Cắn
Tỉnh Nghệ An,Huyện Kỳ Sơn,Xã Tà Cạ,Tỉnh Nghệ An,Xã Mường Xén
Tỉnh Nghệ An,Huyện Kỳ Sơn,Xã Tây Sơn,Tỉnh Nghệ An,Xã Mường Xén
Tỉnh Nghệ An,Huyện Kỳ Sơn,Xã Đoọc Mạy,Tỉnh Nghệ An,Xã Na Loi
Tỉnh Nghệ An,Huyện Nam Đàn,Thị trấn Nam Đàn,Tỉnh Nghệ An,Xã Vạn An
Tỉnh Nghệ An,Huyện Nam Đàn,Xã Hùng Tiến,Tỉnh Nghệ An,Xã Kim Liên
Tỉnh Nghệ An,Huyện Nam Đàn,Xã Khánh Sơn,Tỉnh Nghệ An,Xã Thiên Nhẫn
Tỉnh Nghệ An,Huyện Nam Đàn,Xã Kim Liên,Tỉnh Nghệ An,Xã Kim Liên
Tỉnh Nghệ An,Huyện Nam Đàn,Xã Nam Anh,Tỉnh Nghệ An,Xã Đại Huệ
Tỉnh Nghệ An,Huyện Nam Đàn,Xã Nam Cát,Tỉnh Nghệ An,Xã Kim Liên
Tỉnh Nghệ An,Huyện Nam Đàn,Xã Nam Giang,Tỉnh Nghệ An,Xã Kim Liên
Tỉnh Nghệ An,Huyện Nam Đàn,Xã Nam Hưng,Tỉnh Nghệ An,Xã Nam Đàn
Tỉnh Nghệ An,Huyện Nam Đàn,Xã Nam Kim,Tỉnh Nghệ An,Xã Thiên Nhẫn
Tỉnh Nghệ An,Huyện Nam Đàn,Xã Nam Lĩnh,Tỉnh Nghệ An,Xã Đại Huệ
Tỉnh Nghệ An,Huyện Nam Đàn,Xã Nam Thanh,Tỉnh Nghệ An,Xã Nam Đàn
Tỉnh Nghệ An,Huyện Nam Đàn,Xã Nam Xuân,Tỉnh Nghệ An,Xã Đại Huệ
Tỉnh Nghệ An,Huyện Nam Đàn,Xã Nghĩa Thái,Tỉnh Nghệ An,Xã Nam Đàn
Tỉnh Nghệ An,Huyện Nam Đàn,Xã Thượng Tân Lộc,Tỉnh Nghệ An,Xã Vạn An
Tỉnh Nghệ An,Huyện Nam Đàn,Xã Trung Phúc Cường,Tỉnh Nghệ An,Xã Thiên Nhẫn
Tỉnh Nghệ An,Huyện Nam Đàn,Xã Xuân Hòa,Tỉnh Nghệ An,Xã Vạn An
Tỉnh Nghệ An,Huyện Nam Đàn,Xã Xuân Hồng,Tỉnh Nghệ An,Xã Kim Liên
Tỉnh Nghệ An,Huyện Nghi Lộc,Thị trấn Quán Hành,Tỉnh Nghệ An,Xã Nghi Lộc
Tỉnh Nghệ An,Huyện Nghi Lộc,Xã Diên Hoa,Tỉnh Nghệ An,Xã Nghi Lộc
Tỉnh Nghệ An,Huyện Nghi Lộc,Xã Khánh Hợp,Tỉnh Nghệ An,Xã Đông Lộc
Tỉnh Nghệ An,Huyện Nghi Lộc,Xã Nghi Công Bắc,Tỉnh Nghệ An,Xã Phúc Lộc
Tỉnh Nghệ An,Huyện Nghi Lộc,Xã Nghi Công Nam,Tỉnh Nghệ An,Xã Phúc Lộc
Tỉnh Nghệ An,Huyện Nghi Lộc,Xã Nghi Hưng,Tỉnh Nghệ An,Xã Thần Lĩnh
Tỉnh Nghệ An,Huyện Nghi Lộc,Xã Nghi Kiều,Tỉnh Nghệ An,Xã Văn Kiều
Tỉnh Nghệ An,Huyện Nghi Lộc,Xã Nghi Long,Tỉnh Nghệ An,Xã Trung Lộc
Tỉnh Nghệ An,Huyện Nghi Lộc,Xã Nghi Lâm,Tỉnh Nghệ An,Xã Phúc Lộc
Tỉnh Nghệ An,Huyện Nghi Lộc,Xã Nghi Mỹ,Tỉnh Nghệ An,Xã Phúc Lộc
Tỉnh Nghệ An,Huyện Nghi Lộc,Xã Nghi Phương,Tỉnh Nghệ An,Xã Thần Lĩnh
Tỉnh Nghệ An,Huyện Nghi Lộc,Xã Nghi Quang,Tỉnh Nghệ An,Xã Trung Lộc
Tỉnh Nghệ An,Huyện Nghi Lộc,Xã Nghi Thiết,Tỉnh Nghệ An,Xã Hải Lộc
Tỉnh Nghệ An,Huyện Nghi Lộc,Xã Nghi Thuận,Tỉnh Nghệ An,Xã Trung Lộc
Tỉnh Nghệ An,Huyện Nghi Lộc,Xã Nghi Thạch,Tỉnh Nghệ An,Xã Đông Lộc
Tỉnh Nghệ An,Huyện Nghi Lộc,Xã Nghi Tiến,Tỉnh Nghệ An,Xã Hải Lộc
Tỉnh Nghệ An,Huyện Nghi Lộc,Xã Nghi Trung,Tỉnh Nghệ An,Xã Nghi Lộc
Tỉnh Nghệ An,Huyện Nghi Lộc,Xã Nghi Văn,Tỉnh Nghệ An,Xã Văn Kiều
Tỉnh Nghệ An,Huyện Nghi Lộc,Xã Nghi Vạn,Tỉnh Nghệ An,Xã Nghi Lộc
Tỉnh Nghệ An,Huyện Nghi Lộc,Xã Nghi Xá,Tỉnh Nghệ An,Xã Trung Lộc
Tỉnh Nghệ An,Huyện Nghi Lộc,Xã Nghi Yên,Tỉnh Nghệ An,Xã Hải Lộc
Tỉnh Nghệ An,Huyện Nghi Lộc,Xã Nghi Đồng,Tỉnh Nghệ An,Xã Thần Lĩnh
Tỉnh Nghệ An,Huyện Nghi Lộc,Xã Thịnh Trường,Tỉnh Nghệ An,Xã Đông Lộc
Tỉnh Nghệ An,Huyện Nghĩa Đàn,Thị trấn Nghĩa Đàn,Tỉnh Nghệ An,Xã Nghĩa Đàn
Tỉnh Nghệ An,Huyện Nghĩa Đàn,Xã Nghĩa An,Tỉnh Nghệ An,Xã Nghĩa Khánh
Tỉnh Nghệ An,Huyện Nghĩa Đàn,Xã Nghĩa Bình,Tỉnh Nghệ An,Xã Nghĩa Đàn
Tỉnh Nghệ An,Huyện Nghĩa Đàn,Xã Nghĩa Hưng,Tỉnh Nghệ An,Xã Nghĩa Hưng
Tỉnh Nghệ An,Huyện Nghĩa Đàn,Xã Nghĩa Hồng,Tỉnh Nghệ An,Xã Nghĩa Mai
Tỉnh Nghệ An,Huyện Nghĩa Đàn,Xã Nghĩa Hội,Tỉnh Nghệ An,Xã Nghĩa Thọ
Tỉnh Nghệ An,Huyện Nghĩa Đàn,Xã Nghĩa Khánh,Tỉnh Nghệ An,Xã Nghĩa Khánh
Tỉnh Nghệ An,Huyện Nghĩa Đàn,Xã Nghĩa Long,Tỉnh Nghệ An,Xã Nghĩa Lộc
Tỉnh Nghệ An,Huyện Nghĩa Đàn,Xã Nghĩa Lâm,Tỉnh Nghệ An,Xã Nghĩa Lâm
Tỉnh Nghệ An,Huyện Nghĩa Đàn,Xã Nghĩa Lạc,Tỉnh Nghệ An,Xã Nghĩa Lâm
Tỉnh Nghệ An,Huyện Nghĩa Đàn,Xã Nghĩa Lộc,Tỉnh Nghệ An,Xã Nghĩa Lộc
Tỉnh Nghệ An,Huyện Nghĩa Đàn,Xã Nghĩa Lợi,Tỉnh Nghệ An,Xã Nghĩa Thọ
Tỉnh Nghệ An,Huyện Nghĩa Đàn,Xã Nghĩa Mai,Tỉnh Nghệ An,Xã Nghĩa Mai
Tỉnh Nghệ An,Huyện Nghĩa Đàn,Xã Nghĩa Minh,Tỉnh Nghệ An,Xã Nghĩa Mai
Tỉnh Nghệ An,Huyện Nghĩa Đàn,Xã Nghĩa Sơn,Tỉnh Nghệ An,Xã Nghĩa Lâm
Tỉnh Nghệ An,Huyện Nghĩa Đàn,Xã Nghĩa Thành,Tỉnh Nghệ An,Xã Nghĩa Hưng
Tỉnh Nghệ An,Huyện Nghĩa Đàn,Xã Nghĩa Thọ,Tỉnh Nghệ An,Xã Nghĩa Thọ
Tỉnh Nghệ An,Huyện Nghĩa Đàn,Xã Nghĩa Trung,Tỉnh Nghệ An,Xã Nghĩa Đàn
Tỉnh Nghệ An,Huyện Nghĩa Đàn,Xã Nghĩa Yên,Tỉnh Nghệ An,Xã Nghĩa Lâm
Tỉnh Nghệ An,Huyện Nghĩa Đàn,Xã Nghĩa Đức,Tỉnh Nghệ An,Xã Nghĩa Khánh
Tỉnh Nghệ An,Huyện Quế Phong,Thị trấn Kim Sơn,Tỉnh Nghệ An,Xã Quế Phong
Tỉnh Nghệ An,Huyện Quế Phong,Xã Châu Kim,Tỉnh Nghệ An,Xã Quế Phong
Tỉnh Nghệ An,Huyện Quế Phong,Xã Châu Thôn,Tỉnh Nghệ An,Xã Mường Quàng
Tỉnh Nghệ An,Huyện Quế Phong,Xã Hạnh Dịch,Tỉnh Nghệ An,Xã Tiền Phong
Tỉnh Nghệ An,Huyện Quế Phong,Xã Mường Nọc,Tỉnh Nghệ An,Xã Quế Phong
Tỉnh Nghệ An,Huyện Quế Phong,Xã Nậm Giải,Tỉnh Nghệ An,Xã Quế Phong
Tỉnh Nghệ An,Huyện Quế Phong,Xã Nậm Nhoóng,Tỉnh Nghệ An,Xã Tri Lễ
Tỉnh Nghệ An,Huyện Quế Phong,Xã Quang Phong,Tỉnh Nghệ An,Xã Mường Quàng
Tỉnh Nghệ An,Huyện Quế Phong,Xã Thông Thụ,Tỉnh Nghệ An,Xã Thông Thụ
Tỉnh Nghệ An,Huyện Quế Phong,Xã Tiền Phong,Tỉnh Nghệ An,Xã Tiền Phong
Tỉnh Nghệ An,Huyện Quế Phong,Xã Tri Lễ,Tỉnh Nghệ An,Xã Tri Lễ
Tỉnh Nghệ An,Huyện Quế Phong,Xã Đồng Văn,Tỉnh Nghệ An,Xã Thông Thụ
Tỉnh Nghệ An,Huyện Quỳ Châu,Thị trấn Tân Lạc,Tỉnh Nghệ An,Xã Quỳ Châu
Tỉnh Nghệ An,Huyện Quỳ Châu,Xã Châu Bính,Tỉnh Nghệ An,Xã Châu Tiến
Tỉnh Nghệ An,Huyện Quỳ Châu,Xã Châu Hoàn,Tỉnh Nghệ An,Xã Hùng Chân
Tỉnh Nghệ An,Huyện Quỳ Châu,Xã Châu Hạnh,Tỉnh Nghệ An,Xã Quỳ Châu
Tỉnh Nghệ An,Huyện Quỳ Châu,Xã Châu Hội,Tỉnh Nghệ An,Xã Quỳ Châu
Tỉnh Nghệ An,Huyện Quỳ Châu,Xã Châu Nga,Tỉnh Nghệ An,Xã Quỳ Châu
Tỉnh Nghệ An,Huyện Quỳ Châu,Xã Châu Phong,Tỉnh Nghệ An,Xã Hùng Chân
Tỉnh Nghệ An,Huyện Quỳ Châu,Xã Châu Thuận,Tỉnh Nghệ An,Xã Châu Tiến
Tỉnh Nghệ An,Huyện Quỳ Châu,Xã Châu Thắng,Tỉnh Nghệ An,Xã Châu Tiến
Tỉnh Nghệ An,Huyện Quỳ Châu,Xã Châu Tiến,Tỉnh Nghệ An,Xã Châu Tiến
Tỉnh Nghệ An,Huyện Quỳ Châu,Xã Diên Lãm,Tỉnh Nghệ An,Xã Hùng Chân
Tỉnh Nghệ An,Huyện Quỳ Hợp,Thị trấn Quỳ Hợp,Tỉnh Nghệ An,Xã Quỳ Hợp
Tỉnh Nghệ An,Huyện Quỳ Hợp,Xã Châu Cường,Tỉnh Nghệ An,Xã Mường Ham
Tỉnh Nghệ An,Huyện Quỳ Hợp,Xã Châu Hồng,Tỉnh Nghệ An,Xã Châu Hồng
Tỉnh Nghệ An,Huyện Quỳ Hợp,Xã Châu Lý,Tỉnh Nghệ An,Xã Mường Chọng
Tỉnh Nghệ An,Huyện Quỳ Hợp,Xã Châu Lộc,Tỉnh Nghệ An,Xã Châu Lộc
Tỉnh Nghệ An,Huyện Quỳ Hợp,Xã Châu Quang,Tỉnh Nghệ An,Xã Quỳ Hợp
Tỉnh Nghệ An,Huyện Quỳ Hợp,Xã Châu Thành,Tỉnh Nghệ An,Xã Châu Hồng
Tỉnh Nghệ An,Huyện Quỳ Hợp,Xã Châu Thái,Tỉnh Nghệ An,Xã Mường Ham
Tỉnh Nghệ An,Huyện Quỳ Hợp,Xã Châu Tiến,Tỉnh Nghệ An,Xã Châu Hồng
Tỉnh Nghệ An,Huyện Quỳ Hợp,Xã Châu Đình,Tỉnh Nghệ An,Xã Quỳ Hợp
Tỉnh Nghệ An,Huyện Quỳ Hợp,Xã Hạ Sơn,Tỉnh Nghệ An,Xã Minh Hợp
Tỉnh Nghệ An,Huyện Quỳ Hợp,Xã Liên Hợp,Tỉnh Nghệ An,Xã Châu Lộc
Tỉnh Nghệ An,Huyện Quỳ Hợp,Xã Minh Hợp,Tỉnh Nghệ An,Xã Minh Hợp
Tỉnh Nghệ An,Huyện Quỳ Hợp,Xã Nam Sơn,Tỉnh Nghệ An,Xã Mường Chọng
Tỉnh Nghệ An,Huyện Quỳ Hợp,Xã Nghĩa Xuân,Tỉnh Nghệ An,Xã Tam Hợp
Tỉnh Nghệ An,Huyện Quỳ Hợp,Xã Tam Hợp,Tỉnh Nghệ An,Xã Tam Hợp
Tỉnh Nghệ An,Huyện Quỳ Hợp,Xã Thọ Hợp,Tỉnh Nghệ An,Xã Quỳ Hợp
Tỉnh Nghệ An,Huyện Quỳ Hợp,Xã Văn Lợi,Tỉnh Nghệ An,Xã Minh Hợp
Tỉnh Nghệ An,Huyện Quỳ Hợp,Xã Yên Hợp,Tỉnh Nghệ An,Xã Tam Hợp
Tỉnh Nghệ An,Huyện Quỳ Hợp,Xã Đồng Hợp,Tỉnh Nghệ An,Xã Tam Hợp
Tỉnh Nghệ An,Huyện Quỳnh Lưu,Thị trấn Cầu Giát,Tỉnh Nghệ An,Xã Quỳnh Lưu
Tỉnh Nghệ An,Huyện Quỳnh Lưu,Xã An Hòa,Tỉnh Nghệ An,Xã Quỳnh Phú
Tỉnh Nghệ An,Huyện Quỳnh Lưu,Xã Bình Sơn,Tỉnh Nghệ An,Xã Quỳnh Lưu
Tỉnh Nghệ An,Huyện Quỳnh Lưu,Xã Minh Lương,Tỉnh Nghệ An,Xã Quỳnh Anh
Tỉnh Nghệ An,Huyện Quỳnh Lưu,Xã Ngọc Sơn,Tỉnh Nghệ An,Xã Quỳnh Sơn
Tỉnh Nghệ An,Huyện Quỳnh Lưu,Xã Phú Nghĩa,Tỉnh Nghệ An,Xã Quỳnh Phú
Tỉnh Nghệ An,Huyện Quỳnh Lưu,Xã Quỳnh Bảng,Tỉnh Nghệ An,Xã Quỳnh Anh
Tỉnh Nghệ An,Huyện Quỳnh Lưu,Xã Quỳnh Châu,Tỉnh Nghệ An,Xã Quỳnh Tam
Tỉnh Nghệ An,Huyện Quỳnh Lưu,Xã Quỳnh Diễn,Tỉnh Nghệ An,Xã Quỳnh Lưu
Tỉnh Nghệ An,Huyện Quỳnh Lưu,Xã Quỳnh Giang,Tỉnh Nghệ An,Xã Quỳnh Lưu
Tỉnh Nghệ An,Huyện Quỳnh Lưu,Xã Quỳnh Hậu,Tỉnh Nghệ An,Xã Quỳnh Lưu
Tỉnh Nghệ An,Huyện Quỳnh Lưu,Xã Quỳnh Lâm,Tỉnh Nghệ An,Xã Quỳnh Sơn
Tỉnh Nghệ An,Huyện Quỳnh Lưu,Xã Quỳnh Sơn,Tỉnh Nghệ An,Xã Quỳnh Sơn
Tỉnh Nghệ An,Huyện Quỳnh Lưu,Xã Quỳnh Tam,Tỉnh Nghệ An,Xã Quỳnh Tam
Tỉnh Nghệ An,Huyện Quỳnh Lưu,Xã Quỳnh Thanh,Tỉnh Nghệ An,Xã Quỳnh Anh
Tỉnh Nghệ An,Huyện Quỳnh Lưu,Xã Quỳnh Thạch,Tỉnh Nghệ An,Xã Quỳnh Văn
Tỉnh Nghệ An,Huyện Quỳnh Lưu,Xã Quỳnh Thắng,Tỉnh Nghệ An,Xã Quỳnh Thắng
Tỉnh Nghệ An,Huyện Quỳnh Lưu,Xã Quỳnh Tân,Tỉnh Nghệ An,Xã Quỳnh Văn
Tỉnh Nghệ An,Huyện Quỳnh Lưu,Xã Quỳnh Văn,Tỉnh Nghệ An,Xã Quỳnh Văn
Tỉnh Nghệ An,Huyện Quỳnh Lưu,Xã Quỳnh Yên,Tỉnh Nghệ An,Xã Quỳnh Anh
Tỉnh Nghệ An,Huyện Quỳnh Lưu,Xã Quỳnh Đôi,Tỉnh Nghệ An,Xã Quỳnh Anh
Tỉnh Nghệ An,Huyện Quỳnh Lưu,Xã Thuận Long,Tỉnh Nghệ An,Xã Quỳnh Phú
Tỉnh Nghệ An,Huyện Quỳnh Lưu,Xã Tân Sơn,Tỉnh Nghệ An,Xã Quỳnh Tam
Tỉnh Nghệ An,Huyện Quỳnh Lưu,Xã Tân Thắng,Tỉnh Nghệ An,Xã Quỳnh Thắng
Tỉnh Nghệ An,Huyện Quỳnh Lưu,Xã Văn Hải,Tỉnh Nghệ An,Xã Quỳnh Phú
Tỉnh Nghệ An,Huyện Thanh Chương,Thị trấn Dùng,Tỉnh Nghệ An,Xã Đại Đồng
Tỉnh Nghệ An,Huyện Thanh Chương,Xã Cát Văn,Tỉnh Nghệ An,Xã Cát Ngạn
Tỉnh Nghệ An,Huyện Thanh Chương,Xã Hạnh Lâm,Tỉnh Nghệ An,Xã Hạnh Lâm
Tỉnh Nghệ An,Huyện Thanh Chương,Xã Kim Bảng,Tỉnh Nghệ An,Xã Kim Bảng
Tỉnh Nghệ An,Huyện Thanh Chương,Xã Mai Giang,Tỉnh Nghệ An,Xã Bích Hào
Tỉnh Nghệ An,Huyện Thanh Chương,Xã Minh Sơn,Tỉnh Nghệ An,Xã Cát Ngạn
Tỉnh Nghệ An,Huyện Thanh Chương,Xã Minh Tiến,Tỉnh Nghệ An,Xã Xuân Lâm
Tỉnh Nghệ An,Huyện Thanh Chương,Xã Ngọc Lâm,Tỉnh Nghệ An,Xã Sơn Lâm
Tỉnh Nghệ An,Huyện Thanh Chương,Xã Ngọc Sơn,Tỉnh Nghệ An,Xã Xuân Lâm
Tỉnh Nghệ An,Huyện Thanh Chương,Xã Phong Thịnh,Tỉnh Nghệ An,Xã Cát Ngạn
Tỉnh Nghệ An,Huyện Thanh Chương,Xã Thanh An,Tỉnh Nghệ An,Xã Hoa Quân
Tỉnh Nghệ An,Huyện Thanh Chương,Xã Thanh Hà,Tỉnh Nghệ An,Xã Kim Bảng
Tỉnh Nghệ An,Huyện Thanh Chương,Xã Thanh Hương,Tỉnh Nghệ An,Xã Hoa Quân
Tỉnh Nghệ An,Huyện Thanh Chương,Xã Thanh Liên,Tỉnh Nghệ An,Xã Tam Đồng
Tỉnh Nghệ An,Huyện Thanh Chương,Xã Thanh Lâm,Tỉnh Nghệ An,Xã Bích Hào
Tỉnh Nghệ An,Huyện Thanh Chương,Xã Thanh Mỹ,Tỉnh Nghệ An,Xã Tam Đồng
Tỉnh Nghệ An,Huyện Thanh Chương,Xã Thanh Ngọc,Tỉnh Nghệ An,Xã Đại Đồng
Tỉnh Nghệ An,Huyện Thanh Chương,Xã Thanh Phong,Tỉnh Nghệ An,Xã Đại Đồng
Tỉnh Nghệ An,Huyện Thanh Chương,Xã Thanh Quả,Tỉnh Nghệ An,Xã Hoa Quân
Tỉnh Nghệ An,Huyện Thanh Chương,Xã Thanh Sơn,Tỉnh Nghệ An,Xã Sơn Lâm
Tỉnh Nghệ An,Huyện Thanh Chương,Xã Thanh Thịnh,Tỉnh Nghệ An,Xã Hoa Quân
Tỉnh Nghệ An,Huyện Thanh Chương,Xã Thanh Thủy,Tỉnh Nghệ An,Xã Kim Bảng
Tỉnh Nghệ An,Huyện Thanh Chương,Xã Thanh Tiên,Tỉnh Nghệ An,Xã Tam Đồng
Tỉnh Nghệ An,Huyện Thanh Chương,Xã Thanh Tùng,Tỉnh Nghệ An,Xã Bích Hào
Tỉnh Nghệ An,Huyện Thanh Chương,Xã Thanh Xuân,Tỉnh Nghệ An,Xã Bích Hào
Tỉnh Nghệ An,Huyện Thanh Chương,Xã Thanh Đức,Tỉnh Nghệ An,Xã Hạnh Lâm
Tỉnh Nghệ An,Huyện Thanh Chương,Xã Xuân Dương,Tỉnh Nghệ An,Xã Xuân Lâm
Tỉnh Nghệ An,Huyện Thanh Chương,Xã Đại Đồng,Tỉnh Nghệ An,Xã Đại Đồng
Tỉnh Nghệ An,Huyện Thanh Chương,Xã Đồng Văn,Tỉnh Nghệ An,Xã Đại Đồng
Tỉnh Nghệ An,Huyện Tân Kỳ,Thị trấn Tân Kỳ,Tỉnh Nghệ An,Xã Tân Kỳ
Tỉnh Nghệ An,Huyện Tân Kỳ,Xã Bình Hợp,Tỉnh Nghệ An,Xã Nghĩa Đồng
Tỉnh Nghệ An,Huyện Tân Kỳ,Xã Giai Xuân,Tỉnh Nghệ An,Xã Giai Xuân
Tỉnh Nghệ An,Huyện Tân Kỳ,Xã Hoàn Long,Tỉnh Nghệ An,Xã Tân Phú
Tỉnh Nghệ An,Huyện Tân Kỳ,Xã Hương Sơn,Tỉnh Nghệ An,Xã Tân An
Tỉnh Nghệ An,Huyện Tân Kỳ,Xã Kỳ Sơn,Tỉnh Nghệ An,Xã Tân Kỳ
Tỉnh Nghệ An,Huyện Tân Kỳ,Xã Kỳ Tân,Tỉnh Nghệ An,Xã Tân Kỳ
Tỉnh Nghệ An,Huyện Tân Kỳ,Xã Nghĩa Dũng,Tỉnh Nghệ An,Xã Tân Kỳ
Tỉnh Nghệ An,Huyện Tân Kỳ,Xã Nghĩa Hành,Tỉnh Nghệ An,Xã Nghĩa Hành
Tỉnh Nghệ An,Huyện Tân Kỳ,Xã Nghĩa Phúc,Tỉnh Nghệ An,Xã Tân An
Tỉnh Nghệ An,Huyện Tân Kỳ,Xã Nghĩa Thái,Tỉnh Nghệ An,Xã Tân Phú
Tỉnh Nghệ An,Huyện Tân Kỳ,Xã Nghĩa Đồng,Tỉnh Nghệ An,Xã Nghĩa Đồng
Tỉnh Nghệ An,Huyện Tân Kỳ,Xã Phú Sơn,Tỉnh Nghệ An,Xã Nghĩa Hành
Tỉnh Nghệ An,Huyện Tân Kỳ,Xã Tiên Kỳ,Tỉnh Nghệ An,Xã Tiên Đồng
Tỉnh Nghệ An,Huyện Tân Kỳ,Xã Tân An,Tỉnh Nghệ An,Xã Tân An
Tỉnh Nghệ An,Huyện Tân Kỳ,Xã Tân Hương,Tỉnh Nghệ An,Xã Nghĩa Hành
Tỉnh Nghệ An,Huyện Tân Kỳ,Xã Tân Hợp,Tỉnh Nghệ An,Xã Giai Xuân
Tỉnh Nghệ An,Huyện Tân Kỳ,Xã Tân Phú,Tỉnh Nghệ An,Xã Tân Phú
Tỉnh Nghệ An,Huyện Tân Kỳ,Xã Tân Xuân,Tỉnh Nghệ An,Xã Tân Phú
Tỉnh Nghệ An,Huyện Tân Kỳ,Xã Đồng Văn,Tỉnh Nghệ An,Xã Tiên Đồng
Tỉnh Nghệ An,Huyện Tương Dương,Thị trấn Thạch Giám,Tỉnh Nghệ An,Xã Tương Dương
Tỉnh Nghệ An,Huyện Tương Dương,Xã Lưu Kiền,Tỉnh Nghệ An,Xã Tương Dương
Tỉnh Nghệ An,Huyện Tương Dương,Xã Mai Sơn,Tỉnh Nghệ An,Xã Nhôn Mai
Tỉnh Nghệ An,Huyện Tương Dương,Xã Nga My,Tỉnh Nghệ An,Xã Nga My
Tỉnh Nghệ An,Huyện Tương Dương,Xã Nhôn Mai,Tỉnh Nghệ An,Xã Nhôn Mai
Tỉnh Nghệ An,Huyện Tương Dương,Xã Tam Hợp,Tỉnh Nghệ An,Xã Tam Thái
Tỉnh Nghệ An,Huyện Tương Dương,Xã Tam Quang,Tỉnh Nghệ An,Xã Tam Quang
Tỉnh Nghệ An,Huyện Tương Dương,Xã Tam Thái,Tỉnh Nghệ An,Xã Tam Thái
Tỉnh Nghệ An,Huyện Tương Dương,Xã Tam Đình,Tỉnh Nghệ An,Xã Tam Quang
Tỉnh Nghệ An,Huyện Tương Dương,Xã Xiêng My,Tỉnh Nghệ An,Xã Nga My
Tỉnh Nghệ An,Huyện Tương Dương,Xã Xá Lượng,Tỉnh Nghệ An,Xã Tương Dương
Tỉnh Nghệ An,Huyện Tương Dương,Xã Yên Hòa,Tỉnh Nghệ An,Xã Yên Hoà
Tỉnh Nghệ An,Huyện Tương Dương,Xã Yên Na,Tỉnh Nghệ An,Xã Yên Na
Tỉnh Nghệ An,Huyện Tương Dương,Xã Yên Thắng,Tỉnh Nghệ An,Xã Yên Hoà
Tỉnh Nghệ An,Huyện Tương Dương,Xã Yên Tĩnh,Tỉnh Nghệ An,Xã Yên Na
Tỉnh Nghệ An,Huyện Yên Thành,Thị trấn Hoa Thành,Tỉnh Nghệ An,Xã Yên Thành
Tỉnh Nghệ An,Huyện Yên Thành,Xã Bảo Thành,Tỉnh Nghệ An,Xã Hợp Minh
Tỉnh Nghệ An,Huyện Yên Thành,Xã Bắc Thành,Tỉnh Nghệ An,Xã Quan Thành
Tỉnh Nghệ An,Huyện Yên Thành,Xã Hậu Thành,Tỉnh Nghệ An,Xã Giai Lạc
Tỉnh Nghệ An,Huyện Yên Thành,Xã Kim Thành,Tỉnh Nghệ An,Xã Quang Đồng
Tỉnh Nghệ An,Huyện Yên Thành,Xã Liên Thành,Tỉnh Nghệ An,Xã Vân Tụ
Tỉnh Nghệ An,Huyện Yên Thành,Xã Long Thành,Tỉnh Nghệ An,Xã Hợp Minh
Tỉnh Nghệ An,Huyện Yên Thành,Xã Lăng Thành,Tỉnh Nghệ An,Xã Giai Lạc
Tỉnh Nghệ An,Huyện Yên Thành,Xã Minh Thành,Tỉnh Nghệ An,Xã Vân Du
Tỉnh Nghệ An,Huyện Yên Thành,Xã Mã Thành,Tỉnh Nghệ An,Xã Bình Minh
Tỉnh Nghệ An,Huyện Yên Thành,Xã Mỹ Thành,Tỉnh Nghệ An,Xã Vân Tụ
Tỉnh Nghệ An,Huyện Yên Thành,Xã Nam Thành,Tỉnh Nghệ An,Xã Quan Thành
Tỉnh Nghệ An,Huyện Yên Thành,Xã Phú Thành,Tỉnh Nghệ An,Xã Đông Thành
Tỉnh Nghệ An,Huyện Yên Thành,Xã Phúc Thành,Tỉnh Nghệ An,Xã Giai Lạc
Tỉnh Nghệ An,Huyện Yên Thành,Xã Quang Thành,Tỉnh Nghệ An,Xã Quang Đồng
Tỉnh Nghệ An,Huyện Yên Thành,Xã Sơn Thành,Tỉnh Nghệ An,Xã Hợp Minh
Tỉnh Nghệ An,Huyện Yên Thành,Xã Thịnh Thành,Tỉnh Nghệ An,Xã Vân Du
Tỉnh Nghệ An,Huyện Yên Thành,Xã Thọ Thành,Tỉnh Nghệ An,Xã Đông Thành
Tỉnh Nghệ An,Huyện Yên Thành,Xã Tiến Thành,Tỉnh Nghệ An,Xã Bình Minh
Tỉnh Nghệ An,Huyện Yên Thành,Xã Trung Thành,Tỉnh Nghệ An,Xã Quan Thành
Tỉnh Nghệ An,Huyện Yên Thành,Xã Tân Thành,Tỉnh Nghệ An,Xã Bình Minh
Tỉnh Nghệ An,Huyện Yên Thành,Xã Tây Thành,Tỉnh Nghệ An,Xã Vân Du
Tỉnh Nghệ An,Huyện Yên Thành,Xã Tăng Thành,Tỉnh Nghệ An,Xã Yên Thành
Tỉnh Nghệ An,Huyện Yên Thành,Xã Viên Thành,Tỉnh Nghệ An,Xã Hợp Minh
Tỉnh Nghệ An,Huyện Yên Thành,Xã Vân Tụ,Tỉnh Nghệ An,Xã Vân Tụ
Tỉnh Nghệ An,Huyện Yên Thành,Xã Văn Thành,Tỉnh Nghệ An,Xã Yên Thành
Tỉnh Nghệ An,Huyện Yên Thành,Xã Vĩnh Thành,Tỉnh Nghệ An,Xã Hợp Minh
Tỉnh Nghệ An,Huyện Yên Thành,Xã Xuân Thành,Tỉnh Nghệ An,Xã Quan Thành
Tỉnh Nghệ An,Huyện Yên Thành,Xã Đô Thành,Tỉnh Nghệ An,Xã Đông Thành
Tỉnh Nghệ An,Huyện Yên Thành,Xã Đông Thành,Tỉnh Nghệ An,Xã Yên Thành
Tỉnh Nghệ An,Huyện Yên Thành,Xã Đồng Thành,Tỉnh Nghệ An,Xã Quang Đồng
Tỉnh Nghệ An,Huyện Yên Thành,Xã Đức Thành,Tỉnh Nghệ An,Xã Bình Minh
Tỉnh Nghệ An,Huyện Đô Lương,Thị trấn Đô Lương,Tỉnh Nghệ An,Xã Đô Lương
Tỉnh Nghệ An,Huyện Đô Lương,Xã Bài Sơn,Tỉnh Nghệ An,Xã Lương Sơn
Tỉnh Nghệ An,Huyện Đô Lương,Xã Bạch Ngọc,Tỉnh Nghệ An,Xã Bạch Ngọc
Tỉnh Nghệ An,Huyện Đô Lương,Xã Bồi Sơn,Tỉnh Nghệ An,Xã Bạch Ngọc
Tỉnh Nghệ An,Huyện Đô Lương,Xã Giang Sơn Tây,Tỉnh Nghệ An,Xã Bạch Ngọc
Tỉnh Nghệ An,Huyện Đô Lương,Xã Giang Sơn Đông,Tỉnh Nghệ An,Xã Bạch Ngọc
Tỉnh Nghệ An,Huyện Đô Lương,Xã Hiến Sơn,Tỉnh Nghệ An,Xã Bạch Hà
Tỉnh Nghệ An,Huyện Đô Lương,Xã Hòa Sơn,Tỉnh Nghệ An,Xã Văn Hiến
Tỉnh Nghệ An,Huyện Đô Lương,Xã Hồng Sơn,Tỉnh Nghệ An,Xã Lương Sơn
Tỉnh Nghệ An,Huyện Đô Lương,Xã Lưu Sơn,Tỉnh Nghệ An,Xã Đô Lương
Tỉnh Nghệ An,Huyện Đô Lương,Xã Lạc Sơn,Tỉnh Nghệ An,Xã Thuần Trung
Tỉnh Nghệ An,Huyện Đô Lương,Xã Minh Sơn,Tỉnh Nghệ An,Xã Thuần Trung
Tỉnh Nghệ An,Huyện Đô Lương,Xã Mỹ Sơn,Tỉnh Nghệ An,Xã Bạch Hà
Tỉnh Nghệ An,Huyện Đô Lương,Xã Nam Sơn,Tỉnh Nghệ An,Xã Đô Lương
Tỉnh Nghệ An,Huyện Đô Lương,Xã Nhân Sơn,Tỉnh Nghệ An,Xã Thuần Trung
Tỉnh Nghệ An,Huyện Đô Lương,Xã Quang Sơn,Tỉnh Nghệ An,Xã Văn Hiến
Tỉnh Nghệ An,Huyện Đô Lương,Xã Thuận Sơn,Tỉnh Nghệ An,Xã Thuần Trung
Tỉnh Nghệ An,Huyện Đô Lương,Xã Thái Sơn,Tỉnh Nghệ An,Xã Văn Hiến
Tỉnh Nghệ An,Huyện Đô Lương,Xã Thượng Sơn,Tỉnh Nghệ An,Xã Văn Hiến
Tỉnh Nghệ An,Huyện Đô Lương,Xã Thịnh Sơn,Tỉnh Nghệ An,Xã Đô Lương
Tỉnh Nghệ An,Huyện Đô Lương,Xã Trung Sơn,Tỉnh Nghệ An,Xã Thuần Trung
Tỉnh Nghệ An,Huyện Đô Lương,Xã Tràng Sơn,Tỉnh Nghệ An,Xã Lương Sơn
Tỉnh Nghệ An,Huyện Đô Lương,Xã Trù Sơn,Tỉnh Nghệ An,Xã Bạch Hà
Tỉnh Nghệ An,Huyện Đô Lương,Xã Tân Sơn,Tỉnh Nghệ An,Xã Văn Hiến
Tỉnh Nghệ An,Huyện Đô Lương,Xã Văn Sơn,Tỉnh Nghệ An,Xã Đô Lương
Tỉnh Nghệ An,Huyện Đô Lương,Xã Xuân Sơn,Tỉnh Nghệ An,Xã Thuần Trung
Tỉnh Nghệ An,Huyện Đô Lương,Xã Yên Sơn,Tỉnh Nghệ An,Xã Đô Lương
Tỉnh Nghệ An,Huyện Đô Lương,Xã Đà Sơn,Tỉnh Nghệ An,Xã Đô Lương
Tỉnh Nghệ An,Huyện Đô Lương,Xã Đông Sơn,Tỉnh Nghệ An,Xã Lương Sơn
Tỉnh Nghệ An,Huyện Đô Lương,Xã Đại Sơn,Tỉnh Nghệ An,Xã Bạch Hà
Tỉnh Nghệ An,Huyện Đô Lương,Xã Đặng Sơn,Tỉnh Nghệ An,Xã Đô Lương
Tỉnh Nghệ An,Thành phố Vinh,Phường Bến Thủy,Tỉnh Nghệ An,Phường Trường Vinh
Tỉnh Nghệ An,Thành phố Vinh,Phường Cửa Nam,Tỉnh Nghệ An,Phường Thành Vinh
Tỉnh Nghệ An,Thành phố Vinh,Phường Hà Huy Tập,Tỉnh Nghệ An,Phường Vinh Phú
Tỉnh Nghệ An,Thành phố Vinh,Phường Hưng Bình,Tỉnh Nghệ An,Phường Thành Vinh
Tỉnh Nghệ An,Thành phố Vinh,Phường Hưng Dũng,Tỉnh Nghệ An,Phường Trường Vinh
Tỉnh Nghệ An,Thành phố Vinh,Phường Hưng Lộc,Tỉnh Nghệ An,Phường Vinh Lộc
Tỉnh Nghệ An,Thành phố Vinh,Phường Hưng Phúc,Tỉnh Nghệ An,Phường Trường Vinh
Tỉnh Nghệ An,Thành phố Vinh,Phường Hưng Đông,Tỉnh Nghệ An,Phường Vinh Hưng
Tỉnh Nghệ An,Thành phố Vinh,Phường Lê Lợi,Tỉnh Nghệ An,Phường Thành Vinh
Tỉnh Nghệ An,Thành phố Vinh,Phường Nghi Hòa,Tỉnh Nghệ An,Phường Cửa Lò
Tỉnh Nghệ An,Thành phố Vinh,Phường Nghi Hương,Tỉnh Nghệ An,Phường Cửa Lò
Tỉnh Nghệ An,Thành phố Vinh,Phường Nghi Hải,Tỉnh Nghệ An,Phường Cửa Lò
Tỉnh Nghệ An,Thành phố Vinh,Phường Nghi Phú,Tỉnh Nghệ An,Phường Vinh Phú
Tỉnh Nghệ An,Thành phố Vinh,Phường Nghi Thu,Tỉnh Nghệ An,Phường Cửa Lò
Tỉnh Nghệ An,Thành phố Vinh,Phường Nghi Thuỷ,Tỉnh Nghệ An,Phường Cửa Lò
Tỉnh Nghệ An,Thành phố Vinh,Phường Nghi Tân,Tỉnh Nghệ An,Phường Cửa Lò
Tỉnh Nghệ An,Thành phố Vinh,Phường Nghi Đức,Tỉnh Nghệ An,Phường Vinh Phú
Tỉnh Nghệ An,Thành phố Vinh,Phường Quang Trung,Tỉnh Nghệ An,Phường Thành Vinh
Tỉnh Nghệ An,Thành phố Vinh,Phường Quán Bàu,Tỉnh Nghệ An,Phường Vinh Hưng
Tỉnh Nghệ An,Thành phố Vinh,Phường Trung Đô,Tỉnh Nghệ An,Phường Trường Vinh
Tỉnh Nghệ An,Thành phố Vinh,Phường Trường Thi,Tỉnh Nghệ An,Phường Trường Vinh
Tỉnh Nghệ An,Thành phố Vinh,Phường Vinh Tân,Tỉnh Nghệ An,Phường Trường Vinh
Tỉnh Nghệ An,Thành phố Vinh,Phường Đông Vĩnh,Tỉnh Nghệ An,Phường Thành Vinh
Tỉnh Nghệ An,Thành phố Vinh,Xã Hưng Chính,Tỉnh Nghệ An,Phường Thành Vinh
Tỉnh Nghệ An,Thành phố Vinh,Xã Hưng Hòa,Tỉnh Nghệ An,Phường Trường Vinh
Tỉnh Nghệ An,Thành phố Vinh,Xã Nghi Kim,Tỉnh Nghệ An,Phường Vinh Hưng
Tỉnh Nghệ An,Thành phố Vinh,Xã Nghi Liên,Tỉnh Nghệ An,Phường Vinh Hưng
Tỉnh Nghệ An,Thành phố Vinh,Xã Nghi Phong,Tỉnh Nghệ An,Phường Vinh Lộc
Tỉnh Nghệ An,Thành phố Vinh,Xã Nghi Thái,Tỉnh Nghệ An,Phường Vinh Lộc
Tỉnh Nghệ An,Thành phố Vinh,Xã Nghi Xuân,Tỉnh Nghệ An,Phường Vinh Lộc
Tỉnh Nghệ An,Thành phố Vinh,Xã Nghi Ân,Tỉnh Nghệ An,Phường Vinh Phú
Tỉnh Nghệ An,Thành phố Vinh,Xã Phúc Thọ,Tỉnh Nghệ An,Phường Vinh Lộc
Tỉnh Nghệ An,Thị xã Hoàng Mai,Phường Mai Hùng,Tỉnh Nghệ An,Phường Quỳnh Mai
Tỉnh Nghệ An,Thị xã Hoàng Mai,Phường Quỳnh Dị,Tỉnh Nghệ An,Phường Tân Mai
Tỉnh Nghệ An,Thị xã Hoàng Mai,Phường Quỳnh Phương,Tỉnh Nghệ An,Phường Quỳnh Mai
Tỉnh Nghệ An,Thị xã Hoàng Mai,Phường Quỳnh Thiện,Tỉnh Nghệ An,Phường Hoàng Mai
Tỉnh Nghệ An,Thị xã Hoàng Mai,Phường Quỳnh Xuân,Tỉnh Nghệ An,Phường Quỳnh Mai
Tỉnh Nghệ An,Thị xã Hoàng Mai,Xã Quỳnh Liên,Tỉnh Nghệ An,Phường Quỳnh Mai
Tỉnh Nghệ An,Thị xã Hoàng Mai,Xã Quỳnh Lập,Tỉnh Nghệ An,Phường Tân Mai
Tỉnh Nghệ An,Thị xã Hoàng Mai,Xã Quỳnh Lộc,Tỉnh Nghệ An,Phường Tân Mai
Tỉnh Nghệ An,Thị xã Hoàng Mai,Xã Quỳnh Trang,Tỉnh Nghệ An,Phường Hoàng Mai
Tỉnh Nghệ An,Thị xã Hoàng Mai,Xã Quỳnh Vinh,Tỉnh Nghệ An,Phường Hoàng Mai
Tỉnh Nghệ An,Thị xã Thái Hoà,Phường Hoà Hiếu,Tỉnh Nghệ An,Phường Thái Hoà
Tỉnh Nghệ An,Thị xã Thái Hoà,Phường Long Sơn,Tỉnh Nghệ An,Phường Thái Hoà
Tỉnh Nghệ An,Thị xã Thái Hoà,Phường Quang Phong,Tỉnh Nghệ An,Phường Thái Hoà
Tỉnh Nghệ An,Thị xã Thái Hoà,Phường Quang Tiến,Tỉnh Nghệ An,Phường Tây Hiếu
Tỉnh Nghệ An,Thị xã Thái Hoà,Xã Nghĩa Mỹ,Tỉnh Nghệ An,Xã Đông Hiếu
Tỉnh Nghệ An,Thị xã Thái Hoà,Xã Nghĩa Thuận,Tỉnh Nghệ An,Xã Đông Hiếu
Tỉnh Nghệ An,Thị xã Thái Hoà,Xã Nghĩa Tiến,Tỉnh Nghệ An,Phường Tây Hiếu
Tỉnh Nghệ An,Thị xã Thái Hoà,Xã Tây Hiếu,Tỉnh Nghệ An,Phường Tây Hiếu
Tỉnh Nghệ An,Thị xã Thái Hoà,Xã Đông Hiếu,Tỉnh Nghệ An,Xã Đông Hiếu
Tỉnh Ninh Bình,Huyện Gia Viễn,Thị trấn Thịnh Vượng,Tỉnh Ninh Bình,Xã Gia Viễn
Tỉnh Ninh Bình,Huyện Gia Viễn,Xã Gia Hòa,Tỉnh Ninh Bình,Xã Gia Viễn
Tỉnh Ninh Bình,Huyện Gia Viễn,Xã Gia Hưng,Tỉnh Ninh Bình,Xã Gia Hưng
Tỉnh Ninh Bình,Huyện Gia Viễn,Xã Gia Lạc,Tỉnh Ninh Bình,Xã Gia Phong
Tỉnh Ninh Bình,Huyện Gia Viễn,Xã Gia Lập,Tỉnh Ninh Bình,Xã Gia Vân
Tỉnh Ninh Bình,Huyện Gia Viễn,Xã Gia Minh,Tỉnh Ninh Bình,Xã Gia Phong
Tỉnh Ninh Bình,Huyện Gia Viễn,Xã Gia Phong,Tỉnh Ninh Bình,Xã Gia Phong
Tỉnh Ninh Bình,Huyện Gia Viễn,Xã Gia Phú,Tỉnh Ninh Bình,Xã Gia Hưng
Tỉnh Ninh Bình,Huyện Gia Viễn,Xã Gia Phương,Tỉnh Ninh Bình,Xã Đại Hoàng
Tỉnh Ninh Bình,Huyện Gia Viễn,Xã Gia Thanh,Tỉnh Ninh Bình,Xã Gia Trấn
Tỉnh Ninh Bình,Huyện Gia Viễn,Xã Gia Trung,Tỉnh Ninh Bình,Xã Đại Hoàng
Tỉnh Ninh Bình,Huyện Gia Viễn,Xã Gia Trấn,Tỉnh Ninh Bình,Xã Gia Trấn
Tỉnh Ninh Bình,Huyện Gia Viễn,Xã Gia Xuân,Tỉnh Ninh Bình,Xã Gia Trấn
Tỉnh Ninh Bình,Huyện Gia Viễn,Xã Liên Sơn,Tỉnh Ninh Bình,Xã Gia Hưng
Tỉnh Ninh Bình,Huyện Gia Viễn,Xã Tiến Thắng,Tỉnh Ninh Bình,Xã Đại Hoàng
Tỉnh Ninh Bình,Huyện Kim Sơn,Thị trấn Bình Minh,Tỉnh Ninh Bình,Xã Bình Minh
Tỉnh Ninh Bình,Huyện Kim Sơn,Thị trấn Phát Diệm,Tỉnh Ninh Bình,Xã Phát Diệm
Tỉnh Ninh Bình,Huyện Kim Sơn,Xã Chất Bình,Tỉnh Ninh Bình,Xã Chất Bình
Tỉnh Ninh Bình,Huyện Kim Sơn,Xã Cồn Thoi,Tỉnh Ninh Bình,Xã Bình Minh
Tỉnh Ninh Bình,Huyện Kim Sơn,Xã Hùng Tiến,Tỉnh Ninh Bình,Xã Kim Sơn
Tỉnh Ninh Bình,Huyện Kim Sơn,Xã Hồi Ninh,Tỉnh Ninh Bình,Xã Chất Bình
Tỉnh Ninh Bình,Huyện Kim Sơn,Xã Kim Chính,Tỉnh Ninh Bình,Xã Phát Diệm
Tỉnh Ninh Bình,Huyện Kim Sơn,Xã Kim Mỹ,Tỉnh Ninh Bình,Xã Bình Minh
Tỉnh Ninh Bình,Huyện Kim Sơn,Xã Kim Trung,Tỉnh Ninh Bình,Xã Kim Đông
Tỉnh Ninh Bình,Huyện Kim Sơn,Xã Kim Tân,Tỉnh Ninh Bình,Xã Định Hoá
Tỉnh Ninh Bình,Huyện Kim Sơn,Xã Kim Định,Tỉnh Ninh Bình,Xã Kim Sơn
Tỉnh Ninh Bình,Huyện Kim Sơn,Xã Lai Thành,Tỉnh Ninh Bình,Xã Lai Thành
Tỉnh Ninh Bình,Huyện Kim Sơn,Xã Như Hòa,Tỉnh Ninh Bình,Xã Quang Thiện
Tỉnh Ninh Bình,Huyện Kim Sơn,Xã Quang Thiện,Tỉnh Ninh Bình,Xã Quang Thiện
Tỉnh Ninh Bình,Huyện Kim Sơn,Xã Thượng Kiệm,Tỉnh Ninh Bình,Xã Phát Diệm
Tỉnh Ninh Bình,Huyện Kim Sơn,Xã Tân Thành,Tỉnh Ninh Bình,Xã Lai Thành
Tỉnh Ninh Bình,Huyện Kim Sơn,Xã Văn Hải,Tỉnh Ninh Bình,Xã Định Hoá
Tỉnh Ninh Bình,Huyện Kim Sơn,Xã Xuân Chính,Tỉnh Ninh Bình,Xã Chất Bình
Tỉnh Ninh Bình,Huyện Kim Sơn,Xã Yên Lộc,Tỉnh Ninh Bình,Xã Lai Thành
Tỉnh Ninh Bình,Huyện Kim Sơn,Xã Ân Hòa,Tỉnh Ninh Bình,Xã Kim Sơn
Tỉnh Ninh Bình,Huyện Kim Sơn,Xã Định Hóa,Tỉnh Ninh Bình,Xã Định Hoá
Tỉnh Ninh Bình,Huyện Kim Sơn,Xã Đồng Hướng,Tỉnh Ninh Bình,Xã Quang Thiện
Tỉnh Ninh Bình,Huyện Nho Quan,Thị trấn Nho Quan,Tỉnh Ninh Bình,Xã Nho Quan
Tỉnh Ninh Bình,Huyện Nho Quan,Xã Cúc Phương,Tỉnh Ninh Bình,Xã Cúc Phương
Tỉnh Ninh Bình,Huyện Nho Quan,Xã Gia Lâm,Tỉnh Ninh Bình,Xã Gia Lâm
Tỉnh Ninh Bình,Huyện Nho Quan,Xã Gia Sơn,Tỉnh Ninh Bình,Xã Gia Lâm
Tỉnh Ninh Bình,Huyện Nho Quan,Xã Gia Thủy,Tỉnh Ninh Bình,Xã Gia Tường
Tỉnh Ninh Bình,Huyện Nho Quan,Xã Gia Tường,Tỉnh Ninh Bình,Xã Gia Tường
Tỉnh Ninh Bình,Huyện Nho Quan,Xã Kỳ Phú,Tỉnh Ninh Bình,Xã Phú Long
Tỉnh Ninh Bình,Huyện Nho Quan,Xã Lạc Vân,Tỉnh Ninh Bình,Xã Phú Sơn
Tỉnh Ninh Bình,Huyện Nho Quan,Xã Phú Long,Tỉnh Ninh Bình,Xã Phú Long
Tỉnh Ninh Bình,Huyện Nho Quan,Xã Phú Lộc,Tỉnh Ninh Bình,Xã Quỳnh Lưu
Tỉnh Ninh Bình,Huyện Nho Quan,Xã Phú Sơn,Tỉnh Ninh Bình,Xã Phú Sơn
Tỉnh Ninh Bình,Huyện Nho Quan,Xã Phúc Sơn,Tỉnh Ninh Bình,Phường Tây Hoa Lư
Tỉnh Ninh Bình,Huyện Nho Quan,Xã Quảng Lạc,Tỉnh Ninh Bình,Phường Yên Sơn
Tỉnh Ninh Bình,Huyện Nho Quan,Xã Quỳnh Lưu,Tỉnh Ninh Bình,Xã Quỳnh Lưu
Tỉnh Ninh Bình,Huyện Nho Quan,Xã Thanh Sơn,Tỉnh Ninh Bình,Xã Thanh Sơn
Tỉnh Ninh Bình,Huyện Nho Quan,Xã Thượng Hòa,Tỉnh Ninh Bình,Xã Thanh Sơn
Tỉnh Ninh Bình,Huyện Nho Quan,Xã Thạch Bình,Tỉnh Ninh Bình,Xã Phú Sơn
Tỉnh Ninh Bình,Huyện Nho Quan,Xã Văn Phú,Tỉnh Ninh Bình,Xã Thanh Sơn
Tỉnh Ninh Bình,Huyện Nho Quan,Xã Văn Phương,Tỉnh Ninh Bình,Xã Cúc Phương
Tỉnh Ninh Bình,Huyện Nho Quan,Xã Xích Thổ,Tỉnh Ninh Bình,Xã Gia Lâm
Tỉnh Ninh Bình,Huyện Nho Quan,Xã Yên Quang,Tỉnh Ninh Bình,Xã Nho Quan
Tỉnh Ninh Bình,Huyện Nho Quan,Xã Đồng Phong,Tỉnh Ninh Bình,Xã Nho Quan
Tỉnh Ninh Bình,Huyện Nho Quan,Xã Đức Long,Tỉnh Ninh Bình,Xã Gia Tường
Tỉnh Ninh Bình,Huyện Yên Khánh,Thị trấn Yên Ninh,Tỉnh Ninh Bình,Xã Yên Khánh
Tỉnh Ninh Bình,Huyện Yên Khánh,Xã Khánh An,Tỉnh Ninh Bình,Phường Đông Hoa Lư
Tỉnh Ninh Bình,Huyện Yên Khánh,Xã Khánh Công,Tỉnh Ninh Bình,Xã Khánh Trung
Tỉnh Ninh Bình,Huyện Yên Khánh,Xã Khánh Cư,Tỉnh Ninh Bình,Xã Yên Khánh
Tỉnh Ninh Bình,Huyện Yên Khánh,Xã Khánh Cường,Tỉnh Ninh Bình,Xã Khánh Thiện
Tỉnh Ninh Bình,Huyện Yên Khánh,Xã Khánh Hòa,Tỉnh Ninh Bình,Phường Đông Hoa Lư
Tỉnh Ninh Bình,Huyện Yên Khánh,Xã Khánh Hải,Tỉnh Ninh Bình,Xã Yên Khánh
Tỉnh Ninh Bình,Huyện Yên Khánh,Xã Khánh Hồng,Tỉnh Ninh Bình,Xã Khánh Nhạc
Tỉnh Ninh Bình,Huyện Yên Khánh,Xã Khánh Hội,Tỉnh Ninh Bình,Xã Khánh Hội
Tỉnh Ninh Bình,Huyện Yên Khánh,Xã Khánh Lợi,Tỉnh Ninh Bình,Xã Khánh Thiện
Tỉnh Ninh Bình,Huyện Yên Khánh,Xã Khánh Mậu,Tỉnh Ninh Bình,Xã Khánh Hội
Tỉnh Ninh Bình,Huyện Yên Khánh,Xã Khánh Nhạc,Tỉnh Ninh Bình,Xã Khánh Nhạc
Tỉnh Ninh Bình,Huyện Yên Khánh,Xã Khánh Phú,Tỉnh Ninh Bình,Phường Đông Hoa Lư
Tỉnh Ninh Bình,Huyện Yên Khánh,Xã Khánh Thiện,Tỉnh Ninh Bình,Xã Khánh Thiện
Tỉnh Ninh Bình,Huyện Yên Khánh,Xã Khánh Thành,Tỉnh Ninh Bình,Xã Khánh Trung
Tỉnh Ninh Bình,Huyện Yên Khánh,Xã Khánh Thủy,Tỉnh Ninh Bình,Xã Khánh Hội
Tỉnh Ninh Bình,Huyện Yên Khánh,Xã Khánh Trung,Tỉnh Ninh Bình,Xã Khánh Trung
Tỉnh Ninh Bình,Huyện Yên Khánh,Xã Khánh Vân,Tỉnh Ninh Bình,Xã Yên Khánh
Tỉnh Ninh Bình,Huyện Yên Mô,Thị trấn Yên Thịnh,Tỉnh Ninh Bình,Xã Yên Mô
Tỉnh Ninh Bình,Huyện Yên Mô,Xã Khánh Dương,Tỉnh Ninh Bình,Xã Yên Mô
Tỉnh Ninh Bình,Huyện Yên Mô,Xã Khánh Thượng,Tỉnh Ninh Bình,Phường Yên Thắng
Tỉnh Ninh Bình,Huyện Yên Mô,Xã Yên Hòa,Tỉnh Ninh Bình,Xã Yên Mô
Tỉnh Ninh Bình,Huyện Yên Mô,Xã Yên Lâm,Tỉnh Ninh Bình,Xã Yên Mạc
Tỉnh Ninh Bình,Huyện Yên Mô,Xã Yên Mạc,Tỉnh Ninh Bình,Xã Yên Mạc
Tỉnh Ninh Bình,Huyện Yên Mô,Xã Yên Mỹ,Tỉnh Ninh Bình,Xã Yên Mạc
Tỉnh Ninh Bình,Huyện Yên Mô,Xã Yên Nhân,Tỉnh Ninh Bình,Xã Yên Từ
Tỉnh Ninh Bình,Huyện Yên Mô,Xã Yên Thành,Tỉnh Ninh Bình,Xã Đồng Thái
Tỉnh Ninh Bình,Huyện Yên Mô,Xã Yên Thái,Tỉnh Ninh Bình,Xã Đồng Thái
Tỉnh Ninh Bình,Huyện Yên Mô,Xã Yên Thắng,Tỉnh Ninh Bình,Phường Yên Thắng
Tỉnh Ninh Bình,Huyện Yên Mô,Xã Yên Từ,Tỉnh Ninh Bình,Xã Yên Từ
Tỉnh Ninh Bình,Huyện Yên Mô,Xã Yên Đồng,Tỉnh Ninh Bình,Xã Đồng Thái
Tỉnh Ninh Bình,Thành phố Hoa Lư,Phường Bích Đào,Tỉnh Ninh Bình,Phường Hoa Lư
Tỉnh Ninh Bình,Thành phố Hoa Lư,Phường Nam Bình,Tỉnh Ninh Bình,Phường Hoa Lư
Tỉnh Ninh Bình,Thành phố Hoa Lư,Phường Nam Thành,Tỉnh Ninh Bình,Phường Hoa Lư
Tỉnh Ninh Bình,Thành phố Hoa Lư,Phường Ninh Giang,Tỉnh Ninh Bình,Phường Tây Hoa Lư
Tỉnh Ninh Bình,Thành phố Hoa Lư,Phường Ninh Khánh,Tỉnh Ninh Bình,Phường Hoa Lư
Tỉnh Ninh Bình,Thành phố Hoa Lư,Phường Ninh Mỹ,Tỉnh Ninh Bình,Phường Hoa Lư
Tỉnh Ninh Bình,Thành phố Hoa Lư,Phường Ninh Phong,Tỉnh Ninh Bình,Phường Nam Hoa Lư
Tỉnh Ninh Bình,Thành phố Hoa Lư,Phường Ninh Phúc,Tỉnh Ninh Bình,Phường Đông Hoa Lư
Tỉnh Ninh Bình,Thành phố Hoa Lư,Phường Ninh Sơn,Tỉnh Ninh Bình,Phường Nam Hoa Lư
Tỉnh Ninh Bình,Thành phố Hoa Lư,Phường Tân Thành,Tỉnh Ninh Bình,Phường Hoa Lư
Tỉnh Ninh Bình,Thành phố Hoa Lư,Phường Vân Giang,Tỉnh Ninh Bình,Phường Hoa Lư
Tỉnh Ninh Bình,Thành phố Hoa Lư,Phường Đông Thành,Tỉnh Ninh Bình,Phường Hoa Lư
Tỉnh Ninh Bình,Thành phố Hoa Lư,Xã Ninh An,Tỉnh Ninh Bình,Phường Nam Hoa Lư
Tỉnh Ninh Bình,Thành phố Hoa Lư,Xã Ninh Hòa,Tỉnh Ninh Bình,Phường Tây Hoa Lư
Tỉnh Ninh Bình,Thành phố Hoa Lư,Xã Ninh Hải,Tỉnh Ninh Bình,Phường Nam Hoa Lư
Tỉnh Ninh Bình,Thành phố Hoa Lư,Xã Ninh Khang,Tỉnh Ninh Bình,Phường Hoa Lư
Tỉnh Ninh Bình,Thành phố Hoa Lư,Xã Ninh Nhất,Tỉnh Ninh Bình,Phường Hoa Lư
Tỉnh Ninh Bình,Thành phố Hoa Lư,Xã Ninh Tiến,Tỉnh Ninh Bình,Phường Hoa Lư
Tỉnh Ninh Bình,Thành phố Hoa Lư,Xã Ninh Vân,Tỉnh Ninh Bình,Phường Nam Hoa Lư
Tỉnh Ninh Bình,Thành phố Hoa Lư,Xã Trường Yên,Tỉnh Ninh Bình,Phường Tây Hoa Lư
Tỉnh Ninh Bình,Thành phố Tam Điệp,Phường Bắc Sơn,Tỉnh Ninh Bình,Phường Tam Điệp
Tỉnh Ninh Bình,Thành phố Tam Điệp,Phường Nam Sơn,Tỉnh Ninh Bình,Phường Trung Sơn
Tỉnh Ninh Bình,Thành phố Tam Điệp,Phường Trung Sơn,Tỉnh Ninh Bình,Phường Trung Sơn
Tỉnh Ninh Bình,Thành phố Tam Điệp,Phường Tân Bình,Tỉnh Ninh Bình,Phường Yên Sơn
Tỉnh Ninh Bình,Thành phố Tam Điệp,Phường Tây Sơn,Tỉnh Ninh Bình,Phường Tam Điệp
Tỉnh Ninh Bình,Thành phố Tam Điệp,Phường Yên Bình,Tỉnh Ninh Bình,Phường Yên Thắng
Tỉnh Ninh Bình,Thành phố Tam Điệp,Xã Quang Sơn,Tỉnh Ninh Bình,Phường Tam Điệp
Tỉnh Ninh Bình,Thành phố Tam Điệp,Xã Yên Sơn,Tỉnh Ninh Bình,Phường Yên Sơn
Tỉnh Ninh Bình,Thành phố Tam Điệp,Xã Đông Sơn,Tỉnh Ninh Bình,Phường Trung Sơn
Tỉnh Ninh Thuận,Huyện Bác Ái,Xã Phước Bình,Tỉnh Khánh Hoà,Xã Bác Ái Tây
Tỉnh Ninh Thuận,Huyện Bác Ái,Xã Phước Chính,Tỉnh Khánh Hoà,Xã Bác Ái
Tỉnh Ninh Thuận,Huyện Bác Ái,Xã Phước Hòa,Tỉnh Khánh Hoà,Xã Bác Ái Tây
Tỉnh Ninh Thuận,Huyện Bác Ái,Xã Phước Thành,Tỉnh Khánh Hoà,Xã Bác Ái Đông
Tỉnh Ninh Thuận,Huyện Bác Ái,Xã Phước Thắng,Tỉnh Khánh Hoà,Xã Bác Ái
Tỉnh Ninh Thuận,Huyện Bác Ái,Xã Phước Tiến,Tỉnh Khánh Hoà,Xã Bác Ái
Tỉnh Ninh Thuận,Huyện Bác Ái,Xã Phước Trung,Tỉnh Khánh Hoà,Xã Mỹ Sơn
Tỉnh Ninh Thuận,Huyện Bác Ái,Xã Phước Tân,Tỉnh Khánh Hoà,Xã Bác Ái Tây
Tỉnh Ninh Thuận,Huyện Bác Ái,Xã Phước Đại,Tỉnh Khánh Hoà,Xã Bác Ái Đông
Tỉnh Ninh Thuận,Huyện Ninh Hải,Thị trấn Khánh Hải,Tỉnh Khánh Hoà,Phường Ninh Chử
Tỉnh Ninh Thuận,Huyện Ninh Hải,Xã Hộ Hải,Tỉnh Khánh Hoà,Xã Xuân Hải
Tỉnh Ninh Thuận,Huyện Ninh Hải,Xã Nhơn Hải,Tỉnh Khánh Hoà,Xã Vĩnh Hải
Tỉnh Ninh Thuận,Huyện Ninh Hải,Xã Phương Hải,Tỉnh Khánh Hoà,Xã Ninh Hải
Tỉnh Ninh Thuận,Huyện Ninh Hải,Xã Thanh Hải,Tỉnh Khánh Hoà,Xã Vĩnh Hải
Tỉnh Ninh Thuận,Huyện Ninh Hải,Xã Tri Hải,Tỉnh Khánh Hoà,Xã Ninh Hải
Tỉnh Ninh Thuận,Huyện Ninh Hải,Xã Tân Hải,Tỉnh Khánh Hoà,Xã Xuân Hải
Tỉnh Ninh Thuận,Huyện Ninh Hải,Xã Vĩnh Hải,Tỉnh Khánh Hoà,Xã Vĩnh Hải
Tỉnh Ninh Thuận,Huyện Ninh Hải,Xã Xuân Hải,Tỉnh Khánh Hoà,Xã Xuân Hải
Tỉnh Ninh Thuận,Huyện Ninh Phước,Thị trấn Phước Dân,Tỉnh Khánh Hoà,Xã Ninh Phước
Tỉnh Ninh Thuận,Huyện Ninh Phước,Xã An Hải,Tỉnh Khánh Hoà,Xã Phước Dinh
Tỉnh Ninh Thuận,Huyện Ninh Phước,Xã Phước Hải,Tỉnh Khánh Hoà,Xã Ninh Phước
Tỉnh Ninh Thuận,Huyện Ninh Phước,Xã Phước Hậu,Tỉnh Khánh Hoà,Xã Phước Hậu
Tỉnh Ninh Thuận,Huyện Ninh Phước,Xã Phước Hữu,Tỉnh Khánh Hoà,Xã Phước Hữu
Tỉnh Ninh Thuận,Huyện Ninh Phước,Xã Phước Sơn,Tỉnh Khánh Hoà,Xã Phước Hậu
Tỉnh Ninh Thuận,Huyện Ninh Phước,Xã Phước Thuận,Tỉnh Khánh Hoà,Xã Ninh Phước
Tỉnh Ninh Thuận,Huyện Ninh Phước,Xã Phước Thái,Tỉnh Khánh Hoà,Xã Phước Hữu
Tỉnh Ninh Thuận,Huyện Ninh Phước,Xã Phước Vinh,Tỉnh Khánh Hoà,Xã Phước Hậu
Tỉnh Ninh Thuận,Huyện Ninh Sơn,Thị trấn Tân Sơn,Tỉnh Khánh Hoà,Xã Ninh Sơn
Tỉnh Ninh Thuận,Huyện Ninh Sơn,Xã Hòa Sơn,Tỉnh Khánh Hoà,Xã Anh Dũng
Tỉnh Ninh Thuận,Huyện Ninh Sơn,Xã Lâm Sơn,Tỉnh Khánh Hoà,Xã Lâm Sơn
Tỉnh Ninh Thuận,Huyện Ninh Sơn,Xã Lương Sơn,Tỉnh Khánh Hoà,Xã Lâm Sơn
Tỉnh Ninh Thuận,Huyện Ninh Sơn,Xã Ma Nới,Tỉnh Khánh Hoà,Xã Anh Dũng
Tỉnh Ninh Thuận,Huyện Ninh Sơn,Xã Mỹ Sơn,Tỉnh Khánh Hoà,Xã Mỹ Sơn
Tỉnh Ninh Thuận,Huyện Ninh Sơn,Xã Nhơn Sơn,Tỉnh Khánh Hoà,Phường Đô Vinh
Tỉnh Ninh Thuận,Huyện Ninh Sơn,Xã Quảng Sơn,Tỉnh Khánh Hoà,Xã Ninh Sơn
Tỉnh Ninh Thuận,Huyện Thuận Bắc,Xã Bắc Phong,Tỉnh Khánh Hoà,Xã Thuận Bắc
Tỉnh Ninh Thuận,Huyện Thuận Bắc,Xã Bắc Sơn,Tỉnh Khánh Hoà,Xã Ninh Hải
Tỉnh Ninh Thuận,Huyện Thuận Bắc,Xã Công Hải,Tỉnh Khánh Hoà,Xã Công Hải
Tỉnh Ninh Thuận,Huyện Thuận Bắc,Xã Lợi Hải,Tỉnh Khánh Hoà,Xã Thuận Bắc
Tỉnh Ninh Thuận,Huyện Thuận Bắc,Xã Phước Chiến,Tỉnh Khánh Hoà,Xã Công Hải
Tỉnh Ninh Thuận,Huyện Thuận Bắc,Xã Phước Kháng,Tỉnh Khánh Hoà,Xã Thuận Bắc
Tỉnh Ninh Thuận,Huyện Thuận Nam,Xã Cà Ná,Tỉnh Khánh Hoà,Xã Cà Ná
Tỉnh Ninh Thuận,Huyện Thuận Nam,Xã Nhị Hà,Tỉnh Khánh Hoà,Xã Phước Hà
Tỉnh Ninh Thuận,Huyện Thuận Nam,Xã Phước Dinh,Tỉnh Khánh Hoà,Xã Phước Dinh
Tỉnh Ninh Thuận,Huyện Thuận Nam,Xã Phước Diêm,Tỉnh Khánh Hoà,Xã Cà Ná
Tỉnh Ninh Thuận,Huyện Thuận Nam,Xã Phước Hà,Tỉnh Khánh Hoà,Xã Phước Hà
Tỉnh Ninh Thuận,Huyện Thuận Nam,Xã Phước Minh,Tỉnh Khánh Hoà,Xã Thuận Nam
Tỉnh Ninh Thuận,Huyện Thuận Nam,Xã Phước Nam,Tỉnh Khánh Hoà,Xã Thuận Nam
Tỉnh Ninh Thuận,Huyện Thuận Nam,Xã Phước Ninh,Tỉnh Khánh Hoà,Xã Thuận Nam
Tỉnh Ninh Thuận,Thành phố Phan Rang-Tháp Chàm,Phường Bảo An,Tỉnh Khánh Hoà,Phường Bảo An
Tỉnh Ninh Thuận,Thành phố Phan Rang-Tháp Chàm,Phường Kinh Dinh,Tỉnh Khánh Hoà,Phường Phan Rang
Tỉnh Ninh Thuận,Thành phố Phan Rang-Tháp Chàm,Phường Mỹ Bình,Tỉnh Khánh Hoà,Phường Đông Hải
Tỉnh Ninh Thuận,Thành phố Phan Rang-Tháp Chàm,Phường Mỹ Hải,Tỉnh Khánh Hoà,Phường Đông Hải
Tỉnh Ninh Thuận,Thành phố Phan Rang-Tháp Chàm,Phường Mỹ Đông,Tỉnh Khánh Hoà,Phường Đông Hải
Tỉnh Ninh Thuận,Thành phố Phan Rang-Tháp Chàm,Phường Phước Mỹ,Tỉnh Khánh Hoà,Phường Bảo An
Tỉnh Ninh Thuận,Thành phố Phan Rang-Tháp Chàm,Phường Phủ Hà,Tỉnh Khánh Hoà,Phường Phan Rang
Tỉnh Ninh Thuận,Thành phố Phan Rang-Tháp Chàm,Phường Văn Hải,Tỉnh Khánh Hoà,Phường Ninh Chử
Tỉnh Ninh Thuận,Thành phố Phan Rang-Tháp Chàm,Phường Đài Sơn,Tỉnh Khánh Hoà,Phường Phan Rang
Tỉnh Ninh Thuận,Thành phố Phan Rang-Tháp Chàm,Phường Đô Vinh,Tỉnh Khánh Hoà,Phường Đô Vinh
Tỉnh Ninh Thuận,Thành phố Phan Rang-Tháp Chàm,Phường Đông Hải,Tỉnh Khánh Hoà,Phường Đông Hải
Tỉnh Ninh Thuận,Thành phố Phan Rang-Tháp Chàm,Phường Đông Hải,Tỉnh Khánh Hoà,Xã Phước Dinh
Tỉnh Ninh Thuận,Thành phố Phan Rang-Tháp Chàm,Phường Đạo Long,Tỉnh Khánh Hoà,Phường Phan Rang
Tỉnh Ninh Thuận,Thành phố Phan Rang-Tháp Chàm,Xã Thành Hải,Tỉnh Khánh Hoà,Phường Bảo An
Tỉnh Phú Thọ,Huyện Cẩm Khê,Thị trấn Cẩm Khê,Tỉnh Phú Thọ,Xã Cẩm Khê
Tỉnh Phú Thọ,Huyện Cẩm Khê,Xã Hùng Việt,Tỉnh Phú Thọ,Xã Hùng Việt
Tỉnh Phú Thọ,Huyện Cẩm Khê,Xã Hương Lung,Tỉnh Phú Thọ,Xã Phú Khê
Tỉnh Phú Thọ,Huyện Cẩm Khê,Xã Minh Thắng,Tỉnh Phú Thọ,Xã Tiên Lương
Tỉnh Phú Thọ,Huyện Cẩm Khê,Xã Minh Tân,Tỉnh Phú Thọ,Xã Cẩm Khê
Tỉnh Phú Thọ,Huyện Cẩm Khê,Xã Nhật Tiến,Tỉnh Phú Thọ,Xã Hùng Việt
Tỉnh Phú Thọ,Huyện Cẩm Khê,Xã Phong Thịnh,Tỉnh Phú Thọ,Xã Cẩm Khê
Tỉnh Phú Thọ,Huyện Cẩm Khê,Xã Phú Khê,Tỉnh Phú Thọ,Xã Phú Khê
Tỉnh Phú Thọ,Huyện Cẩm Khê,Xã Phượng Vĩ,Tỉnh Phú Thọ,Xã Tiên Lương
Tỉnh Phú Thọ,Huyện Cẩm Khê,Xã Tam Sơn,Tỉnh Phú Thọ,Xã Vân Bán
Tỉnh Phú Thọ,Huyện Cẩm Khê,Xã Tiên Lương,Tỉnh Phú Thọ,Xã Tiên Lương
Tỉnh Phú Thọ,Huyện Cẩm Khê,Xã Tùng Khê,Tỉnh Phú Thọ,Xã Vân Bán
Tỉnh Phú Thọ,Huyện Cẩm Khê,Xã Văn Bán,Tỉnh Phú Thọ,Xã Vân Bán
Tỉnh Phú Thọ,Huyện Cẩm Khê,Xã Yên Dưỡng,Tỉnh Phú Thọ,Xã Đồng Lương
Tỉnh Phú Thọ,Huyện Cẩm Khê,Xã Điêu Lương,Tỉnh Phú Thọ,Xã Đồng Lương
Tỉnh Phú Thọ,Huyện Cẩm Khê,Xã Đồng Lương,Tỉnh Phú Thọ,Xã Đồng Lương
Tỉnh Phú Thọ,Huyện Hạ Hoà,Thị trấn Hạ Hoà,Tỉnh Phú Thọ,Xã Hạ Hoà
Tỉnh Phú Thọ,Huyện Hạ Hoà,Xã Bằng Giã,Tỉnh Phú Thọ,Xã Văn Lang
Tỉnh Phú Thọ,Huyện Hạ Hoà,Xã Gia Điền,Tỉnh Phú Thọ,Xã Hạ Hoà
Tỉnh Phú Thọ,Huyện Hạ Hoà,Xã Hiền Lương,Tỉnh Phú Thọ,Xã Hiền Lương
Tỉnh Phú Thọ,Huyện Hạ Hoà,Xã Hà Lương,Tỉnh Phú Thọ,Xã Đan Thượng
Tỉnh Phú Thọ,Huyện Hạ Hoà,Xã Hương Xạ,Tỉnh Phú Thọ,Xã Yên Kỳ
Tỉnh Phú Thọ,Huyện Hạ Hoà,Xã Lang Sơn,Tỉnh Phú Thọ,Xã Vĩnh Chân
Tỉnh Phú Thọ,Huyện Hạ Hoà,Xã Minh Côi,Tỉnh Phú Thọ,Xã Văn Lang
Tỉnh Phú Thọ,Huyện Hạ Hoà,Xã Minh Hạc,Tỉnh Phú Thọ,Xã Hạ Hoà
Tỉnh Phú Thọ,Huyện Hạ Hoà,Xã Phương Viên,Tỉnh Phú Thọ,Xã Yên Kỳ
Tỉnh Phú Thọ,Huyện Hạ Hoà,Xã Tứ Hiệp,Tỉnh Phú Thọ,Xã Đan Thượng
Tỉnh Phú Thọ,Huyện Hạ Hoà,Xã Vô Tranh,Tỉnh Phú Thọ,Xã Văn Lang
Tỉnh Phú Thọ,Huyện Hạ Hoà,Xã Văn Lang,Tỉnh Phú Thọ,Xã Văn Lang
Tỉnh Phú Thọ,Huyện Hạ Hoà,Xã Vĩnh Chân,Tỉnh Phú Thọ,Xã Vĩnh Chân
Tỉnh Phú Thọ,Huyện Hạ Hoà,Xã Xuân Áng,Tỉnh Phú Thọ,Xã Hiền Lương
Tỉnh Phú Thọ,Huyện Hạ Hoà,Xã Yên Kỳ,Tỉnh Phú Thọ,Xã Yên Kỳ
Tỉnh Phú Thọ,Huyện Hạ Hoà,Xã Yên Luật,Tỉnh Phú Thọ,Xã Vĩnh Chân
Tỉnh Phú Thọ,Huyện Hạ Hoà,Xã Đan Thượng,Tỉnh Phú Thọ,Xã Đan Thượng
Tỉnh Phú Thọ,Huyện Hạ Hoà,Xã Đại Phạm,Tỉnh Phú Thọ,Xã Đan Thượng
Tỉnh Phú Thọ,Huyện Hạ Hoà,Xã Ấm Hạ,Tỉnh Phú Thọ,Xã Hạ Hoà
Tỉnh Phú Thọ,Huyện Lâm Thao,Thị trấn Hùng Sơn,Tỉnh Phú Thọ,Xã Lâm Thao
Tỉnh Phú Thọ,Huyện Lâm Thao,Thị trấn Lâm Thao,Tỉnh Phú Thọ,Xã Lâm Thao
Tỉnh Phú Thọ,Huyện Lâm Thao,Xã Bản Nguyên,Tỉnh Phú Thọ,Xã Bản Nguyên
Tỉnh Phú Thọ,Huyện Lâm Thao,Xã Cao Xá,Tỉnh Phú Thọ,Xã Bản Nguyên
Tỉnh Phú Thọ,Huyện Lâm Thao,Xã Phùng Nguyên,Tỉnh Phú Thọ,Xã Phùng Nguyên
Tỉnh Phú Thọ,Huyện Lâm Thao,Xã Sơn Vi,Tỉnh Phú Thọ,Xã Phùng Nguyên
Tỉnh Phú Thọ,Huyện Lâm Thao,Xã Thạch Sơn,Tỉnh Phú Thọ,Xã Lâm Thao
Tỉnh Phú Thọ,Huyện Lâm Thao,Xã Tiên Kiên,Tỉnh Phú Thọ,Xã Xuân Lũng
Tỉnh Phú Thọ,Huyện Lâm Thao,Xã Tứ Xã,Tỉnh Phú Thọ,Xã Phùng Nguyên
Tỉnh Phú Thọ,Huyện Lâm Thao,Xã Vĩnh Lại,Tỉnh Phú Thọ,Xã Bản Nguyên
Tỉnh Phú Thọ,Huyện Lâm Thao,Xã Xuân Huy,Tỉnh Phú Thọ,Xã Xuân Lũng
Tỉnh Phú Thọ,Huyện Lâm Thao,Xã Xuân Lũng,Tỉnh Phú Thọ,Xã Xuân Lũng
Tỉnh Phú Thọ,Huyện Phù Ninh,Thị trấn Phong Châu,Tỉnh Phú Thọ,Xã Phù Ninh
Tỉnh Phú Thọ,Huyện Phù Ninh,Xã An Đạo,Tỉnh Phú Thọ,Xã Bình Phú
Tỉnh Phú Thọ,Huyện Phù Ninh,Xã Bình Phú,Tỉnh Phú Thọ,Xã Bình Phú
Tỉnh Phú Thọ,Huyện Phù Ninh,Xã Bảo Thanh,Tỉnh Phú Thọ,Xã Dân Chủ
Tỉnh Phú Thọ,Huyện Phù Ninh,Xã Gia Thanh,Tỉnh Phú Thọ,Xã Dân Chủ
Tỉnh Phú Thọ,Huyện Phù Ninh,Xã Hạ Giáp,Tỉnh Phú Thọ,Xã Dân Chủ
Tỉnh Phú Thọ,Huyện Phù Ninh,Xã Liên Hoa,Tỉnh Phú Thọ,Xã Phú Mỹ
Tỉnh Phú Thọ,Huyện Phù Ninh,Xã Lệ Mỹ,Tỉnh Phú Thọ,Xã Phú Mỹ
Tỉnh Phú Thọ,Huyện Phù Ninh,Xã Phù Ninh,Tỉnh Phú Thọ,Xã Phù Ninh
Tỉnh Phú Thọ,Huyện Phù Ninh,Xã Phú Lộc,Tỉnh Phú Thọ,Xã Phù Ninh
Tỉnh Phú Thọ,Huyện Phù Ninh,Xã Phú Mỹ,Tỉnh Phú Thọ,Xã Phú Mỹ
Tỉnh Phú Thọ,Huyện Phù Ninh,Xã Phú Nham,Tỉnh Phú Thọ,Xã Phù Ninh
Tỉnh Phú Thọ,Huyện Phù Ninh,Xã Tiên Du,Tỉnh Phú Thọ,Xã Bình Phú
Tỉnh Phú Thọ,Huyện Phù Ninh,Xã Tiên Phú,Tỉnh Phú Thọ,Xã Trạm Thản
Tỉnh Phú Thọ,Huyện Phù Ninh,Xã Trung Giáp,Tỉnh Phú Thọ,Xã Trạm Thản
Tỉnh Phú Thọ,Huyện Phù Ninh,Xã Trạm Thản,Tỉnh Phú Thọ,Xã Trạm Thản
Tỉnh Phú Thọ,Huyện Phù Ninh,Xã Trị Quận,Tỉnh Phú Thọ,Xã Dân Chủ
Tỉnh Phú Thọ,Huyện Tam Nông,Thị trấn Hưng Hoá,Tỉnh Phú Thọ,Xã Tam Nông
Tỉnh Phú Thọ,Huyện Tam Nông,Xã Bắc Sơn,Tỉnh Phú Thọ,Xã Hiền Quan
Tỉnh Phú Thọ,Huyện Tam Nông,Xã Dân Quyền,Tỉnh Phú Thọ,Xã Tam Nông
Tỉnh Phú Thọ,Huyện Tam Nông,Xã Dị Nậu,Tỉnh Phú Thọ,Xã Thọ Văn
Tỉnh Phú Thọ,Huyện Tam Nông,Xã Hiền Quan,Tỉnh Phú Thọ,Xã Hiền Quan
Tỉnh Phú Thọ,Huyện Tam Nông,Xã Hương Nộn,Tỉnh Phú Thọ,Xã Tam Nông
Tỉnh Phú Thọ,Huyện Tam Nông,Xã Lam Sơn,Tỉnh Phú Thọ,Xã Vạn Xuân
Tỉnh Phú Thọ,Huyện Tam Nông,Xã Quang Húc,Tỉnh Phú Thọ,Xã Vạn Xuân
Tỉnh Phú Thọ,Huyện Tam Nông,Xã Thanh Uyên,Tỉnh Phú Thọ,Xã Hiền Quan
Tỉnh Phú Thọ,Huyện Tam Nông,Xã Thọ Văn,Tỉnh Phú Thọ,Xã Thọ Văn
Tỉnh Phú Thọ,Huyện Tam Nông,Xã Tề Lễ,Tỉnh Phú Thọ,Xã Thọ Văn
Tỉnh Phú Thọ,Huyện Tam Nông,Xã Vạn Xuân,Tỉnh Phú Thọ,Xã Vạn Xuân
Tỉnh Phú Thọ,Huyện Thanh Ba,Thị trấn Thanh Ba,Tỉnh Phú Thọ,Xã Thanh Ba
Tỉnh Phú Thọ,Huyện Thanh Ba,Xã Chí Tiên,Tỉnh Phú Thọ,Xã Chí Tiên
Tỉnh Phú Thọ,Huyện Thanh Ba,Xã Hanh Cù,Tỉnh Phú Thọ,Xã Thanh Ba
Tỉnh Phú Thọ,Huyện Thanh Ba,Xã Hoàng Cương,Tỉnh Phú Thọ,Xã Hoàng Cương
Tỉnh Phú Thọ,Huyện Thanh Ba,Xã Khải Xuân,Tỉnh Phú Thọ,Xã Đông Thành
Tỉnh Phú Thọ,Huyện Thanh Ba,Xã Lương Lỗ,Tỉnh Phú Thọ,Xã Liên Minh
Tỉnh Phú Thọ,Huyện Thanh Ba,Xã Mạn Lạn,Tỉnh Phú Thọ,Xã Hoàng Cương
Tỉnh Phú Thọ,Huyện Thanh Ba,Xã Ninh Dân,Tỉnh Phú Thọ,Xã Hoàng Cương
Tỉnh Phú Thọ,Huyện Thanh Ba,Xã Quảng Yên,Tỉnh Phú Thọ,Xã Quảng Yên
Tỉnh Phú Thọ,Huyện Thanh Ba,Xã Sơn Cương,Tỉnh Phú Thọ,Xã Chí Tiên
Tỉnh Phú Thọ,Huyện Thanh Ba,Xã Thanh Hà,Tỉnh Phú Thọ,Xã Chí Tiên
Tỉnh Phú Thọ,Huyện Thanh Ba,Xã Vân Lĩnh,Tỉnh Phú Thọ,Xã Thanh Ba
Tỉnh Phú Thọ,Huyện Thanh Ba,Xã Võ Lao,Tỉnh Phú Thọ,Xã Đông Thành
Tỉnh Phú Thọ,Huyện Thanh Ba,Xã Đông Lĩnh,Tỉnh Phú Thọ,Xã Quảng Yên
Tỉnh Phú Thọ,Huyện Thanh Ba,Xã Đông Thành,Tỉnh Phú Thọ,Xã Đông Thành
Tỉnh Phú Thọ,Huyện Thanh Ba,Xã Đại An,Tỉnh Phú Thọ,Xã Quảng Yên
Tỉnh Phú Thọ,Huyện Thanh Ba,Xã Đồng Xuân,Tỉnh Phú Thọ,Xã Thanh Ba
Tỉnh Phú Thọ,Huyện Thanh Ba,Xã Đỗ Sơn,Tỉnh Phú Thọ,Xã Liên Minh
Tỉnh Phú Thọ,Huyện Thanh Ba,Xã Đỗ Xuyên,Tỉnh Phú Thọ,Xã Liên Minh
Tỉnh Phú Thọ,Huyện Thanh Sơn,Thị trấn Thanh Sơn,Tỉnh Phú Thọ,Xã Thanh Sơn
Tỉnh Phú Thọ,Huyện Thanh Sơn,Xã Cự Thắng,Tỉnh Phú Thọ,Xã Võ Miếu
Tỉnh Phú Thọ,Huyện Thanh Sơn,Xã Cự Đồng,Tỉnh Phú Thọ,Xã Cự Đồng
Tỉnh Phú Thọ,Huyện Thanh Sơn,Xã Giáp Lai,Tỉnh Phú Thọ,Xã Thanh Sơn
Tỉnh Phú Thọ,Huyện Thanh Sơn,Xã Hương Cần,Tỉnh Phú Thọ,Xã Hương Cần
Tỉnh Phú Thọ,Huyện Thanh Sơn,Xã Khả Cửu,Tỉnh Phú Thọ,Xã Khả Cửu
Tỉnh Phú Thọ,Huyện Thanh Sơn,Xã Lương Nha,Tỉnh Phú Thọ,Xã Yên Sơn
Tỉnh Phú Thọ,Huyện Thanh Sơn,Xã Sơn Hùng,Tỉnh Phú Thọ,Xã Thanh Sơn
Tỉnh Phú Thọ,Huyện Thanh Sơn,Xã Thượng Cửu,Tỉnh Phú Thọ,Xã Khả Cửu
Tỉnh Phú Thọ,Huyện Thanh Sơn,Xã Thạch Khoán,Tỉnh Phú Thọ,Xã Thanh Sơn
Tỉnh Phú Thọ,Huyện Thanh Sơn,Xã Thắng Sơn,Tỉnh Phú Thọ,Xã Cự Đồng
Tỉnh Phú Thọ,Huyện Thanh Sơn,Xã Thục Luyện,Tỉnh Phú Thọ,Xã Thanh Sơn
Tỉnh Phú Thọ,Huyện Thanh Sơn,Xã Tinh Nhuệ,Tỉnh Phú Thọ,Xã Yên Sơn
Tỉnh Phú Thọ,Huyện Thanh Sơn,Xã Tân Minh,Tỉnh Phú Thọ,Xã Văn Miếu
Tỉnh Phú Thọ,Huyện Thanh Sơn,Xã Tất Thắng,Tỉnh Phú Thọ,Xã Cự Đồng
Tỉnh Phú Thọ,Huyện Thanh Sơn,Xã Võ Miếu,Tỉnh Phú Thọ,Xã Võ Miếu
Tỉnh Phú Thọ,Huyện Thanh Sơn,Xã Văn Miếu,Tỉnh Phú Thọ,Xã Văn Miếu
Tỉnh Phú Thọ,Huyện Thanh Sơn,Xã Yên Lãng,Tỉnh Phú Thọ,Xã Hương Cần
Tỉnh Phú Thọ,Huyện Thanh Sơn,Xã Yên Lương,Tỉnh Phú Thọ,Xã Hương Cần
Tỉnh Phú Thọ,Huyện Thanh Sơn,Xã Yên Sơn,Tỉnh Phú Thọ,Xã Yên Sơn
Tỉnh Phú Thọ,Huyện Thanh Sơn,Xã Đông Cửu,Tỉnh Phú Thọ,Xã Khả Cửu
Tỉnh Phú Thọ,Huyện Thanh Sơn,Xã Địch Quả,Tỉnh Phú Thọ,Xã Võ Miếu
Tỉnh Phú Thọ,Huyện Thanh Thuỷ,Thị trấn Thanh Thủy,Tỉnh Phú Thọ,Xã Thanh Thuỷ
Tỉnh Phú Thọ,Huyện Thanh Thuỷ,Xã Bảo Yên,Tỉnh Phú Thọ,Xã Thanh Thuỷ
Tỉnh Phú Thọ,Huyện Thanh Thuỷ,Xã Hoàng Xá,Tỉnh Phú Thọ,Xã Tu Vũ
Tỉnh Phú Thọ,Huyện Thanh Thuỷ,Xã Sơn Thủy,Tỉnh Phú Thọ,Xã Thanh Thuỷ
Tỉnh Phú Thọ,Huyện Thanh Thuỷ,Xã Thạch Đồng,Tỉnh Phú Thọ,Xã Đào Xá
Tỉnh Phú Thọ,Huyện Thanh Thuỷ,Xã Tu Vũ,Tỉnh Phú Thọ,Xã Tu Vũ
Tỉnh Phú Thọ,Huyện Thanh Thuỷ,Xã Tân Phương,Tỉnh Phú Thọ,Xã Đào Xá
Tỉnh Phú Thọ,Huyện Thanh Thuỷ,Xã Xuân Lộc,Tỉnh Phú Thọ,Xã Đào Xá
Tỉnh Phú Thọ,Huyện Thanh Thuỷ,Xã Đoan Hạ,Tỉnh Phú Thọ,Xã Thanh Thuỷ
Tỉnh Phú Thọ,Huyện Thanh Thuỷ,Xã Đào Xá,Tỉnh Phú Thọ,Xã Đào Xá
Tỉnh Phú Thọ,Huyện Thanh Thuỷ,Xã Đồng Trung,Tỉnh Phú Thọ,Xã Tu Vũ
Tỉnh Phú Thọ,Huyện Tân Sơn,Thị trấn Tân Phú,Tỉnh Phú Thọ,Xã Tân Sơn
Tỉnh Phú Thọ,Huyện Tân Sơn,Xã Kim Thượng,Tỉnh Phú Thọ,Xã Xuân Đài
Tỉnh Phú Thọ,Huyện Tân Sơn,Xã Kiệt Sơn,Tỉnh Phú Thọ,Xã Lai Đồng
Tỉnh Phú Thọ,Huyện Tân Sơn,Xã Lai Đồng,Tỉnh Phú Thọ,Xã Lai Đồng
Tỉnh Phú Thọ,Huyện Tân Sơn,Xã Long Cốc,Tỉnh Phú Thọ,Xã Long Cốc
Tỉnh Phú Thọ,Huyện Tân Sơn,Xã Minh Đài,Tỉnh Phú Thọ,Xã Minh Đài
Tỉnh Phú Thọ,Huyện Tân Sơn,Xã Mỹ Thuận,Tỉnh Phú Thọ,Xã Minh Đài
Tỉnh Phú Thọ,Huyện Tân Sơn,Xã Tam Thanh,Tỉnh Phú Thọ,Xã Long Cốc
Tỉnh Phú Thọ,Huyện Tân Sơn,Xã Thu Ngạc,Tỉnh Phú Thọ,Xã Tân Sơn
Tỉnh Phú Thọ,Huyện Tân Sơn,Xã Thạch Kiệt,Tỉnh Phú Thọ,Xã Tân Sơn
Tỉnh Phú Thọ,Huyện Tân Sơn,Xã Tân Sơn,Tỉnh Phú Thọ,Xã Lai Đồng
Tỉnh Phú Thọ,Huyện Tân Sơn,Xã Vinh Tiền,Tỉnh Phú Thọ,Xã Long Cốc
Tỉnh Phú Thọ,Huyện Tân Sơn,Xã Văn Luông,Tỉnh Phú Thọ,Xã Minh Đài
Tỉnh Phú Thọ,Huyện Tân Sơn,Xã Xuân Sơn,Tỉnh Phú Thọ,Xã Xuân Đài
Tỉnh Phú Thọ,Huyện Tân Sơn,Xã Xuân Đài,Tỉnh Phú Thọ,Xã Xuân Đài
Tỉnh Phú Thọ,Huyện Tân Sơn,Xã Đồng Sơn,Tỉnh Phú Thọ,Xã Lai Đồng
Tỉnh Phú Thọ,Huyện Yên Lập,Thị trấn Yên Lập,Tỉnh Phú Thọ,Xã Yên Lập
Tỉnh Phú Thọ,Huyện Yên Lập,Xã Hưng Long,Tỉnh Phú Thọ,Xã Yên Lập
Tỉnh Phú Thọ,Huyện Yên Lập,Xã Lương Sơn,Tỉnh Phú Thọ,Xã Sơn Lương
Tỉnh Phú Thọ,Huyện Yên Lập,Xã Minh Hòa,Tỉnh Phú Thọ,Xã Minh Hoà
Tỉnh Phú Thọ,Huyện Yên Lập,Xã Mỹ Lung,Tỉnh Phú Thọ,Xã Sơn Lương
Tỉnh Phú Thọ,Huyện Yên Lập,Xã Mỹ Lương,Tỉnh Phú Thọ,Xã Sơn Lương
Tỉnh Phú Thọ,Huyện Yên Lập,Xã Nga Hoàng,Tỉnh Phú Thọ,Xã Thượng Long
Tỉnh Phú Thọ,Huyện Yên Lập,Xã Ngọc Lập,Tỉnh Phú Thọ,Xã Minh Hoà
Tỉnh Phú Thọ,Huyện Yên Lập,Xã Ngọc Đồng,Tỉnh Phú Thọ,Xã Minh Hoà
Tỉnh Phú Thọ,Huyện Yên Lập,Xã Phúc Khánh,Tỉnh Phú Thọ,Xã Thượng Long
Tỉnh Phú Thọ,Huyện Yên Lập,Xã Thượng Long,Tỉnh Phú Thọ,Xã Thượng Long
Tỉnh Phú Thọ,Huyện Yên Lập,Xã Xuân An,Tỉnh Phú Thọ,Xã Xuân Viên
Tỉnh Phú Thọ,Huyện Yên Lập,Xã Xuân Thủy,Tỉnh Phú Thọ,Xã Xuân Viên
Tỉnh Phú Thọ,Huyện Yên Lập,Xã Xuân Viên,Tỉnh Phú Thọ,Xã Xuân Viên
Tỉnh Phú Thọ,Huyện Yên Lập,Xã Đồng Lạc,Tỉnh Phú Thọ,Xã Yên Lập
Tỉnh Phú Thọ,Huyện Yên Lập,Xã Đồng Thịnh,Tỉnh Phú Thọ,Xã Yên Lập
Tỉnh Phú Thọ,Huyện Đoan Hùng,Thị trấn Đoan Hùng,Tỉnh Phú Thọ,Xã Đoan Hùng
Tỉnh Phú Thọ,Huyện Đoan Hùng,Xã Bằng Doãn,Tỉnh Phú Thọ,Xã Bằng Luân
Tỉnh Phú Thọ,Huyện Đoan Hùng,Xã Bằng Luân,Tỉnh Phú Thọ,Xã Bằng Luân
Tỉnh Phú Thọ,Huyện Đoan Hùng,Xã Ca Đình,Tỉnh Phú Thọ,Xã Tây Cốc
Tỉnh Phú Thọ,Huyện Đoan Hùng,Xã Chân Mộng,Tỉnh Phú Thọ,Xã Chân Mộng
Tỉnh Phú Thọ,Huyện Đoan Hùng,Xã Chí Đám,Tỉnh Phú Thọ,Xã Chí Đám
Tỉnh Phú Thọ,Huyện Đoan Hùng,Xã Hùng Long,Tỉnh Phú Thọ,Xã Chân Mộng
Tỉnh Phú Thọ,Huyện Đoan Hùng,Xã Hùng Xuyên,Tỉnh Phú Thọ,Xã Chí Đám
Tỉnh Phú Thọ,Huyện Đoan Hùng,Xã Hợp Nhất,Tỉnh Phú Thọ,Xã Đoan Hùng
Tỉnh Phú Thọ,Huyện Đoan Hùng,Xã Ngọc Quan,Tỉnh Phú Thọ,Xã Đoan Hùng
Tỉnh Phú Thọ,Huyện Đoan Hùng,Xã Phú Lâm,Tỉnh Phú Thọ,Xã Tây Cốc
Tỉnh Phú Thọ,Huyện Đoan Hùng,Xã Phúc Lai,Tỉnh Phú Thọ,Xã Bằng Luân
Tỉnh Phú Thọ,Huyện Đoan Hùng,Xã Tây Cốc,Tỉnh Phú Thọ,Xã Tây Cốc
Tỉnh Phú Thọ,Huyện Đoan Hùng,Xã Yên Kiện,Tỉnh Phú Thọ,Xã Chân Mộng
Tỉnh Phú Thọ,Thành phố Việt Trì,Phường Bạch Hạc,Tỉnh Phú Thọ,Phường Thanh Miếu
Tỉnh Phú Thọ,Thành phố Việt Trì,Phường Dữu Lâu,Tỉnh Phú Thọ,Phường Việt Trì
Tỉnh Phú Thọ,Thành phố Việt Trì,Phường Gia Cẩm,Tỉnh Phú Thọ,Phường Việt Trì
Tỉnh Phú Thọ,Thành phố Việt Trì,Phường Minh Nông,Tỉnh Phú Thọ,Phường Việt Trì
Tỉnh Phú Thọ,Thành phố Việt Trì,Phường Minh Phương,Tỉnh Phú Thọ,Phường Nông Trang
Tỉnh Phú Thọ,Thành phố Việt Trì,Phường Nông Trang,Tỉnh Phú Thọ,Phường Nông Trang
Tỉnh Phú Thọ,Thành phố Việt Trì,Phường Thanh Miếu,Tỉnh Phú Thọ,Phường Thanh Miếu
Tỉnh Phú Thọ,Thành phố Việt Trì,Phường Thọ Sơn,Tỉnh Phú Thọ,Phường Thanh Miếu
Tỉnh Phú Thọ,Thành phố Việt Trì,Phường Tiên Cát,Tỉnh Phú Thọ,Phường Thanh Miếu
Tỉnh Phú Thọ,Thành phố Việt Trì,Phường Tân Dân,Tỉnh Phú Thọ,Phường Việt Trì
Tỉnh Phú Thọ,Thành phố Việt Trì,Phường Vân Phú,Tỉnh Phú Thọ,Phường Vân Phú
Tỉnh Phú Thọ,Thành phố Việt Trì,Xã Chu Hóa,Tỉnh Phú Thọ,Xã Hy Cương
Tỉnh Phú Thọ,Thành phố Việt Trì,Xã Hy Cương,Tỉnh Phú Thọ,Xã Hy Cương
Tỉnh Phú Thọ,Thành phố Việt Trì,Xã Hùng Lô,Tỉnh Phú Thọ,Phường Vân Phú
Tỉnh Phú Thọ,Thành phố Việt Trì,Xã Kim Đức,Tỉnh Phú Thọ,Phường Vân Phú
Tỉnh Phú Thọ,Thành phố Việt Trì,Xã Phượng Lâu,Tỉnh Phú Thọ,Phường Vân Phú
Tỉnh Phú Thọ,Thành phố Việt Trì,Xã Sông Lô,Tỉnh Phú Thọ,Phường Thanh Miếu
Tỉnh Phú Thọ,Thành phố Việt Trì,Xã Thanh Đình,Tỉnh Phú Thọ,Xã Hy Cương
Tỉnh Phú Thọ,Thành phố Việt Trì,Xã Thụy Vân,Tỉnh Phú Thọ,Phường Nông Trang
Tỉnh Phú Thọ,Thành phố Việt Trì,Xã Trưng Vương,Tỉnh Phú Thọ,Phường Việt Trì
Tỉnh Phú Thọ,Thị xã Phú Thọ,Phường Hùng Vương,Tỉnh Phú Thọ,Phường Phú Thọ
Tỉnh Phú Thọ,Thị xã Phú Thọ,Phường Phong Châu,Tỉnh Phú Thọ,Phường Phong Châu
Tỉnh Phú Thọ,Thị xã Phú Thọ,Phường Thanh Vinh,Tỉnh Phú Thọ,Phường Âu Cơ
Tỉnh Phú Thọ,Thị xã Phú Thọ,Phường Âu Cơ,Tỉnh Phú Thọ,Phường Âu Cơ
Tỉnh Phú Thọ,Thị xã Phú Thọ,Xã Hà Lộc,Tỉnh Phú Thọ,Phường Phú Thọ
Tỉnh Phú Thọ,Thị xã Phú Thọ,Xã Hà Thạch,Tỉnh Phú Thọ,Phường Phong Châu
Tỉnh Phú Thọ,Thị xã Phú Thọ,Xã Phú Hộ,Tỉnh Phú Thọ,Phường Phong Châu
Tỉnh Phú Thọ,Thị xã Phú Thọ,Xã Thanh Minh,Tỉnh Phú Thọ,Phường Âu Cơ
Tỉnh Phú Thọ,Thị xã Phú Thọ,Xã Văn Lung,Tỉnh Phú Thọ,Phường Phú Thọ
Tỉnh Phú Yên,Huyện Phú Hoà,Thị trấn Phú Hoà,Tỉnh Đắk Lắk,Xã Phú Hoà 1
Tỉnh Phú Yên,Huyện Phú Hoà,Xã Hòa An,Tỉnh Đắk Lắk,Xã Phú Hoà 1
Tỉnh Phú Yên,Huyện Phú Hoà,Xã Hòa Hội,Tỉnh Đắk Lắk,Xã Phú Hoà 1
Tỉnh Phú Yên,Huyện Phú Hoà,Xã Hòa Quang Bắc,Tỉnh Đắk Lắk,Xã Phú Hoà 2
Tỉnh Phú Yên,Huyện Phú Hoà,Xã Hòa Quang Nam,Tỉnh Đắk Lắk,Xã Phú Hoà 2
Tỉnh Phú Yên,Huyện Phú Hoà,Xã Hòa Thắng,Tỉnh Đắk Lắk,Xã Phú Hoà 1
Tỉnh Phú Yên,Huyện Phú Hoà,Xã Hòa Trị,Tỉnh Đắk Lắk,Phường Tuy Hoà
Tỉnh Phú Yên,Huyện Phú Hoà,Xã Hòa Trị,Tỉnh Đắk Lắk,Xã Phú Hoà 2
Tỉnh Phú Yên,Huyện Phú Hoà,Xã Hòa Định Tây,Tỉnh Đắk Lắk,Xã Phú Hoà 1
Tỉnh Phú Yên,Huyện Phú Hoà,Xã Hòa Định Đông,Tỉnh Đắk Lắk,Xã Phú Hoà 1
Tỉnh Phú Yên,Huyện Sông Hinh,Thị trấn Hai Riêng,Tỉnh Đắk Lắk,Xã Sông Hinh
Tỉnh Phú Yên,Huyện Sông Hinh,Xã Ea Bá,Tỉnh Đắk Lắk,Xã Ea Bá
Tỉnh Phú Yên,Huyện Sông Hinh,Xã Ea Lâm,Tỉnh Đắk Lắk,Xã Ea Ly
Tỉnh Phú Yên,Huyện Sông Hinh,Xã Sông Hinh,Tỉnh Đắk Lắk,Xã Sông Hinh
Tỉnh Phú Yên,Huyện Sông Hinh,Xã Sơn Giang,Tỉnh Đắk Lắk,Xã Đức Bình
Tỉnh Phú Yên,Huyện Sông Hinh,Xã Đức Bình Tây,Tỉnh Đắk Lắk,Xã Đức Bình
Tỉnh Phú Yên,Huyện Sông Hinh,Xã Đức Bình Đông,Tỉnh Đắk Lắk,Xã Đức Bình
Tỉnh Phú Yên,Huyện Sơn Hòa,Thị trấn Củng Sơn,Tỉnh Đắk Lắk,Xã Sơn Hoà
Tỉnh Phú Yên,Huyện Sơn Hòa,Xã Cà Lúi,Tỉnh Đắk Lắk,Xã Tây Sơn
Tỉnh Phú Yên,Huyện Sơn Hòa,Xã Krông Pa,Tỉnh Đắk Lắk,Xã Suối Trai
Tỉnh Phú Yên,Huyện Sơn Hòa,Xã Phước Tân,Tỉnh Đắk Lắk,Xã Tây Sơn
Tỉnh Phú Yên,Huyện Sơn Hòa,Xã Suối Bạc,Tỉnh Đắk Lắk,Xã Sơn Hoà
Tỉnh Phú Yên,Huyện Sơn Hòa,Xã Suối Trai,Tỉnh Đắk Lắk,Xã Suối Trai
Tỉnh Phú Yên,Huyện Sơn Hòa,Xã Sơn Hà,Tỉnh Đắk Lắk,Xã Sơn Hoà
Tỉnh Phú Yên,Huyện Sơn Hòa,Xã Sơn Hội,Tỉnh Đắk Lắk,Xã Tây Sơn
Tỉnh Phú Yên,Huyện Sơn Hòa,Xã Sơn Long,Tỉnh Đắk Lắk,Xã Vân Hoà
Tỉnh Phú Yên,Huyện Sơn Hòa,Xã Sơn Nguyên,Tỉnh Đắk Lắk,Xã Sơn Hoà
Tỉnh Phú Yên,Huyện Sơn Hòa,Xã Sơn Phước,Tỉnh Đắk Lắk,Xã Sơn Hoà
Tỉnh Phú Yên,Huyện Sơn Hòa,Xã Sơn Xuân,Tỉnh Đắk Lắk,Xã Vân Hoà
Tỉnh Phú Yên,Huyện Sơn Hòa,Xã Sơn Định,Tỉnh Đắk Lắk,Xã Vân Hoà
Tỉnh Phú Yên,Huyện Tuy An,Thị trấn Chí Thạnh,Tỉnh Đắk Lắk,Xã Tuy An Bắc
Tỉnh Phú Yên,Huyện Tuy An,Xã An Chấn,Tỉnh Đắk Lắk,Xã Tuy An Nam
Tỉnh Phú Yên,Huyện Tuy An,Xã An Cư,Tỉnh Đắk Lắk,Xã Ô Loan
Tỉnh Phú Yên,Huyện Tuy An,Xã An Dân,Tỉnh Đắk Lắk,Xã Tuy An Bắc
Tỉnh Phú Yên,Huyện Tuy An,Xã An Hiệp,Tỉnh Đắk Lắk,Xã Ô Loan
Tỉnh Phú Yên,Huyện Tuy An,Xã An Hòa Hải,Tỉnh Đắk Lắk,Xã Ô Loan
Tỉnh Phú Yên,Huyện Tuy An,Xã An Lĩnh,Tỉnh Đắk Lắk,Xã Tuy An Tây
Tỉnh Phú Yên,Huyện Tuy An,Xã An Mỹ,Tỉnh Đắk Lắk,Xã Tuy An Nam
Tỉnh Phú Yên,Huyện Tuy An,Xã An Nghiệp,Tỉnh Đắk Lắk,Xã Tuy An Tây
Tỉnh Phú Yên,Huyện Tuy An,Xã An Ninh Tây,Tỉnh Đắk Lắk,Xã Tuy An Đông
Tỉnh Phú Yên,Huyện Tuy An,Xã An Ninh Đông,Tỉnh Đắk Lắk,Xã Tuy An Đông
Tỉnh Phú Yên,Huyện Tuy An,Xã An Thạch,Tỉnh Đắk Lắk,Xã Tuy An Đông
Tỉnh Phú Yên,Huyện Tuy An,Xã An Thọ,Tỉnh Đắk Lắk,Xã Tuy An Nam
Tỉnh Phú Yên,Huyện Tuy An,Xã An Xuân,Tỉnh Đắk Lắk,Xã Tuy An Tây
Tỉnh Phú Yên,Huyện Tuy An,Xã An Định,Tỉnh Đắk Lắk,Xã Tuy An Bắc
Tỉnh Phú Yên,Huyện Tây Hoà,Thị trấn Phú Thứ,Tỉnh Đắk Lắk,Xã Tây Hoà
Tỉnh Phú Yên,Huyện Tây Hoà,Xã Hòa Bình 1,Tỉnh Đắk Lắk,Phường Phú Yên
Tỉnh Phú Yên,Huyện Tây Hoà,Xã Hòa Bình 1,Tỉnh Đắk Lắk,Xã Tây Hoà
Tỉnh Phú Yên,Huyện Tây Hoà,Xã Hòa Mỹ Tây,Tỉnh Đắk Lắk,Xã Hoà Mỹ
Tỉnh Phú Yên,Huyện Tây Hoà,Xã Hòa Mỹ Đông,Tỉnh Đắk Lắk,Xã Hoà Mỹ
Tỉnh Phú Yên,Huyện Tây Hoà,Xã Hòa Phong,Tỉnh Đắk Lắk,Xã Tây Hoà
Tỉnh Phú Yên,Huyện Tây Hoà,Xã Hòa Phú,Tỉnh Đắk Lắk,Xã Sơn Thành
Tỉnh Phú Yên,Huyện Tây Hoà,Xã Hòa Thịnh,Tỉnh Đắk Lắk,Xã Hoà Thịnh
Tỉnh Phú Yên,Huyện Tây Hoà,Xã Hòa Tân Tây,Tỉnh Đắk Lắk,Xã Tây Hoà
Tỉnh Phú Yên,Huyện Tây Hoà,Xã Hòa Đồng,Tỉnh Đắk Lắk,Xã Hoà Thịnh
Tỉnh Phú Yên,Huyện Tây Hoà,Xã Sơn Thành Tây,Tỉnh Đắk Lắk,Xã Sơn Thành
Tỉnh Phú Yên,Huyện Tây Hoà,Xã Sơn Thành Đông,Tỉnh Đắk Lắk,Xã Sơn Thành
Tỉnh Phú Yên,Huyện Đồng Xuân,Thị trấn La Hai,Tỉnh Đắk Lắk,Xã Đồng Xuân
Tỉnh Phú Yên,Huyện Đồng Xuân,Xã Phú Mỡ,Tỉnh Đắk Lắk,Xã Phú Mỡ
Tỉnh Phú Yên,Huyện Đồng Xuân,Xã Xuân Long,Tỉnh Đắk Lắk,Xã Đồng Xuân
Tỉnh Phú Yên,Huyện Đồng Xuân,Xã Xuân Lãnh,Tỉnh Đắk Lắk,Xã Xuân Lãnh
Tỉnh Phú Yên,Huyện Đồng Xuân,Xã Xuân Phước,Tỉnh Đắk Lắk,Xã Xuân Phước
Tỉnh Phú Yên,Huyện Đồng Xuân,Xã Xuân Quang 1,Tỉnh Đắk Lắk,Xã Phú Mỡ
Tỉnh Phú Yên,Huyện Đồng Xuân,Xã Xuân Quang 2,Tỉnh Đắk Lắk,Xã Đồng Xuân
Tỉnh Phú Yên,Huyện Đồng Xuân,Xã Xuân Quang 3,Tỉnh Đắk Lắk,Xã Xuân Phước
Tỉnh Phú Yên,Huyện Đồng Xuân,Xã Xuân Sơn Bắc,Tỉnh Đắk Lắk,Xã Đồng Xuân
Tỉnh Phú Yên,Huyện Đồng Xuân,Xã Xuân Sơn Nam,Tỉnh Đắk Lắk,Xã Đồng Xuân
Tỉnh Phú Yên,Huyện Đồng Xuân,Xã Đa Lộc,Tỉnh Đắk Lắk,Xã Xuân Lãnh
Tỉnh Phú Yên,Thành phố Tuy Hoà,Phường 1,Tỉnh Đắk Lắk,Phường Tuy Hoà
Tỉnh Phú Yên,Thành phố Tuy Hoà,Phường 2,Tỉnh Đắk Lắk,Phường Tuy Hoà
Tỉnh Phú Yên,Thành phố Tuy Hoà,Phường 4,Tỉnh Đắk Lắk,Phường Tuy Hoà
Tỉnh Phú Yên,Thành phố Tuy Hoà,Phường 5,Tỉnh Đắk Lắk,Phường Tuy Hoà
Tỉnh Phú Yên,Thành phố Tuy Hoà,Phường 7,Tỉnh Đắk Lắk,Phường Tuy Hoà
Tỉnh Phú Yên,Thành phố Tuy Hoà,Phường 9,Tỉnh Đắk Lắk,Phường Bình Kiến
Tỉnh Phú Yên,Thành phố Tuy Hoà,Phường 9,Tỉnh Đắk Lắk,Phường Tuy Hoà
Tỉnh Phú Yên,Thành phố Tuy Hoà,Phường Phú Lâm,Tỉnh Đắk Lắk,Phường Phú Yên
Tỉnh Phú Yên,Thành phố Tuy Hoà,Phường Phú Thạnh,Tỉnh Đắk Lắk,Phường Phú Yên
Tỉnh Phú Yên,Thành phố Tuy Hoà,Phường Phú Đông,Tỉnh Đắk Lắk,Phường Phú Yên
Tỉnh Phú Yên,Thành phố Tuy Hoà,Xã An Phú,Tỉnh Đắk Lắk,Phường Bình Kiến
Tỉnh Phú Yên,Thành phố Tuy Hoà,Xã Bình Kiến,Tỉnh Đắk Lắk,Phường Bình Kiến
Tỉnh Phú Yên,Thành phố Tuy Hoà,Xã Hòa Kiến,Tỉnh Đắk Lắk,Phường Bình Kiến
Tỉnh Phú Yên,Thị xã Sông Cầu,Phường Xuân Phú,Tỉnh Đắk Lắk,Phường Sông Cầu
Tỉnh Phú Yên,Thị xã Sông Cầu,Phường Xuân Thành,Tỉnh Đắk Lắk,Phường Xuân Đài
Tỉnh Phú Yên,Thị xã Sông Cầu,Phường Xuân Yên,Tỉnh Đắk Lắk,Phường Sông Cầu
Tỉnh Phú Yên,Thị xã Sông Cầu,Phường Xuân Đài,Tỉnh Đắk Lắk,Phường Xuân Đài
Tỉnh Phú Yên,Thị xã Sông Cầu,Xã Xuân Bình,Tỉnh Đắk Lắk,Xã Xuân Cảnh
Tỉnh Phú Yên,Thị xã Sông Cầu,Xã Xuân Cảnh,Tỉnh Đắk Lắk,Xã Xuân Cảnh
Tỉnh Phú Yên,Thị xã Sông Cầu,Xã Xuân Hải,Tỉnh Đắk Lắk,Xã Xuân Lộc
Tỉnh Phú Yên,Thị xã Sông Cầu,Xã Xuân Lâm,Tỉnh Đắk Lắk,Xã Xuân Thọ
Tỉnh Phú Yên,Thị xã Sông Cầu,Xã Xuân Lộc,Tỉnh Đắk Lắk,Xã Xuân Lộc
Tỉnh Phú Yên,Thị xã Sông Cầu,Xã Xuân Phương,Tỉnh Đắk Lắk,Phường Sông Cầu
Tỉnh Phú Yên,Thị xã Sông Cầu,Xã Xuân Thịnh,Tỉnh Đắk Lắk,Phường Sông Cầu
Tỉnh Phú Yên,Thị xã Sông Cầu,Xã Xuân Thọ 1,Tỉnh Đắk Lắk,Xã Xuân Thọ
Tỉnh Phú Yên,Thị xã Sông Cầu,Xã Xuân Thọ 2,Tỉnh Đắk Lắk,Xã Xuân Thọ
Tỉnh Phú Yên,Thị xã Đông Hòa,Phường Hoà Hiệp Trung,Tỉnh Đắk Lắk,Phường Hoà Hiệp
Tỉnh Phú Yên,Thị xã Đông Hòa,Phường Hoà Vinh,Tỉnh Đắk Lắk,Phường Đông Hoà
Tỉnh Phú Yên,Thị xã Đông Hòa,Phường Hòa Hiệp Bắc,Tỉnh Đắk Lắk,Phường Hoà Hiệp
Tỉnh Phú Yên,Thị xã Đông Hòa,Phường Hòa Hiệp Bắc,Tỉnh Đắk Lắk,Phường Phú Yên
Tỉnh Phú Yên,Thị xã Đông Hòa,Phường Hòa Hiệp Nam,Tỉnh Đắk Lắk,Phường Hoà Hiệp
Tỉnh Phú Yên,Thị xã Đông Hòa,Phường Hòa Xuân Tây,Tỉnh Đắk Lắk,Phường Đông Hoà
Tỉnh Phú Yên,Thị xã Đông Hòa,Xã Hòa Thành,Tỉnh Đắk Lắk,Phường Phú Yên
Tỉnh Phú Yên,Thị xã Đông Hòa,Xã Hòa Tâm,Tỉnh Đắk Lắk,Xã Hoà Xuân
Tỉnh Phú Yên,Thị xã Đông Hòa,Xã Hòa Tân Đông,Tỉnh Đắk Lắk,Phường Đông Hoà
Tỉnh Phú Yên,Thị xã Đông Hòa,Xã Hòa Xuân Nam,Tỉnh Đắk Lắk,Xã Hoà Xuân
Tỉnh Phú Yên,Thị xã Đông Hòa,Xã Hòa Xuân Đông,Tỉnh Đắk Lắk,Xã Hoà Xuân
Tỉnh Quảng Bình,Huyện Bố Trạch,Thị trấn Hoàn Lão,Tỉnh Quảng Trị,Xã Hoàn Lão
Tỉnh Quảng Bình,Huyện Bố Trạch,Thị trấn Phong Nha,Tỉnh Quảng Trị,Xã Phong Nha
Tỉnh Quảng Bình,Huyện Bố Trạch,Xã Bắc Trạch,Tỉnh Quảng Trị,Xã Bắc Trạch
Tỉnh Quảng Bình,Huyện Bố Trạch,Xã Cự Nẫm,Tỉnh Quảng Trị,Xã Bố Trạch
Tỉnh Quảng Bình,Huyện Bố Trạch,Xã Hòa Trạch,Tỉnh Quảng Trị,Xã Hoàn Lão
Tỉnh Quảng Bình,Huyện Bố Trạch,Xã Hưng Trạch,Tỉnh Quảng Trị,Xã Bố Trạch
Tỉnh Quảng Bình,Huyện Bố Trạch,Xã Hạ Mỹ,Tỉnh Quảng Trị,Xã Bắc Trạch
Tỉnh Quảng Bình,Huyện Bố Trạch,Xã Hải Phú,Tỉnh Quảng Trị,Xã Đông Trạch
Tỉnh Quảng Bình,Huyện Bố Trạch,Xã Liên Trạch,Tỉnh Quảng Trị,Xã Bắc Trạch
Tỉnh Quảng Bình,Huyện Bố Trạch,Xã Lâm Trạch,Tỉnh Quảng Trị,Xã Phong Nha
Tỉnh Quảng Bình,Huyện Bố Trạch,Xã Lý Nam,Tỉnh Quảng Trị,Xã Nam Trạch
Tỉnh Quảng Bình,Huyện Bố Trạch,Xã Nhân Trạch,Tỉnh Quảng Trị,Xã Nam Trạch
Tỉnh Quảng Bình,Huyện Bố Trạch,Xã Phú Định,Tỉnh Quảng Trị,Xã Bố Trạch
Tỉnh Quảng Bình,Huyện Bố Trạch,Xã Phúc Trạch,Tỉnh Quảng Trị,Xã Phong Nha
Tỉnh Quảng Bình,Huyện Bố Trạch,Xã Sơn Lộc,Tỉnh Quảng Trị,Xã Đông Trạch
Tỉnh Quảng Bình,Huyện Bố Trạch,Xã Thanh Trạch,Tỉnh Quảng Trị,Xã Bắc Trạch
Tỉnh Quảng Bình,Huyện Bố Trạch,Xã Thượng Trạch,Tỉnh Quảng Trị,Xã Thượng Trạch
Tỉnh Quảng Bình,Huyện Bố Trạch,Xã Trung Trạch,Tỉnh Quảng Trị,Xã Hoàn Lão
Tỉnh Quảng Bình,Huyện Bố Trạch,Xã Tân Trạch,Tỉnh Quảng Trị,Xã Thượng Trạch
Tỉnh Quảng Bình,Huyện Bố Trạch,Xã Tây Trạch,Tỉnh Quảng Trị,Xã Hoàn Lão
Tỉnh Quảng Bình,Huyện Bố Trạch,Xã Vạn Trạch,Tỉnh Quảng Trị,Xã Bố Trạch
Tỉnh Quảng Bình,Huyện Bố Trạch,Xã Xuân Trạch,Tỉnh Quảng Trị,Xã Phong Nha
Tỉnh Quảng Bình,Huyện Bố Trạch,Xã Đại Trạch,Tỉnh Quảng Trị,Xã Hoàn Lão
Tỉnh Quảng Bình,Huyện Bố Trạch,Xã Đồng Trạch,Tỉnh Quảng Trị,Xã Đông Trạch
Tỉnh Quảng Bình,Huyện Bố Trạch,Xã Đức Trạch,Tỉnh Quảng Trị,Xã Đông Trạch
Tỉnh Quảng Bình,Huyện Lệ Thủy,Thị trấn Kiến Giang,Tỉnh Quảng Trị,Xã Lệ Thuỷ
Tỉnh Quảng Bình,Huyện Lệ Thủy,Xã An Thủy,Tỉnh Quảng Trị,Xã Lệ Thuỷ
Tỉnh Quảng Bình,Huyện Lệ Thủy,Xã Cam Thủy,Tỉnh Quảng Trị,Xã Cam Hồng
Tỉnh Quảng Bình,Huyện Lệ Thủy,Xã Dương Thủy,Tỉnh Quảng Trị,Xã Tân Mỹ
Tỉnh Quảng Bình,Huyện Lệ Thủy,Xã Hoa Thủy,Tỉnh Quảng Trị,Xã Lệ Ninh
Tỉnh Quảng Bình,Huyện Lệ Thủy,Xã Hưng Thủy,Tỉnh Quảng Trị,Xã Sen Ngư
Tỉnh Quảng Bình,Huyện Lệ Thủy,Xã Hồng Thủy,Tỉnh Quảng Trị,Xã Cam Hồng
Tỉnh Quảng Bình,Huyện Lệ Thủy,Xã Kim Thủy,Tỉnh Quảng Trị,Xã Kim Ngân
Tỉnh Quảng Bình,Huyện Lệ Thủy,Xã Liên Thủy,Tỉnh Quảng Trị,Xã Lệ Thuỷ
Tỉnh Quảng Bình,Huyện Lệ Thủy,Xã Lâm Thủy,Tỉnh Quảng Trị,Xã Kim Ngân
Tỉnh Quảng Bình,Huyện Lệ Thủy,Xã Lộc Thủy,Tỉnh Quảng Trị,Xã Lệ Thuỷ
Tỉnh Quảng Bình,Huyện Lệ Thủy,Xã Mai Thủy,Tỉnh Quảng Trị,Xã Trường Phú
Tỉnh Quảng Bình,Huyện Lệ Thủy,Xã Mỹ Thủy,Tỉnh Quảng Trị,Xã Tân Mỹ
Tỉnh Quảng Bình,Huyện Lệ Thủy,Xã Ngân Thủy,Tỉnh Quảng Trị,Xã Kim Ngân
Tỉnh Quảng Bình,Huyện Lệ Thủy,Xã Ngư Thủy,Tỉnh Quảng Trị,Xã Sen Ngư
Tỉnh Quảng Bình,Huyện Lệ Thủy,Xã Ngư Thủy Bắc,Tỉnh Quảng Trị,Xã Cam Hồng
Tỉnh Quảng Bình,Huyện Lệ Thủy,Xã Phong Thủy,Tỉnh Quảng Trị,Xã Lệ Thuỷ
Tỉnh Quảng Bình,Huyện Lệ Thủy,Xã Phú Thủy,Tỉnh Quảng Trị,Xã Trường Phú
Tỉnh Quảng Bình,Huyện Lệ Thủy,Xã Sen Thủy,Tỉnh Quảng Trị,Xã Sen Ngư
Tỉnh Quảng Bình,Huyện Lệ Thủy,Xã Sơn Thủy,Tỉnh Quảng Trị,Xã Lệ Ninh
Tỉnh Quảng Bình,Huyện Lệ Thủy,Xã Thanh Thủy,Tỉnh Quảng Trị,Xã Cam Hồng
Tỉnh Quảng Bình,Huyện Lệ Thủy,Xã Thái Thủy,Tỉnh Quảng Trị,Xã Tân Mỹ
Tỉnh Quảng Bình,Huyện Lệ Thủy,Xã Trường Thủy,Tỉnh Quảng Trị,Xã Trường Phú
Tỉnh Quảng Bình,Huyện Lệ Thủy,Xã Tân Thủy,Tỉnh Quảng Trị,Xã Tân Mỹ
Tỉnh Quảng Bình,Huyện Lệ Thủy,Xã Xuân Thủy,Tỉnh Quảng Trị,Xã Lệ Thuỷ
Tỉnh Quảng Bình,Huyện Minh Hóa,Thị trấn Quy Đạt,Tỉnh Quảng Trị,Xã Minh Hoá
Tỉnh Quảng Bình,Huyện Minh Hóa,Xã Dân Hóa,Tỉnh Quảng Trị,Xã Dân Hoá
Tỉnh Quảng Bình,Huyện Minh Hóa,Xã Hóa Hợp,Tỉnh Quảng Trị,Xã Kim Điền
Tỉnh Quảng Bình,Huyện Minh Hóa,Xã Hóa Sơn,Tỉnh Quảng Trị,Xã Kim Điền
Tỉnh Quảng Bình,Huyện Minh Hóa,Xã Hồng Hóa,Tỉnh Quảng Trị,Xã Minh Hoá
Tỉnh Quảng Bình,Huyện Minh Hóa,Xã Minh Hóa,Tỉnh Quảng Trị,Xã Kim Phú
Tỉnh Quảng Bình,Huyện Minh Hóa,Xã Thượng Hóa,Tỉnh Quảng Trị,Xã Kim Phú
Tỉnh Quảng Bình,Huyện Minh Hóa,Xã Trung Hóa,Tỉnh Quảng Trị,Xã Kim Phú
Tỉnh Quảng Bình,Huyện Minh Hóa,Xã Trọng Hóa,Tỉnh Quảng Trị,Xã Dân Hoá
Tỉnh Quảng Bình,Huyện Minh Hóa,Xã Tân Hóa,Tỉnh Quảng Trị,Xã Kim Phú
Tỉnh Quảng Bình,Huyện Minh Hóa,Xã Xuân Hóa,Tỉnh Quảng Trị,Xã Minh Hoá
Tỉnh Quảng Bình,Huyện Minh Hóa,Xã Yên Hóa,Tỉnh Quảng Trị,Xã Minh Hoá
Tỉnh Quảng Bình,Huyện Quảng Ninh,Thị trấn Quán Hàu,Tỉnh Quảng Trị,Xã Quảng Ninh
Tỉnh Quảng Bình,Huyện Quảng Ninh,Xã An Ninh,Tỉnh Quảng Trị,Xã Trường Ninh
Tỉnh Quảng Bình,Huyện Quảng Ninh,Xã Duy Ninh,Tỉnh Quảng Trị,Xã Ninh Châu
Tỉnh Quảng Bình,Huyện Quảng Ninh,Xã Gia Ninh,Tỉnh Quảng Trị,Xã Ninh Châu
Tỉnh Quảng Bình,Huyện Quảng Ninh,Xã Hiền Ninh,Tỉnh Quảng Trị,Xã Trường Ninh
Tỉnh Quảng Bình,Huyện Quảng Ninh,Xã Hàm Ninh,Tỉnh Quảng Trị,Xã Quảng Ninh
Tỉnh Quảng Bình,Huyện Quảng Ninh,Xã Hải Ninh,Tỉnh Quảng Trị,Xã Ninh Châu
Tỉnh Quảng Bình,Huyện Quảng Ninh,Xã Trường Sơn,Tỉnh Quảng Trị,Xã Trường Sơn
Tỉnh Quảng Bình,Huyện Quảng Ninh,Xã Trường Xuân,Tỉnh Quảng Trị,Xã Trường Sơn
Tỉnh Quảng Bình,Huyện Quảng Ninh,Xã Tân Ninh,Tỉnh Quảng Trị,Xã Ninh Châu
Tỉnh Quảng Bình,Huyện Quảng Ninh,Xã Võ Ninh,Tỉnh Quảng Trị,Xã Quảng Ninh
Tỉnh Quảng Bình,Huyện Quảng Ninh,Xã Vĩnh Ninh,Tỉnh Quảng Trị,Xã Quảng Ninh
Tỉnh Quảng Bình,Huyện Quảng Ninh,Xã Vạn Ninh,Tỉnh Quảng Trị,Xã Trường Ninh
Tỉnh Quảng Bình,Huyện Quảng Ninh,Xã Xuân Ninh,Tỉnh Quảng Trị,Xã Trường Ninh
Tỉnh Quảng Bình,Huyện Quảng Trạch,Xã Cảnh Dương,Tỉnh Quảng Trị,Xã Hoà Trạch
Tỉnh Quảng Bình,Huyện Quảng Trạch,Xã Liên Trường,Tỉnh Quảng Trị,Xã Tân Gianh
Tỉnh Quảng Bình,Huyện Quảng Trạch,Xã Phù Cảnh,Tỉnh Quảng Trị,Xã Tân Gianh
Tỉnh Quảng Bình,Huyện Quảng Trạch,Xã Quảng Châu,Tỉnh Quảng Trị,Xã Hoà Trạch
Tỉnh Quảng Bình,Huyện Quảng Trạch,Xã Quảng Hưng,Tỉnh Quảng Trị,Xã Quảng Trạch
Tỉnh Quảng Bình,Huyện Quảng Trạch,Xã Quảng Hợp,Tỉnh Quảng Trị,Xã Phú Trạch
Tỉnh Quảng Bình,Huyện Quảng Trạch,Xã Quảng Kim,Tỉnh Quảng Trị,Xã Phú Trạch
Tỉnh Quảng Bình,Huyện Quảng Trạch,Xã Quảng Lưu,Tỉnh Quảng Trị,Xã Trung Thuần
Tỉnh Quảng Bình,Huyện Quảng Trạch,Xã Quảng Phú,Tỉnh Quảng Trị,Xã Phú Trạch
Tỉnh Quảng Bình,Huyện Quảng Trạch,Xã Quảng Phương,Tỉnh Quảng Trị,Xã Quảng Trạch
Tỉnh Quảng Bình,Huyện Quảng Trạch,Xã Quảng Thanh,Tỉnh Quảng Trị,Xã Tân Gianh
Tỉnh Quảng Bình,Huyện Quảng Trạch,Xã Quảng Thạch,Tỉnh Quảng Trị,Xã Trung Thuần
Tỉnh Quảng Bình,Huyện Quảng Trạch,Xã Quảng Tiến,Tỉnh Quảng Trị,Xã Trung Thuần
Tỉnh Quảng Bình,Huyện Quảng Trạch,Xã Quảng Tùng,Tỉnh Quảng Trị,Xã Hoà Trạch
Tỉnh Quảng Bình,Huyện Quảng Trạch,Xã Quảng Xuân,Tỉnh Quảng Trị,Xã Quảng Trạch
Tỉnh Quảng Bình,Huyện Quảng Trạch,Xã Quảng Đông,Tỉnh Quảng Trị,Xã Phú Trạch
Tỉnh Quảng Bình,Huyện Tuyên Hóa,Thị trấn Đồng Lê,Tỉnh Quảng Trị,Xã Đồng Lê
Tỉnh Quảng Bình,Huyện Tuyên Hóa,Xã Cao Quảng,Tỉnh Quảng Trị,Xã Tuyên Hoá
Tỉnh Quảng Bình,Huyện Tuyên Hóa,Xã Châu Hóa,Tỉnh Quảng Trị,Xã Tuyên Hoá
Tỉnh Quảng Bình,Huyện Tuyên Hóa,Xã Hương Hóa,Tỉnh Quảng Trị,Xã Tuyên Sơn
Tỉnh Quảng Bình,Huyện Tuyên Hóa,Xã Kim Hóa,Tỉnh Quảng Trị,Xã Đồng Lê
Tỉnh Quảng Bình,Huyện Tuyên Hóa,Xã Lâm Hóa,Tỉnh Quảng Trị,Xã Tuyên Lâm
Tỉnh Quảng Bình,Huyện Tuyên Hóa,Xã Lê Hóa,Tỉnh Quảng Trị,Xã Đồng Lê
Tỉnh Quảng Bình,Huyện Tuyên Hóa,Xã Mai Hóa,Tỉnh Quảng Trị,Xã Tuyên Bình
Tỉnh Quảng Bình,Huyện Tuyên Hóa,Xã Ngư Hóa,Tỉnh Quảng Trị,Xã Tuyên Bình
Tỉnh Quảng Bình,Huyện Tuyên Hóa,Xã Phong Hóa,Tỉnh Quảng Trị,Xã Tuyên Bình
Tỉnh Quảng Bình,Huyện Tuyên Hóa,Xã Sơn Hóa,Tỉnh Quảng Trị,Xã Đồng Lê
Tỉnh Quảng Bình,Huyện Tuyên Hóa,Xã Thanh Hóa,Tỉnh Quảng Trị,Xã Tuyên Lâm
Tỉnh Quảng Bình,Huyện Tuyên Hóa,Xã Thanh Thạch,Tỉnh Quảng Trị,Xã Tuyên Sơn
Tỉnh Quảng Bình,Huyện Tuyên Hóa,Xã Thuận Hóa,Tỉnh Quảng Trị,Xã Đồng Lê
Tỉnh Quảng Bình,Huyện Tuyên Hóa,Xã Thạch Hóa,Tỉnh Quảng Trị,Xã Tuyên Phú
Tỉnh Quảng Bình,Huyện Tuyên Hóa,Xã Tiến Hóa,Tỉnh Quảng Trị,Xã Tuyên Hoá
Tỉnh Quảng Bình,Huyện Tuyên Hóa,Xã Văn Hóa,Tỉnh Quảng Trị,Xã Tuyên Hoá
Tỉnh Quảng Bình,Huyện Tuyên Hóa,Xã Đồng Hóa,Tỉnh Quảng Trị,Xã Tuyên Phú
Tỉnh Quảng Bình,Huyện Tuyên Hóa,Xã Đức Hóa,Tỉnh Quảng Trị,Xã Tuyên Phú
Tỉnh Quảng Bình,Thành phố Đồng Hới,Phường Bắc Lý,Tỉnh Quảng Trị,Phường Đồng Thuận
Tỉnh Quảng Bình,Thành phố Đồng Hới,Phường Bắc Nghĩa,Tỉnh Quảng Trị,Phường Đồng Sơn
Tỉnh Quảng Bình,Thành phố Đồng Hới,Phường Hải Thành,Tỉnh Quảng Trị,Phường Đồng Hới
Tỉnh Quảng Bình,Thành phố Đồng Hới,Phường Nam Lý,Tỉnh Quảng Trị,Phường Đồng Hới
Tỉnh Quảng Bình,Thành phố Đồng Hới,Phường Phú Hải,Tỉnh Quảng Trị,Phường Đồng Hới
Tỉnh Quảng Bình,Thành phố Đồng Hới,Phường Đồng Hải,Tỉnh Quảng Trị,Phường Đồng Hới
Tỉnh Quảng Bình,Thành phố Đồng Hới,Phường Đồng Phú,Tỉnh Quảng Trị,Phường Đồng Hới
Tỉnh Quảng Bình,Thành phố Đồng Hới,Phường Đồng Sơn,Tỉnh Quảng Trị,Phường Đồng Sơn
Tỉnh Quảng Bình,Thành phố Đồng Hới,Phường Đức Ninh Đông,Tỉnh Quảng Trị,Phường Đồng Hới
Tỉnh Quảng Bình,Thành phố Đồng Hới,Xã Bảo Ninh,Tỉnh Quảng Trị,Phường Đồng Hới
Tỉnh Quảng Bình,Thành phố Đồng Hới,Xã Lộc Ninh,Tỉnh Quảng Trị,Phường Đồng Thuận
Tỉnh Quảng Bình,Thành phố Đồng Hới,Xã Nghĩa Ninh,Tỉnh Quảng Trị,Phường Đồng Sơn
Tỉnh Quảng Bình,Thành phố Đồng Hới,Xã Quang Phú,Tỉnh Quảng Trị,Phường Đồng Thuận
Tỉnh Quảng Bình,Thành phố Đồng Hới,Xã Thuận Đức,Tỉnh Quảng Trị,Phường Đồng Sơn
Tỉnh Quảng Bình,Thành phố Đồng Hới,Xã Đức Ninh,Tỉnh Quảng Trị,Phường Đồng Hới
Tỉnh Quảng Bình,Thị xã Ba Đồn,Phường Ba Đồn,Tỉnh Quảng Trị,Phường Ba Đồn
Tỉnh Quảng Bình,Thị xã Ba Đồn,Phường Quảng Long,Tỉnh Quảng Trị,Phường Ba Đồn
Tỉnh Quảng Bình,Thị xã Ba Đồn,Phường Quảng Phong,Tỉnh Quảng Trị,Phường Ba Đồn
Tỉnh Quảng Bình,Thị xã Ba Đồn,Phường Quảng Phúc,Tỉnh Quảng Trị,Phường Bắc Gianh
Tỉnh Quảng Bình,Thị xã Ba Đồn,Phường Quảng Thuận,Tỉnh Quảng Trị,Phường Bắc Gianh
Tỉnh Quảng Bình,Thị xã Ba Đồn,Phường Quảng Thọ,Tỉnh Quảng Trị,Phường Bắc Gianh
Tỉnh Quảng Bình,Thị xã Ba Đồn,Xã Quảng Hòa,Tỉnh Quảng Trị,Xã Nam Gianh
Tỉnh Quảng Bình,Thị xã Ba Đồn,Xã Quảng Hải,Tỉnh Quảng Trị,Phường Ba Đồn
Tỉnh Quảng Bình,Thị xã Ba Đồn,Xã Quảng Lộc,Tỉnh Quảng Trị,Xã Nam Gianh
Tỉnh Quảng Bình,Thị xã Ba Đồn,Xã Quảng Minh,Tỉnh Quảng Trị,Xã Nam Gianh
Tỉnh Quảng Bình,Thị xã Ba Đồn,Xã Quảng Sơn,Tỉnh Quảng Trị,Xã Nam Ba Đồn
Tỉnh Quảng Bình,Thị xã Ba Đồn,Xã Quảng Thủy,Tỉnh Quảng Trị,Xã Nam Ba Đồn
Tỉnh Quảng Bình,Thị xã Ba Đồn,Xã Quảng Tiên,Tỉnh Quảng Trị,Xã Nam Ba Đồn
Tỉnh Quảng Bình,Thị xã Ba Đồn,Xã Quảng Trung,Tỉnh Quảng Trị,Xã Nam Ba Đồn
Tỉnh Quảng Bình,Thị xã Ba Đồn,Xã Quảng Tân,Tỉnh Quảng Trị,Xã Nam Ba Đồn
Tỉnh Quảng Bình,Thị xã Ba Đồn,Xã Quảng Văn,Tỉnh Quảng Trị,Xã Nam Gianh
Tỉnh Quảng Nam,Huyện Bắc Trà My,Thị trấn Trà My,Thành phố Đà Nẵng,Xã Trà My
Tỉnh Quảng Nam,Huyện Bắc Trà My,Xã Trà Bui,Thành phố Đà Nẵng,Xã Trà Đốc
Tỉnh Quảng Nam,Huyện Bắc Trà My,Xã Trà Dương,Thành phố Đà Nẵng,Xã Trà My
Tỉnh Quảng Nam,Huyện Bắc Trà My,Xã Trà Giang,Thành phố Đà Nẵng,Xã Trà My
Tỉnh Quảng Nam,Huyện Bắc Trà My,Xã Trà Giác,Thành phố Đà Nẵng,Xã Trà Tân
Tỉnh Quảng Nam,Huyện Bắc Trà My,Xã Trà Giáp,Thành phố Đà Nẵng,Xã Trà Giáp
Tỉnh Quảng Nam,Huyện Bắc Trà My,Xã Trà Ka,Thành phố Đà Nẵng,Xã Trà Giáp
Tỉnh Quảng Nam,Huyện Bắc Trà My,Xã Trà Kót,Thành phố Đà Nẵng,Xã Trà Liên
Tỉnh Quảng Nam,Huyện Bắc Trà My,Xã Trà Nú,Thành phố Đà Nẵng,Xã Trà Liên
Tỉnh Quảng Nam,Huyện Bắc Trà My,Xã Trà Sơn,Thành phố Đà Nẵng,Xã Trà My
Tỉnh Quảng Nam,Huyện Bắc Trà My,Xã Trà Tân,Thành phố Đà Nẵng,Xã Trà Tân
Tỉnh Quảng Nam,Huyện Bắc Trà My,Xã Trà Đông,Thành phố Đà Nẵng,Xã Trà Liên
Tỉnh Quảng Nam,Huyện Bắc Trà My,Xã Trà Đốc,Thành phố Đà Nẵng,Xã Trà Đốc
Tỉnh Quảng Nam,Huyện Duy Xuyên,Thị trấn Nam Phước,Thành phố Đà Nẵng,Xã Nam Phước
Tỉnh Quảng Nam,Huyện Duy Xuyên,Xã Duy Châu,Thành phố Đà Nẵng,Xã Thu Bồn
Tỉnh Quảng Nam,Huyện Duy Xuyên,Xã Duy Hòa,Thành phố Đà Nẵng,Xã Thu Bồn
Tỉnh Quảng Nam,Huyện Duy Xuyên,Xã Duy Hải,Thành phố Đà Nẵng,Xã Duy Nghĩa
Tỉnh Quảng Nam,Huyện Duy Xuyên,Xã Duy Nghĩa,Thành phố Đà Nẵng,Xã Duy Nghĩa
Tỉnh Quảng Nam,Huyện Duy Xuyên,Xã Duy Phú,Thành phố Đà Nẵng,Xã Thu Bồn
Tỉnh Quảng Nam,Huyện Duy Xuyên,Xã Duy Phước,Thành phố Đà Nẵng,Xã Nam Phước
Tỉnh Quảng Nam,Huyện Duy Xuyên,Xã Duy Sơn,Thành phố Đà Nẵng,Xã Duy Xuyên
Tỉnh Quảng Nam,Huyện Duy Xuyên,Xã Duy Thành,Thành phố Đà Nẵng,Xã Duy Nghĩa
Tỉnh Quảng Nam,Huyện Duy Xuyên,Xã Duy Trinh,Thành phố Đà Nẵng,Xã Duy Xuyên
Tỉnh Quảng Nam,Huyện Duy Xuyên,Xã Duy Trung,Thành phố Đà Nẵng,Xã Duy Xuyên
Tỉnh Quảng Nam,Huyện Duy Xuyên,Xã Duy Tân,Thành phố Đà Nẵng,Xã Thu Bồn
Tỉnh Quảng Nam,Huyện Duy Xuyên,Xã Duy Vinh,Thành phố Đà Nẵng,Xã Nam Phước
Tỉnh Quảng Nam,Huyện Hiệp Đức,Thị trấn Tân Bình,Thành phố Đà Nẵng,Xã Hiệp Đức
Tỉnh Quảng Nam,Huyện Hiệp Đức,Xã Bình Lâm,Thành phố Đà Nẵng,Xã Việt An
Tỉnh Quảng Nam,Huyện Hiệp Đức,Xã Bình Sơn,Thành phố Đà Nẵng,Xã Việt An
Tỉnh Quảng Nam,Huyện Hiệp Đức,Xã Phước Gia,Thành phố Đà Nẵng,Xã Phước Trà
Tỉnh Quảng Nam,Huyện Hiệp Đức,Xã Phước Trà,Thành phố Đà Nẵng,Xã Phước Trà
Tỉnh Quảng Nam,Huyện Hiệp Đức,Xã Quế Lưu,Thành phố Đà Nẵng,Xã Hiệp Đức
Tỉnh Quảng Nam,Huyện Hiệp Đức,Xã Quế Thọ,Thành phố Đà Nẵng,Xã Việt An
Tỉnh Quảng Nam,Huyện Hiệp Đức,Xã Quế Tân,Thành phố Đà Nẵng,Xã Hiệp Đức
Tỉnh Quảng Nam,Huyện Hiệp Đức,Xã Sông Trà,Thành phố Đà Nẵng,Xã Phước Trà
Tỉnh Quảng Nam,Huyện Hiệp Đức,Xã Thăng Phước,Thành phố Đà Nẵng,Xã Việt An
Tỉnh Quảng Nam,Huyện Nam Giang,Thị trấn Thạnh Mỹ,Thành phố Đà Nẵng,Xã Thạnh Mỹ
Tỉnh Quảng Nam,Huyện Nam Giang,Xã Chà Vàl,Thành phố Đà Nẵng,Xã Nam Giang
Tỉnh Quảng Nam,Huyện Nam Giang,Xã Chơ Chun,Thành phố Đà Nẵng,Xã La Êê
Tỉnh Quảng Nam,Huyện Nam Giang,Xã Cà Dy,Thành phố Đà Nẵng,Xã Bến Giằng
Tỉnh Quảng Nam,Huyện Nam Giang,Xã La Dêê,Thành phố Đà Nẵng,Xã La Dêê
Tỉnh Quảng Nam,Huyện Nam Giang,Xã Tà Pơơ,Thành phố Đà Nẵng,Xã Bến Giằng
Tỉnh Quảng Nam,Huyện Nam Giang,Xã Đắc Pre,Thành phố Đà Nẵng,Xã Đắc Pring
Tỉnh Quảng Nam,Huyện Nam Giang,Xã Đắc Pring,Thành phố Đà Nẵng,Xã Đắc Pring
Tỉnh Quảng Nam,Huyện Nam Giang,Xã Đắc Tôi,Thành phố Đà Nẵng,Xã La Dêê
Tỉnh Quảng Nam,Huyện Nam Trà My,Xã Trà Cang,Thành phố Đà Nẵng,Xã Trà Tập
Tỉnh Quảng Nam,Huyện Nam Trà My,Xã Trà Don,Thành phố Đà Nẵng,Xã Nam Trà My
Tỉnh Quảng Nam,Huyện Nam Trà My,Xã Trà Dơn,Thành phố Đà Nẵng,Xã Trà Leng
Tỉnh Quảng Nam,Huyện Nam Trà My,Xã Trà Leng,Thành phố Đà Nẵng,Xã Trà Leng
Tỉnh Quảng Nam,Huyện Nam Trà My,Xã Trà Linh,Thành phố Đà Nẵng,Xã Trà Linh
Tỉnh Quảng Nam,Huyện Nam Trà My,Xã Trà Mai,Thành phố Đà Nẵng,Xã Nam Trà My
Tỉnh Quảng Nam,Huyện Nam Trà My,Xã Trà Nam,Thành phố Đà Nẵng,Xã Trà Linh
Tỉnh Quảng Nam,Huyện Nam Trà My,Xã Trà Tập,Thành phố Đà Nẵng,Xã Trà Tập
Tỉnh Quảng Nam,Huyện Nam Trà My,Xã Trà Vinh,Thành phố Đà Nẵng,Xã Trà Vân
Tỉnh Quảng Nam,Huyện Nam Trà My,Xã Trà Vân,Thành phố Đà Nẵng,Xã Trà Vân
Tỉnh Quảng Nam,Huyện Núi Thành,Thị trấn Núi Thành,Thành phố Đà Nẵng,Xã Núi Thành
Tỉnh Quảng Nam,Huyện Núi Thành,Xã Tam Anh Bắc,Thành phố Đà Nẵng,Xã Tam Anh
Tỉnh Quảng Nam,Huyện Núi Thành,Xã Tam Anh Nam,Thành phố Đà Nẵng,Xã Tam Anh
Tỉnh Quảng Nam,Huyện Núi Thành,Xã Tam Giang,Thành phố Đà Nẵng,Xã Núi Thành
Tỉnh Quảng Nam,Huyện Núi Thành,Xã Tam Hiệp,Thành phố Đà Nẵng,Xã Núi Thành
Tỉnh Quảng Nam,Huyện Núi Thành,Xã Tam Hòa,Thành phố Đà Nẵng,Xã Tam Anh
Tỉnh Quảng Nam,Huyện Núi Thành,Xã Tam Mỹ Tây,Thành phố Đà Nẵng,Xã Tam Mỹ
Tỉnh Quảng Nam,Huyện Núi Thành,Xã Tam Mỹ Đông,Thành phố Đà Nẵng,Xã Tam Mỹ
Tỉnh Quảng Nam,Huyện Núi Thành,Xã Tam Nghĩa,Thành phố Đà Nẵng,Xã Núi Thành
Tỉnh Quảng Nam,Huyện Núi Thành,Xã Tam Quang,Thành phố Đà Nẵng,Xã Núi Thành
Tỉnh Quảng Nam,Huyện Núi Thành,Xã Tam Sơn,Thành phố Đà Nẵng,Xã Đức Phú
Tỉnh Quảng Nam,Huyện Núi Thành,Xã Tam Thạnh,Thành phố Đà Nẵng,Xã Đức Phú
Tỉnh Quảng Nam,Huyện Núi Thành,Xã Tam Tiến,Thành phố Đà Nẵng,Xã Tam Xuân
Tỉnh Quảng Nam,Huyện Núi Thành,Xã Tam Trà,Thành phố Đà Nẵng,Xã Tam Mỹ
Tỉnh Quảng Nam,Huyện Núi Thành,Xã Tam Xuân I,Thành phố Đà Nẵng,Xã Tam Xuân
Tỉnh Quảng Nam,Huyện Núi Thành,Xã Tam Xuân II,Thành phố Đà Nẵng,Xã Tam Xuân
Tỉnh Quảng Nam,Huyện Phú Ninh,Thị trấn Phú Thịnh,Thành phố Đà Nẵng,Xã Chiên Đàn
Tỉnh Quảng Nam,Huyện Phú Ninh,Xã Tam An,Thành phố Đà Nẵng,Xã Tây Hồ
Tỉnh Quảng Nam,Huyện Phú Ninh,Xã Tam Dân,Thành phố Đà Nẵng,Xã Phú Ninh
Tỉnh Quảng Nam,Huyện Phú Ninh,Xã Tam Lãnh,Thành phố Đà Nẵng,Xã Phú Ninh
Tỉnh Quảng Nam,Huyện Phú Ninh,Xã Tam Lộc,Thành phố Đà Nẵng,Xã Tây Hồ
Tỉnh Quảng Nam,Huyện Phú Ninh,Xã Tam Phước,Thành phố Đà Nẵng,Xã Tây Hồ
Tỉnh Quảng Nam,Huyện Phú Ninh,Xã Tam Thành,Thành phố Đà Nẵng,Xã Tây Hồ
Tỉnh Quảng Nam,Huyện Phú Ninh,Xã Tam Thái,Thành phố Đà Nẵng,Xã Chiên Đàn
Tỉnh Quảng Nam,Huyện Phú Ninh,Xã Tam Đàn,Thành phố Đà Nẵng,Xã Chiên Đàn
Tỉnh Quảng Nam,Huyện Phú Ninh,Xã Tam Đại,Thành phố Đà Nẵng,Xã Phú Ninh
Tỉnh Quảng Nam,Huyện Phước Sơn,Thị trấn Khâm Đức,Thành phố Đà Nẵng,Xã Khâm Đức
Tỉnh Quảng Nam,Huyện Phước Sơn,Xã Phước Chánh,Thành phố Đà Nẵng,Xã Phước Chánh
Tỉnh Quảng Nam,Huyện Phước Sơn,Xã Phước Công,Thành phố Đà Nẵng,Xã Phước Chánh
Tỉnh Quảng Nam,Huyện Phước Sơn,Xã Phước Hiệp,Thành phố Đà Nẵng,Xã Phước Hiệp
Tỉnh Quảng Nam,Huyện Phước Sơn,Xã Phước Hoà,Thành phố Đà Nẵng,Xã Phước Hiệp
Tỉnh Quảng Nam,Huyện Phước Sơn,Xã Phước Kim,Thành phố Đà Nẵng,Xã Phước Thành
Tỉnh Quảng Nam,Huyện Phước Sơn,Xã Phước Lộc,Thành phố Đà Nẵng,Xã Phước Thành
Tỉnh Quảng Nam,Huyện Phước Sơn,Xã Phước Mỹ,Thành phố Đà Nẵng,Xã Phước Năng
Tỉnh Quảng Nam,Huyện Phước Sơn,Xã Phước Năng,Thành phố Đà Nẵng,Xã Phước Năng
Tỉnh Quảng Nam,Huyện Phước Sơn,Xã Phước Thành,Thành phố Đà Nẵng,Xã Phước Thành
Tỉnh Quảng Nam,Huyện Phước Sơn,Xã Phước Xuân,Thành phố Đà Nẵng,Xã Khâm Đức
Tỉnh Quảng Nam,Huyện Phước Sơn,Xã Phước Đức,Thành phố Đà Nẵng,Xã Phước Năng
Tỉnh Quảng Nam,Huyện Quế Sơn,Thị trấn Hương An,Thành phố Đà Nẵng,Xã Xuân Phú
Tỉnh Quảng Nam,Huyện Quế Sơn,Thị trấn Trung Phước,Thành phố Đà Nẵng,Xã Nông Sơn
Tỉnh Quảng Nam,Huyện Quế Sơn,Thị trấn Đông Phú,Thành phố Đà Nẵng,Xã Quế Sơn
Tỉnh Quảng Nam,Huyện Quế Sơn,Xã Ninh Phước,Thành phố Đà Nẵng,Xã Quế Phước
Tỉnh Quảng Nam,Huyện Quế Sơn,Xã Phước Ninh,Thành phố Đà Nẵng,Xã Quế Phước
Tỉnh Quảng Nam,Huyện Quế Sơn,Xã Quế An,Thành phố Đà Nẵng,Xã Quế Sơn
Tỉnh Quảng Nam,Huyện Quế Sơn,Xã Quế Châu,Thành phố Đà Nẵng,Xã Quế Sơn Trung
Tỉnh Quảng Nam,Huyện Quế Sơn,Xã Quế Hiệp,Thành phố Đà Nẵng,Xã Quế Sơn Trung
Tỉnh Quảng Nam,Huyện Quế Sơn,Xã Quế Long,Thành phố Đà Nẵng,Xã Quế Sơn
Tỉnh Quảng Nam,Huyện Quế Sơn,Xã Quế Lâm,Thành phố Đà Nẵng,Xã Quế Phước
Tỉnh Quảng Nam,Huyện Quế Sơn,Xã Quế Lộc,Thành phố Đà Nẵng,Xã Nông Sơn
Tỉnh Quảng Nam,Huyện Quế Sơn,Xã Quế Minh,Thành phố Đà Nẵng,Xã Quế Sơn
Tỉnh Quảng Nam,Huyện Quế Sơn,Xã Quế Mỹ,Thành phố Đà Nẵng,Xã Quế Sơn Trung
Tỉnh Quảng Nam,Huyện Quế Sơn,Xã Quế Phong,Thành phố Đà Nẵng,Xã Quế Sơn
Tỉnh Quảng Nam,Huyện Quế Sơn,Xã Quế Phú,Thành phố Đà Nẵng,Xã Xuân Phú
Tỉnh Quảng Nam,Huyện Quế Sơn,Xã Quế Thuận,Thành phố Đà Nẵng,Xã Quế Sơn Trung
Tỉnh Quảng Nam,Huyện Quế Sơn,Xã Quế Xuân 1,Thành phố Đà Nẵng,Xã Xuân Phú
Tỉnh Quảng Nam,Huyện Quế Sơn,Xã Quế Xuân 2,Thành phố Đà Nẵng,Xã Xuân Phú
Tỉnh Quảng Nam,Huyện Thăng Bình,Thị trấn Hà Lam,Thành phố Đà Nẵng,Xã Thăng Bình
Tỉnh Quảng Nam,Huyện Thăng Bình,Xã Bình An,Thành phố Đà Nẵng,Xã Thăng Điền
Tỉnh Quảng Nam,Huyện Thăng Bình,Xã Bình Dương,Thành phố Đà Nẵng,Xã Thăng An
Tỉnh Quảng Nam,Huyện Thăng Bình,Xã Bình Giang,Thành phố Đà Nẵng,Xã Thăng An
Tỉnh Quảng Nam,Huyện Thăng Bình,Xã Bình Hải,Thành phố Đà Nẵng,Xã Thăng Trường
Tỉnh Quảng Nam,Huyện Thăng Bình,Xã Bình Lãnh,Thành phố Đà Nẵng,Xã Đồng Dương
Tỉnh Quảng Nam,Huyện Thăng Bình,Xã Bình Minh,Thành phố Đà Nẵng,Xã Thăng An
Tỉnh Quảng Nam,Huyện Thăng Bình,Xã Bình Nam,Thành phố Đà Nẵng,Xã Thăng Trường
Tỉnh Quảng Nam,Huyện Thăng Bình,Xã Bình Nguyên,Thành phố Đà Nẵng,Xã Thăng Bình
Tỉnh Quảng Nam,Huyện Thăng Bình,Xã Bình Phú,Thành phố Đà Nẵng,Xã Thăng Phú
Tỉnh Quảng Nam,Huyện Thăng Bình,Xã Bình Phục,Thành phố Đà Nẵng,Xã Thăng Bình
Tỉnh Quảng Nam,Huyện Thăng Bình,Xã Bình Quý,Thành phố Đà Nẵng,Xã Thăng Bình
Tỉnh Quảng Nam,Huyện Thăng Bình,Xã Bình Quế,Thành phố Đà Nẵng,Xã Thăng Phú
Tỉnh Quảng Nam,Huyện Thăng Bình,Xã Bình Sa,Thành phố Đà Nẵng,Xã Thăng Trường
Tỉnh Quảng Nam,Huyện Thăng Bình,Xã Bình Triều,Thành phố Đà Nẵng,Xã Thăng An
Tỉnh Quảng Nam,Huyện Thăng Bình,Xã Bình Trung,Thành phố Đà Nẵng,Xã Thăng Điền
Tỉnh Quảng Nam,Huyện Thăng Bình,Xã Bình Trị,Thành phố Đà Nẵng,Xã Đồng Dương
Tỉnh Quảng Nam,Huyện Thăng Bình,Xã Bình Tú,Thành phố Đà Nẵng,Xã Thăng Điền
Tỉnh Quảng Nam,Huyện Thăng Bình,Xã Bình Đào,Thành phố Đà Nẵng,Xã Thăng An
Tỉnh Quảng Nam,Huyện Thăng Bình,Xã Bình Định,Thành phố Đà Nẵng,Xã Đồng Dương
Tỉnh Quảng Nam,Huyện Tiên Phước,Thị trấn Tiên Kỳ,Thành phố Đà Nẵng,Xã Tiên Phước
Tỉnh Quảng Nam,Huyện Tiên Phước,Xã Tiên An,Thành phố Đà Nẵng,Xã Thạnh Bình
Tỉnh Quảng Nam,Huyện Tiên Phước,Xã Tiên Châu,Thành phố Đà Nẵng,Xã Sơn Cẩm Hà
Tỉnh Quảng Nam,Huyện Tiên Phước,Xã Tiên Cảnh,Thành phố Đà Nẵng,Xã Thạnh Bình
Tỉnh Quảng Nam,Huyện Tiên Phước,Xã Tiên Hiệp,Thành phố Đà Nẵng,Xã Lãnh Ngọc
Tỉnh Quảng Nam,Huyện Tiên Phước,Xã Tiên Hà,Thành phố Đà Nẵng,Xã Sơn Cẩm Hà
Tỉnh Quảng Nam,Huyện Tiên Phước,Xã Tiên Lãnh,Thành phố Đà Nẵng,Xã Lãnh Ngọc
Tỉnh Quảng Nam,Huyện Tiên Phước,Xã Tiên Lập,Thành phố Đà Nẵng,Xã Thạnh Bình
Tỉnh Quảng Nam,Huyện Tiên Phước,Xã Tiên Lộc,Thành phố Đà Nẵng,Xã Thạnh Bình
Tỉnh Quảng Nam,Huyện Tiên Phước,Xã Tiên Mỹ,Thành phố Đà Nẵng,Xã Tiên Phước
Tỉnh Quảng Nam,Huyện Tiên Phước,Xã Tiên Ngọc,Thành phố Đà Nẵng,Xã Lãnh Ngọc
Tỉnh Quảng Nam,Huyện Tiên Phước,Xã Tiên Phong,Thành phố Đà Nẵng,Xã Tiên Phước
Tỉnh Quảng Nam,Huyện Tiên Phước,Xã Tiên Sơn,Thành phố Đà Nẵng,Xã Sơn Cẩm Hà
Tỉnh Quảng Nam,Huyện Tiên Phước,Xã Tiên Thọ,Thành phố Đà Nẵng,Xã Tiên Phước
Tỉnh Quảng Nam,Huyện Tây Giang,Xã Dang,Thành phố Đà Nẵng,Xã Tây Giang
Tỉnh Quảng Nam,Huyện Tây Giang,Xã Lăng,Thành phố Đà Nẵng,Xã Tây Giang
Tỉnh Quảng Nam,Huyện Đông Giang,Xã A Rooi,Thành phố Đà Nẵng,Xã Đông Giang
Tỉnh Quảng Nam,Huyện Đông Giang,Xã A Ting,Thành phố Đà Nẵng,Xã Sông Kôn
Tỉnh Quảng Nam,Huyện Đông Giang,Xã Ba,Thành phố Đà Nẵng,Xã Sông Vàng
Tỉnh Quảng Nam,Huyện Đông Giang,Xã Jơ Ngây,Thành phố Đà Nẵng,Xã Sông Kôn
Tỉnh Quảng Nam,Huyện Đông Giang,Xã Sông Kôn,Thành phố Đà Nẵng,Xã Sông Kôn
Tỉnh Quảng Nam,Huyện Đông Giang,Xã Tà Lu,Thành phố Đà Nẵng,Xã Đông Giang
Tỉnh Quảng Nam,Huyện Đông Giang,Xã Tư,Thành phố Đà Nẵng,Xã Sông Vàng
Tỉnh Quảng Nam,Huyện Đại Lộc,Thị trấn Ái Nghĩa,Thành phố Đà Nẵng,Xã Đại Lộc
Tỉnh Quảng Nam,Huyện Đại Lộc,Xã Đại An,Thành phố Đà Nẵng,Xã Đại Lộc
Tỉnh Quảng Nam,Huyện Đại Lộc,Xã Đại Chánh,Thành phố Đà Nẵng,Xã Phú Thuận
Tỉnh Quảng Nam,Huyện Đại Lộc,Xã Đại Cường,Thành phố Đà Nẵng,Xã Vu Gia
Tỉnh Quảng Nam,Huyện Đại Lộc,Xã Đại Hiệp,Thành phố Đà Nẵng,Xã Đại Lộc
Tỉnh Quảng Nam,Huyện Đại Lộc,Xã Đại Hòa,Thành phố Đà Nẵng,Xã Đại Lộc
Tỉnh Quảng Nam,Huyện Đại Lộc,Xã Đại Hưng,Thành phố Đà Nẵng,Xã Thượng Đức
Tỉnh Quảng Nam,Huyện Đại Lộc,Xã Đại Hồng,Thành phố Đà Nẵng,Xã Hà Nha
Tỉnh Quảng Nam,Huyện Đại Lộc,Xã Đại Lãnh,Thành phố Đà Nẵng,Xã Thượng Đức
Tỉnh Quảng Nam,Huyện Đại Lộc,Xã Đại Minh,Thành phố Đà Nẵng,Xã Vu Gia
Tỉnh Quảng Nam,Huyện Đại Lộc,Xã Đại Nghĩa,Thành phố Đà Nẵng,Xã Đại Lộc
Tỉnh Quảng Nam,Huyện Đại Lộc,Xã Đại Phong,Thành phố Đà Nẵng,Xã Vu Gia
Tỉnh Quảng Nam,Huyện Đại Lộc,Xã Đại Quang,Thành phố Đà Nẵng,Xã Hà Nha
Tỉnh Quảng Nam,Huyện Đại Lộc,Xã Đại Sơn,Thành phố Đà Nẵng,Xã Thượng Đức
Tỉnh Quảng Nam,Huyện Đại Lộc,Xã Đại Thạnh,Thành phố Đà Nẵng,Xã Phú Thuận
Tỉnh Quảng Nam,Huyện Đại Lộc,Xã Đại Thắng,Thành phố Đà Nẵng,Xã Phú Thuận
Tỉnh Quảng Nam,Huyện Đại Lộc,Xã Đại Tân,Thành phố Đà Nẵng,Xã Phú Thuận
Tỉnh Quảng Nam,Huyện Đại Lộc,Xã Đại Đồng,Thành phố Đà Nẵng,Xã Hà Nha
Tỉnh Quảng Nam,Thành phố Hội An,Phường Cẩm An,Thành phố Đà Nẵng,Phường Hội An Tây
Tỉnh Quảng Nam,Thành phố Hội An,Phường Cẩm Châu,Thành phố Đà Nẵng,Phường Hội An Đông
Tỉnh Quảng Nam,Thành phố Hội An,Phường Cẩm Nam,Thành phố Đà Nẵng,Phường Hội An
Tỉnh Quảng Nam,Thành phố Hội An,Phường Cẩm Phô,Thành phố Đà Nẵng,Phường Hội An
Tỉnh Quảng Nam,Thành phố Hội An,Phường Cửa Đại,Thành phố Đà Nẵng,Phường Hội An Đông
Tỉnh Quảng Nam,Thành phố Hội An,Phường Minh An,Thành phố Đà Nẵng,Phường Hội An
Tỉnh Quảng Nam,Thành phố Hội An,Phường Sơn Phong,Thành phố Đà Nẵng,Phường Hội An
Tỉnh Quảng Nam,Thành phố Hội An,Phường Thanh Hà,Thành phố Đà Nẵng,Phường Hội An Tây
Tỉnh Quảng Nam,Thành phố Hội An,Phường Tân An,Thành phố Đà Nẵng,Phường Hội An Tây
Tỉnh Quảng Nam,Thành phố Hội An,Xã Cẩm Hà,Thành phố Đà Nẵng,Phường Hội An Tây
Tỉnh Quảng Nam,Thành phố Hội An,Xã Cẩm Kim,Thành phố Đà Nẵng,Phường Hội An
Tỉnh Quảng Nam,Thành phố Hội An,Xã Cẩm Thanh,Thành phố Đà Nẵng,Phường Hội An Đông
Tỉnh Quảng Nam,Thành phố Tam Kỳ,Phường An Mỹ,Thành phố Đà Nẵng,Phường Tam Kỳ
Tỉnh Quảng Nam,Thành phố Tam Kỳ,Phường An Phú,Thành phố Đà Nẵng,Phường Quảng Phú
Tỉnh Quảng Nam,Thành phố Tam Kỳ,Phường An Sơn,Thành phố Đà Nẵng,Phường Hương Trà
Tỉnh Quảng Nam,Thành phố Tam Kỳ,Phường An Xuân,Thành phố Đà Nẵng,Phường Tam Kỳ
Tỉnh Quảng Nam,Thành phố Tam Kỳ,Phường Hoà Thuận,Thành phố Đà Nẵng,Phường Bàn Thạch
Tỉnh Quảng Nam,Thành phố Tam Kỳ,Phường Hòa Hương,Thành phố Đà Nẵng,Phường Hương Trà
Tỉnh Quảng Nam,Thành phố Tam Kỳ,Phường Trường Xuân,Thành phố Đà Nẵng,Phường Tam Kỳ
Tỉnh Quảng Nam,Thành phố Tam Kỳ,Phường Tân Thạnh,Thành phố Đà Nẵng,Phường Bàn Thạch
Tỉnh Quảng Nam,Thành phố Tam Kỳ,Xã Tam Ngọc,Thành phố Đà Nẵng,Phường Hương Trà
Tỉnh Quảng Nam,Thành phố Tam Kỳ,Xã Tam Phú,Thành phố Đà Nẵng,Phường Quảng Phú
Tỉnh Quảng Nam,Thành phố Tam Kỳ,Xã Tam Thanh,Thành phố Đà Nẵng,Phường Quảng Phú
Tỉnh Quảng Nam,Thành phố Tam Kỳ,Xã Tam Thăng,Thành phố Đà Nẵng,Phường Bàn Thạch
Tỉnh Quảng Nam,Thị xã Điện Bàn,Phường Vĩnh Điện,Thành phố Đà Nẵng,Phường Điện Bàn
Tỉnh Quảng Nam,Thị xã Điện Bàn,Phường Điện An,Thành phố Đà Nẵng,Phường An Thắng
Tỉnh Quảng Nam,Thị xã Điện Bàn,Phường Điện Dương,Thành phố Đà Nẵng,Phường Điện Bàn Đông
Tỉnh Quảng Nam,Thị xã Điện Bàn,Phường Điện Minh,Thành phố Đà Nẵng,Phường Điện Bàn
Tỉnh Quảng Nam,Thị xã Điện Bàn,Phường Điện Nam Bắc,Thành phố Đà Nẵng,Phường Điện Bàn Đông
Tỉnh Quảng Nam,Thị xã Điện Bàn,Phường Điện Nam Trung,Thành phố Đà Nẵng,Phường Điện Bàn Đông
Tỉnh Quảng Nam,Thị xã Điện Bàn,Phường Điện Nam Đông,Thành phố Đà Nẵng,Phường Điện Bàn Đông
Tỉnh Quảng Nam,Thị xã Điện Bàn,Phường Điện Ngọc,Thành phố Đà Nẵng,Phường Điện Bàn Đông
Tỉnh Quảng Nam,Thị xã Điện Bàn,Phường Điện Phương,Thành phố Đà Nẵng,Phường Điện Bàn
Tỉnh Quảng Nam,Thị xã Điện Bàn,Phường Điện Thắng Bắc,Thành phố Đà Nẵng,Phường Điện Bàn Bắc
Tỉnh Quảng Nam,Thị xã Điện Bàn,Phường Điện Thắng Nam,Thành phố Đà Nẵng,Phường An Thắng
Tỉnh Quảng Nam,Thị xã Điện Bàn,Phường Điện Thắng Trung,Thành phố Đà Nẵng,Phường An Thắng
Tỉnh Quảng Nam,Thị xã Điện Bàn,Xã Điện Hòa,Thành phố Đà Nẵng,Phường Điện Bàn Bắc
Tỉnh Quảng Nam,Thị xã Điện Bàn,Xã Điện Hồng,Thành phố Đà Nẵng,Xã Điện Bàn Tây
Tỉnh Quảng Nam,Thị xã Điện Bàn,Xã Điện Phong,Thành phố Đà Nẵng,Xã Gò Nổi
Tỉnh Quảng Nam,Thị xã Điện Bàn,Xã Điện Phước,Thành phố Đà Nẵng,Xã Điện Bàn Tây
Tỉnh Quảng Nam,Thị xã Điện Bàn,Xã Điện Quang,Thành phố Đà Nẵng,Xã Gò Nổi
Tỉnh Quảng Nam,Thị xã Điện Bàn,Xã Điện Thọ,Thành phố Đà Nẵng,Xã Điện Bàn Tây
Tỉnh Quảng Nam,Thị xã Điện Bàn,Xã Điện Tiến,Thành phố Đà Nẵng,Phường Điện Bàn Bắc
Tỉnh Quảng Nam,Thị xã Điện Bàn,Xã Điện Trung,Thành phố Đà Nẵng,Xã Gò Nổi
Tỉnh Quảng Ngãi,Huyện Ba Tơ,Thị trấn Ba Tơ,Tỉnh Quảng Ngãi,Xã Ba Tơ
Tỉnh Quảng Ngãi,Huyện Ba Tơ,Xã Ba Bích,Tỉnh Quảng Ngãi,Xã Ba Tơ
Tỉnh Quảng Ngãi,Huyện Ba Tơ,Xã Ba Cung,Tỉnh Quảng Ngãi,Xã Ba Tơ
Tỉnh Quảng Ngãi,Huyện Ba Tơ,Xã Ba Dinh,Tỉnh Quảng Ngãi,Xã Ba Dinh
Tỉnh Quảng Ngãi,Huyện Ba Tơ,Xã Ba Giang,Tỉnh Quảng Ngãi,Xã Ba Dinh
Tỉnh Quảng Ngãi,Huyện Ba Tơ,Xã Ba Khâm,Tỉnh Quảng Ngãi,Xã Đặng Thuỳ Trâm
Tỉnh Quảng Ngãi,Huyện Ba Tơ,Xã Ba Liên,Tỉnh Quảng Ngãi,Xã Ba Động
Tỉnh Quảng Ngãi,Huyện Ba Tơ,Xã Ba Lế,Tỉnh Quảng Ngãi,Xã Ba Tô
Tỉnh Quảng Ngãi,Huyện Ba Tơ,Xã Ba Nam,Tỉnh Quảng Ngãi,Xã Ba Tô
Tỉnh Quảng Ngãi,Huyện Ba Tơ,Xã Ba Ngạc,Tỉnh Quảng Ngãi,Xã Ba Vì
Tỉnh Quảng Ngãi,Huyện Ba Tơ,Xã Ba Thành,Tỉnh Quảng Ngãi,Xã Ba Động
Tỉnh Quảng Ngãi,Huyện Ba Tơ,Xã Ba Tiêu,Tỉnh Quảng Ngãi,Xã Ba Vì
Tỉnh Quảng Ngãi,Huyện Ba Tơ,Xã Ba Trang,Tỉnh Quảng Ngãi,Xã Đặng Thuỳ Trâm
Tỉnh Quảng Ngãi,Huyện Ba Tơ,Xã Ba Tô,Tỉnh Quảng Ngãi,Xã Ba Tô
Tỉnh Quảng Ngãi,Huyện Ba Tơ,Xã Ba Vinh,Tỉnh Quảng Ngãi,Xã Ba Vinh
Tỉnh Quảng Ngãi,Huyện Ba Tơ,Xã Ba Vì,Tỉnh Quảng Ngãi,Xã Ba Vì
Tỉnh Quảng Ngãi,Huyện Ba Tơ,Xã Ba Điền,Tỉnh Quảng Ngãi,Xã Ba Vinh
Tỉnh Quảng Ngãi,Huyện Ba Tơ,Xã Ba Động,Tỉnh Quảng Ngãi,Xã Ba Động
Tỉnh Quảng Ngãi,Huyện Bình Sơn,Thị trấn Châu Ổ,Tỉnh Quảng Ngãi,Xã Bình Sơn
Tỉnh Quảng Ngãi,Huyện Bình Sơn,Xã Bình An,Tỉnh Quảng Ngãi,Xã Bình Minh
Tỉnh Quảng Ngãi,Huyện Bình Sơn,Xã Bình Chánh,Tỉnh Quảng Ngãi,Xã Bình Sơn
Tỉnh Quảng Ngãi,Huyện Bình Sơn,Xã Bình Châu,Tỉnh Quảng Ngãi,Xã Đông Sơn
Tỉnh Quảng Ngãi,Huyện Bình Sơn,Xã Bình Chương,Tỉnh Quảng Ngãi,Xã Bình Chương
Tỉnh Quảng Ngãi,Huyện Bình Sơn,Xã Bình Dương,Tỉnh Quảng Ngãi,Xã Bình Sơn
Tỉnh Quảng Ngãi,Huyện Bình Sơn,Xã Bình Hiệp,Tỉnh Quảng Ngãi,Xã Đông Sơn
Tỉnh Quảng Ngãi,Huyện Bình Sơn,Xã Bình Hòa,Tỉnh Quảng Ngãi,Xã Vạn Tường
Tỉnh Quảng Ngãi,Huyện Bình Sơn,Xã Bình Hải,Tỉnh Quảng Ngãi,Xã Vạn Tường
Tỉnh Quảng Ngãi,Huyện Bình Sơn,Xã Bình Khương,Tỉnh Quảng Ngãi,Xã Bình Minh
Tỉnh Quảng Ngãi,Huyện Bình Sơn,Xã Bình Long,Tỉnh Quảng Ngãi,Xã Bình Sơn
Tỉnh Quảng Ngãi,Huyện Bình Sơn,Xã Bình Minh,Tỉnh Quảng Ngãi,Xã Bình Minh
Tỉnh Quảng Ngãi,Huyện Bình Sơn,Xã Bình Mỹ,Tỉnh Quảng Ngãi,Xã Bình Chương
Tỉnh Quảng Ngãi,Huyện Bình Sơn,Xã Bình Nguyên,Tỉnh Quảng Ngãi,Xã Bình Sơn
Tỉnh Quảng Ngãi,Huyện Bình Sơn,Xã Bình Phước,Tỉnh Quảng Ngãi,Xã Vạn Tường
Tỉnh Quảng Ngãi,Huyện Bình Sơn,Xã Bình Thanh,Tỉnh Quảng Ngãi,Xã Đông Sơn
Tỉnh Quảng Ngãi,Huyện Bình Sơn,Xã Bình Thuận,Tỉnh Quảng Ngãi,Xã Vạn Tường
Tỉnh Quảng Ngãi,Huyện Bình Sơn,Xã Bình Thạnh,Tỉnh Quảng Ngãi,Xã Bình Sơn
Tỉnh Quảng Ngãi,Huyện Bình Sơn,Xã Bình Trung,Tỉnh Quảng Ngãi,Xã Bình Sơn
Tỉnh Quảng Ngãi,Huyện Bình Sơn,Xã Bình Trị,Tỉnh Quảng Ngãi,Xã Vạn Tường
Tỉnh Quảng Ngãi,Huyện Bình Sơn,Xã Bình Tân Phú,Tỉnh Quảng Ngãi,Xã Đông Sơn
Tỉnh Quảng Ngãi,Huyện Bình Sơn,Xã Bình Đông,Tỉnh Quảng Ngãi,Xã Vạn Tường
Tỉnh Quảng Ngãi,Huyện Minh Long,Xã Long Hiệp,Tỉnh Quảng Ngãi,Xã Minh Long
Tỉnh Quảng Ngãi,Huyện Minh Long,Xã Long Mai,Tỉnh Quảng Ngãi,Xã Sơn Mai
Tỉnh Quảng Ngãi,Huyện Minh Long,Xã Long Môn,Tỉnh Quảng Ngãi,Xã Minh Long
Tỉnh Quảng Ngãi,Huyện Minh Long,Xã Long Sơn,Tỉnh Quảng Ngãi,Xã Sơn Mai
Tỉnh Quảng Ngãi,Huyện Minh Long,Xã Thanh An,Tỉnh Quảng Ngãi,Xã Minh Long
Tỉnh Quảng Ngãi,Huyện Mộ Đức,Thị trấn Mộ Đức,Tỉnh Quảng Ngãi,Xã Mộ Đức
Tỉnh Quảng Ngãi,Huyện Mộ Đức,Xã Thắng Lợi,Tỉnh Quảng Ngãi,Xã Long Phụng
Tỉnh Quảng Ngãi,Huyện Mộ Đức,Xã Đức Chánh,Tỉnh Quảng Ngãi,Xã Mỏ Cày
Tỉnh Quảng Ngãi,Huyện Mộ Đức,Xã Đức Hiệp,Tỉnh Quảng Ngãi,Xã Long Phụng
Tỉnh Quảng Ngãi,Huyện Mộ Đức,Xã Đức Hòa,Tỉnh Quảng Ngãi,Xã Mộ Đức
Tỉnh Quảng Ngãi,Huyện Mộ Đức,Xã Đức Lân,Tỉnh Quảng Ngãi,Xã Lân Phong
Tỉnh Quảng Ngãi,Huyện Mộ Đức,Xã Đức Minh,Tỉnh Quảng Ngãi,Xã Mỏ Cày
Tỉnh Quảng Ngãi,Huyện Mộ Đức,Xã Đức Nhuận,Tỉnh Quảng Ngãi,Xã Long Phụng
Tỉnh Quảng Ngãi,Huyện Mộ Đức,Xã Đức Phong,Tỉnh Quảng Ngãi,Xã Lân Phong
Tỉnh Quảng Ngãi,Huyện Mộ Đức,Xã Đức Phú,Tỉnh Quảng Ngãi,Xã Mộ Đức
Tỉnh Quảng Ngãi,Huyện Mộ Đức,Xã Đức Thạnh,Tỉnh Quảng Ngãi,Xã Mỏ Cày
Tỉnh Quảng Ngãi,Huyện Mộ Đức,Xã Đức Tân,Tỉnh Quảng Ngãi,Xã Mộ Đức
Tỉnh Quảng Ngãi,Huyện Nghĩa Hành,Thị trấn Chợ Chùa,Tỉnh Quảng Ngãi,Xã Nghĩa Hành
Tỉnh Quảng Ngãi,Huyện Nghĩa Hành,Xã Hành Dũng,Tỉnh Quảng Ngãi,Xã Phước Giang
Tỉnh Quảng Ngãi,Huyện Nghĩa Hành,Xã Hành Minh,Tỉnh Quảng Ngãi,Xã Phước Giang
Tỉnh Quảng Ngãi,Huyện Nghĩa Hành,Xã Hành Nhân,Tỉnh Quảng Ngãi,Xã Phước Giang
Tỉnh Quảng Ngãi,Huyện Nghĩa Hành,Xã Hành Phước,Tỉnh Quảng Ngãi,Xã Đình Cương
Tỉnh Quảng Ngãi,Huyện Nghĩa Hành,Xã Hành Thiện,Tỉnh Quảng Ngãi,Xã Thiện Tín
Tỉnh Quảng Ngãi,Huyện Nghĩa Hành,Xã Hành Thuận,Tỉnh Quảng Ngãi,Xã Nghĩa Hành
Tỉnh Quảng Ngãi,Huyện Nghĩa Hành,Xã Hành Thịnh,Tỉnh Quảng Ngãi,Xã Đình Cương
Tỉnh Quảng Ngãi,Huyện Nghĩa Hành,Xã Hành Trung,Tỉnh Quảng Ngãi,Xã Nghĩa Hành
Tỉnh Quảng Ngãi,Huyện Nghĩa Hành,Xã Hành Tín Tây,Tỉnh Quảng Ngãi,Xã Thiện Tín
Tỉnh Quảng Ngãi,Huyện Nghĩa Hành,Xã Hành Tín Đông,Tỉnh Quảng Ngãi,Xã Thiện Tín
Tỉnh Quảng Ngãi,Huyện Nghĩa Hành,Xã Hành Đức,Tỉnh Quảng Ngãi,Xã Đình Cương
Tỉnh Quảng Ngãi,Huyện Sơn Hà,Thị trấn Di Lăng,Tỉnh Quảng Ngãi,Xã Sơn Hà
Tỉnh Quảng Ngãi,Huyện Sơn Hà,Xã Sơn Ba,Tỉnh Quảng Ngãi,Xã Sơn Kỳ
Tỉnh Quảng Ngãi,Huyện Sơn Hà,Xã Sơn Bao,Tỉnh Quảng Ngãi,Xã Sơn Hà
Tỉnh Quảng Ngãi,Huyện Sơn Hà,Xã Sơn Cao,Tỉnh Quảng Ngãi,Xã Sơn Linh
Tỉnh Quảng Ngãi,Huyện Sơn Hà,Xã Sơn Giang,Tỉnh Quảng Ngãi,Xã Sơn Linh
Tỉnh Quảng Ngãi,Huyện Sơn Hà,Xã Sơn Hạ,Tỉnh Quảng Ngãi,Xã Sơn Hạ
Tỉnh Quảng Ngãi,Huyện Sơn Hà,Xã Sơn Hải,Tỉnh Quảng Ngãi,Xã Sơn Thuỷ
Tỉnh Quảng Ngãi,Huyện Sơn Hà,Xã Sơn Kỳ,Tỉnh Quảng Ngãi,Xã Sơn Kỳ
Tỉnh Quảng Ngãi,Huyện Sơn Hà,Xã Sơn Linh,Tỉnh Quảng Ngãi,Xã Sơn Linh
Tỉnh Quảng Ngãi,Huyện Sơn Hà,Xã Sơn Nham,Tỉnh Quảng Ngãi,Xã Sơn Hạ
Tỉnh Quảng Ngãi,Huyện Sơn Hà,Xã Sơn Thành,Tỉnh Quảng Ngãi,Xã Sơn Hạ
Tỉnh Quảng Ngãi,Huyện Sơn Hà,Xã Sơn Thượng,Tỉnh Quảng Ngãi,Xã Sơn Hà
Tỉnh Quảng Ngãi,Huyện Sơn Hà,Xã Sơn Thủy,Tỉnh Quảng Ngãi,Xã Sơn Thuỷ
Tỉnh Quảng Ngãi,Huyện Sơn Hà,Xã Sơn Trung,Tỉnh Quảng Ngãi,Xã Sơn Thuỷ
Tỉnh Quảng Ngãi,Huyện Sơn Tây,Xã Sơn Bua,Tỉnh Quảng Ngãi,Xã Sơn Tây Thượng
Tỉnh Quảng Ngãi,Huyện Sơn Tây,Xã Sơn Dung,Tỉnh Quảng Ngãi,Xã Sơn Tây
Tỉnh Quảng Ngãi,Huyện Sơn Tây,Xã Sơn Liên,Tỉnh Quảng Ngãi,Xã Sơn Tây Thượng
Tỉnh Quảng Ngãi,Huyện Sơn Tây,Xã Sơn Long,Tỉnh Quảng Ngãi,Xã Sơn Tây
Tỉnh Quảng Ngãi,Huyện Sơn Tây,Xã Sơn Lập,Tỉnh Quảng Ngãi,Xã Sơn Tây Hạ
Tỉnh Quảng Ngãi,Huyện Sơn Tây,Xã Sơn Màu,Tỉnh Quảng Ngãi,Xã Sơn Tây Hạ
Tỉnh Quảng Ngãi,Huyện Sơn Tây,Xã Sơn Mùa,Tỉnh Quảng Ngãi,Xã Sơn Tây Thượng
Tỉnh Quảng Ngãi,Huyện Sơn Tây,Xã Sơn Tinh,Tỉnh Quảng Ngãi,Xã Sơn Tây Hạ
Tỉnh Quảng Ngãi,Huyện Sơn Tây,Xã Sơn Tân,Tỉnh Quảng Ngãi,Xã Sơn Tây
Tỉnh Quảng Ngãi,Huyện Sơn Tịnh,Thị trấn Tịnh Hà,Tỉnh Quảng Ngãi,Xã Sơn Tịnh
Tỉnh Quảng Ngãi,Huyện Sơn Tịnh,Xã Tịnh Bình,Tỉnh Quảng Ngãi,Xã Sơn Tịnh
Tỉnh Quảng Ngãi,Huyện Sơn Tịnh,Xã Tịnh Bắc,Tỉnh Quảng Ngãi,Xã Ba Gia
Tỉnh Quảng Ngãi,Huyện Sơn Tịnh,Xã Tịnh Giang,Tỉnh Quảng Ngãi,Xã Trường Giang
Tỉnh Quảng Ngãi,Huyện Sơn Tịnh,Xã Tịnh Hiệp,Tỉnh Quảng Ngãi,Xã Ba Gia
Tỉnh Quảng Ngãi,Huyện Sơn Tịnh,Xã Tịnh Minh,Tỉnh Quảng Ngãi,Xã Trường Giang
Tỉnh Quảng Ngãi,Huyện Sơn Tịnh,Xã Tịnh Phong,Tỉnh Quảng Ngãi,Xã Thọ Phong
Tỉnh Quảng Ngãi,Huyện Sơn Tịnh,Xã Tịnh Sơn,Tỉnh Quảng Ngãi,Xã Sơn Tịnh
Tỉnh Quảng Ngãi,Huyện Sơn Tịnh,Xã Tịnh Thọ,Tỉnh Quảng Ngãi,Xã Thọ Phong
Tỉnh Quảng Ngãi,Huyện Sơn Tịnh,Xã Tịnh Trà,Tỉnh Quảng Ngãi,Xã Ba Gia
Tỉnh Quảng Ngãi,Huyện Sơn Tịnh,Xã Tịnh Đông,Tỉnh Quảng Ngãi,Xã Trường Giang
Tỉnh Quảng Ngãi,Huyện Trà Bồng,Thị trấn Trà Xuân,Tỉnh Quảng Ngãi,Xã Trà Bồng
Tỉnh Quảng Ngãi,Huyện Trà Bồng,Xã Hương Trà,Tỉnh Quảng Ngãi,Xã Tây Trà Bồng
Tỉnh Quảng Ngãi,Huyện Trà Bồng,Xã Sơn Trà,Tỉnh Quảng Ngãi,Xã Tây Trà
Tỉnh Quảng Ngãi,Huyện Trà Bồng,Xã Trà Bình,Tỉnh Quảng Ngãi,Xã Đông Trà Bồng
Tỉnh Quảng Ngãi,Huyện Trà Bồng,Xã Trà Bùi,Tỉnh Quảng Ngãi,Xã Cà Đam
Tỉnh Quảng Ngãi,Huyện Trà Bồng,Xã Trà Bùi,Tỉnh Quảng Ngãi,Xã Tây Trà Bồng
Tỉnh Quảng Ngãi,Huyện Trà Bồng,Xã Trà Giang,Tỉnh Quảng Ngãi,Xã Đông Trà Bồng
Tỉnh Quảng Ngãi,Huyện Trà Bồng,Xã Trà Hiệp,Tỉnh Quảng Ngãi,Xã Thanh Bồng
Tỉnh Quảng Ngãi,Huyện Trà Bồng,Xã Trà Lâm,Tỉnh Quảng Ngãi,Xã Thanh Bồng
Tỉnh Quảng Ngãi,Huyện Trà Bồng,Xã Trà Phong,Tỉnh Quảng Ngãi,Xã Tây Trà
Tỉnh Quảng Ngãi,Huyện Trà Bồng,Xã Trà Phú,Tỉnh Quảng Ngãi,Xã Đông Trà Bồng
Tỉnh Quảng Ngãi,Huyện Trà Bồng,Xã Trà Sơn,Tỉnh Quảng Ngãi,Xã Trà Bồng
Tỉnh Quảng Ngãi,Huyện Trà Bồng,Xã Trà Thanh,Tỉnh Quảng Ngãi,Xã Thanh Bồng
Tỉnh Quảng Ngãi,Huyện Trà Bồng,Xã Trà Thủy,Tỉnh Quảng Ngãi,Xã Trà Bồng
Tỉnh Quảng Ngãi,Huyện Trà Bồng,Xã Trà Tân,Tỉnh Quảng Ngãi,Xã Cà Đam
Tỉnh Quảng Ngãi,Huyện Trà Bồng,Xã Trà Tây,Tỉnh Quảng Ngãi,Xã Tây Trà Bồng
Tỉnh Quảng Ngãi,Huyện Trà Bồng,Xã Trà Xinh,Tỉnh Quảng Ngãi,Xã Tây Trà
Tỉnh Quảng Ngãi,Huyện Tư Nghĩa,Thị trấn La Hà,Tỉnh Quảng Ngãi,Xã Tư Nghĩa
Tỉnh Quảng Ngãi,Huyện Tư Nghĩa,Thị trấn Sông Vệ,Tỉnh Quảng Ngãi,Xã Vệ Giang
Tỉnh Quảng Ngãi,Huyện Tư Nghĩa,Xã Nghĩa Hiệp,Tỉnh Quảng Ngãi,Xã Vệ Giang
Tỉnh Quảng Ngãi,Huyện Tư Nghĩa,Xã Nghĩa Hòa,Tỉnh Quảng Ngãi,Xã Tư Nghĩa
Tỉnh Quảng Ngãi,Huyện Tư Nghĩa,Xã Nghĩa Kỳ,Tỉnh Quảng Ngãi,Xã Nghĩa Giang
Tỉnh Quảng Ngãi,Huyện Tư Nghĩa,Xã Nghĩa Lâm,Tỉnh Quảng Ngãi,Xã Trà Giang
Tỉnh Quảng Ngãi,Huyện Tư Nghĩa,Xã Nghĩa Phương,Tỉnh Quảng Ngãi,Xã Vệ Giang
Tỉnh Quảng Ngãi,Huyện Tư Nghĩa,Xã Nghĩa Sơn,Tỉnh Quảng Ngãi,Xã Trà Giang
Tỉnh Quảng Ngãi,Huyện Tư Nghĩa,Xã Nghĩa Thuận,Tỉnh Quảng Ngãi,Xã Nghĩa Giang
Tỉnh Quảng Ngãi,Huyện Tư Nghĩa,Xã Nghĩa Thương,Tỉnh Quảng Ngãi,Xã Tư Nghĩa
Tỉnh Quảng Ngãi,Huyện Tư Nghĩa,Xã Nghĩa Thắng,Tỉnh Quảng Ngãi,Xã Trà Giang
Tỉnh Quảng Ngãi,Huyện Tư Nghĩa,Xã Nghĩa Trung,Tỉnh Quảng Ngãi,Xã Tư Nghĩa
Tỉnh Quảng Ngãi,Huyện Tư Nghĩa,Xã Nghĩa Điền,Tỉnh Quảng Ngãi,Xã Nghĩa Giang
Tỉnh Quảng Ngãi,Thành phố Quảng Ngãi,Phường Chánh Lộ,Tỉnh Quảng Ngãi,Phường Cẩm Thành
Tỉnh Quảng Ngãi,Thành phố Quảng Ngãi,Phường Lê Hồng Phong,Tỉnh Quảng Ngãi,Phường Nghĩa Lộ
Tỉnh Quảng Ngãi,Thành phố Quảng Ngãi,Phường Nghĩa Chánh,Tỉnh Quảng Ngãi,Phường Cẩm Thành
Tỉnh Quảng Ngãi,Thành phố Quảng Ngãi,Phường Nghĩa Lộ,Tỉnh Quảng Ngãi,Phường Nghĩa Lộ
Tỉnh Quảng Ngãi,Thành phố Quảng Ngãi,Phường Quảng Phú,Tỉnh Quảng Ngãi,Phường Nghĩa Lộ
Tỉnh Quảng Ngãi,Thành phố Quảng Ngãi,Phường Trương Quang Trọng,Tỉnh Quảng Ngãi,Phường Trương Quang Trọng
Tỉnh Quảng Ngãi,Thành phố Quảng Ngãi,Phường Trần Hưng Đạo,Tỉnh Quảng Ngãi,Phường Cẩm Thành
Tỉnh Quảng Ngãi,Thành phố Quảng Ngãi,Phường Trần Phú,Tỉnh Quảng Ngãi,Phường Nghĩa Lộ
Tỉnh Quảng Ngãi,Thành phố Quảng Ngãi,Xã An Phú,Tỉnh Quảng Ngãi,Xã An Phú
Tỉnh Quảng Ngãi,Thành phố Quảng Ngãi,Xã Nghĩa Dõng,Tỉnh Quảng Ngãi,Xã An Phú
Tỉnh Quảng Ngãi,Thành phố Quảng Ngãi,Xã Nghĩa Dũng,Tỉnh Quảng Ngãi,Xã An Phú
Tỉnh Quảng Ngãi,Thành phố Quảng Ngãi,Xã Nghĩa Hà,Tỉnh Quảng Ngãi,Xã An Phú
Tỉnh Quảng Ngãi,Thành phố Quảng Ngãi,Xã Tịnh An,Tỉnh Quảng Ngãi,Phường Trương Quang Trọng
Tỉnh Quảng Ngãi,Thành phố Quảng Ngãi,Xã Tịnh Châu,Tỉnh Quảng Ngãi,Xã Tịnh Khê
Tỉnh Quảng Ngãi,Thành phố Quảng Ngãi,Xã Tịnh Hòa,Tỉnh Quảng Ngãi,Xã Đông Sơn
Tỉnh Quảng Ngãi,Thành phố Quảng Ngãi,Xã Tịnh Khê,Tỉnh Quảng Ngãi,Xã Tịnh Khê
Tỉnh Quảng Ngãi,Thành phố Quảng Ngãi,Xã Tịnh Kỳ,Tỉnh Quảng Ngãi,Xã Tịnh Khê
Tỉnh Quảng Ngãi,Thành phố Quảng Ngãi,Xã Tịnh Long,Tỉnh Quảng Ngãi,Xã Tịnh Khê
Tỉnh Quảng Ngãi,Thành phố Quảng Ngãi,Xã Tịnh Thiện,Tỉnh Quảng Ngãi,Xã Tịnh Khê
Tỉnh Quảng Ngãi,Thành phố Quảng Ngãi,Xã Tịnh Ấn Tây,Tỉnh Quảng Ngãi,Phường Trương Quang Trọng
Tỉnh Quảng Ngãi,Thành phố Quảng Ngãi,Xã Tịnh Ấn Đông,Tỉnh Quảng Ngãi,Phường Trương Quang Trọng
Tỉnh Quảng Ngãi,Thị xã Đức Phổ,Phường Nguyễn Nghiêm,Tỉnh Quảng Ngãi,Phường Đức Phổ
Tỉnh Quảng Ngãi,Thị xã Đức Phổ,Phường Phổ Quang,Tỉnh Quảng Ngãi,Phường Trà Câu
Tỉnh Quảng Ngãi,Thị xã Đức Phổ,Phường Phổ Thạnh,Tỉnh Quảng Ngãi,Phường Sa Huỳnh
Tỉnh Quảng Ngãi,Thị xã Đức Phổ,Phường Phổ Văn,Tỉnh Quảng Ngãi,Phường Trà Câu
Tỉnh Quảng Ngãi,Thị xã Đức Phổ,Xã Phổ An,Tỉnh Quảng Ngãi,Phường Trà Câu
Tỉnh Quảng Ngãi,Thị xã Đức Phổ,Xã Phổ Châu,Tỉnh Quảng Ngãi,Phường Sa Huỳnh
Tỉnh Quảng Ngãi,Thị xã Đức Phổ,Xã Phổ Cường,Tỉnh Quảng Ngãi,Xã Khánh Cường
Tỉnh Quảng Ngãi,Thị xã Đức Phổ,Xã Phổ Khánh,Tỉnh Quảng Ngãi,Xã Khánh Cường
Tỉnh Quảng Ngãi,Thị xã Đức Phổ,Xã Phổ Nhơn,Tỉnh Quảng Ngãi,Xã Nguyễn Nghiêm
Tỉnh Quảng Ngãi,Thị xã Đức Phổ,Xã Phổ Phong,Tỉnh Quảng Ngãi,Xã Nguyễn Nghiêm
Tỉnh Quảng Ngãi,Thị xã Đức Phổ,Xã Phổ Thuận,Tỉnh Quảng Ngãi,Phường Trà Câu
Tỉnh Quảng Ninh,Huyện Ba Chẽ,Xã Lương Minh,Thành phố Quảng Ninh,Xã Lương Minh
Tỉnh Quảng Ninh,Huyện Ba Chẽ,Xã Thanh Lâm,Thành phố Quảng Ninh,Xã Kỳ Thượng
Tỉnh Quảng Ninh,Huyện Ba Chẽ,Xã Đạp Thanh,Thành phố Quảng Ninh,Xã Kỳ Thượng
Tỉnh Quảng Ninh,Huyện Bình Liêu,Thị trấn Bình Liêu,Thành phố Quảng Ninh,Xã Bình Liêu
Tỉnh Quảng Ninh,Huyện Bình Liêu,Xã Hoành Mô,Thành phố Quảng Ninh,Xã Hoành Mô
Tỉnh Quảng Ninh,Huyện Bình Liêu,Xã Húc Động,Thành phố Quảng Ninh,Xã Bình Liêu
Tỉnh Quảng Ninh,Huyện Bình Liêu,Xã Lục Hồn,Thành phố Quảng Ninh,Xã Lục Hồn
Tỉnh Quảng Ninh,Huyện Bình Liêu,Xã Vô Ngại,Thành phố Quảng Ninh,Xã Bình Liêu
Tỉnh Quảng Ninh,Huyện Bình Liêu,Xã Vô Ngại,Thành phố Quảng Ninh,Xã Tiên Yên
Tỉnh Quảng Ninh,Huyện Bình Liêu,Xã Đồng Tâm,Thành phố Quảng Ninh,Xã Lục Hồn
Tỉnh Quảng Ninh,Huyện Bình Liêu,Xã Đồng Văn,Thành phố Quảng Ninh,Xã Hoành Mô
Tỉnh Quảng Ninh,Huyện Cô Tô,Thị trấn Cô Tô,Thành phố Quảng Ninh,Đặc khu Cô Tô
Tỉnh Quảng Ninh,Huyện Cô Tô,Xã Thanh Lân,Thành phố Quảng Ninh,Đặc khu Cô Tô
Tỉnh Quảng Ninh,Huyện Cô Tô,Xã Đồng Tiến,Thành phố Quảng Ninh,Đặc khu Cô Tô
Tỉnh Quảng Ninh,Huyện Hải Hà,Thị trấn Quảng Hà,Thành phố Quảng Ninh,Xã Quảng Hà
Tỉnh Quảng Ninh,Huyện Hải Hà,Xã Quảng Chính,Thành phố Quảng Ninh,Xã Quảng Hà
Tỉnh Quảng Ninh,Huyện Hải Hà,Xã Quảng Long,Thành phố Quảng Ninh,Xã Quảng Hà
Tỉnh Quảng Ninh,Huyện Hải Hà,Xã Quảng Long,Thành phố Quảng Ninh,Xã Đường Hoa
Tỉnh Quảng Ninh,Huyện Hải Hà,Xã Quảng Minh,Thành phố Quảng Ninh,Xã Quảng Hà
Tỉnh Quảng Ninh,Huyện Hải Hà,Xã Quảng Phong,Thành phố Quảng Ninh,Xã Quảng Hà
Tỉnh Quảng Ninh,Huyện Hải Hà,Xã Quảng Sơn,Thành phố Quảng Ninh,Xã Đường Hoa
Tỉnh Quảng Ninh,Huyện Hải Hà,Xã Quảng Thành,Thành phố Quảng Ninh,Xã Quảng Đức
Tỉnh Quảng Ninh,Huyện Hải Hà,Xã Quảng Thịnh,Thành phố Quảng Ninh,Xã Quảng Đức
Tỉnh Quảng Ninh,Huyện Hải Hà,Xã Quảng Đức,Thành phố Quảng Ninh,Xã Quảng Đức
Tỉnh Quảng Ninh,Huyện Hải Hà,Xã Đường Hoa,Thành phố Quảng Ninh,Xã Đường Hoa
Tỉnh Quảng Ninh,Huyện Tiên Yên,Thị trấn Tiên Yên,Thành phố Quảng Ninh,Xã Tiên Yên
Tỉnh Quảng Ninh,Huyện Tiên Yên,Xã Hà Lâu,Thành phố Quảng Ninh,Xã Điền Xá
Tỉnh Quảng Ninh,Huyện Tiên Yên,Xã Hải Lạng,Thành phố Quảng Ninh,Xã Hải Hoà
Tỉnh Quảng Ninh,Huyện Tiên Yên,Xã Hải Lạng,Thành phố Quảng Ninh,Xã Hải Lạng
Tỉnh Quảng Ninh,Huyện Tiên Yên,Xã Phong Dụ,Thành phố Quảng Ninh,Xã Tiên Yên
Tỉnh Quảng Ninh,Huyện Tiên Yên,Xã Tiên Lãng,Thành phố Quảng Ninh,Xã Tiên Yên
Tỉnh Quảng Ninh,Huyện Tiên Yên,Xã Yên Than,Thành phố Quảng Ninh,Xã Tiên Yên
Tỉnh Quảng Ninh,Huyện Tiên Yên,Xã Yên Than,Thành phố Quảng Ninh,Xã Điền Xá
Tỉnh Quảng Ninh,Huyện Tiên Yên,Xã Điền Xá,Thành phố Quảng Ninh,Xã Điền Xá
Tỉnh Quảng Ninh,Huyện Tiên Yên,Xã Đông Hải,Thành phố Quảng Ninh,Xã Đông Ngũ
Tỉnh Quảng Ninh,Huyện Tiên Yên,Xã Đông Ngũ,Thành phố Quảng Ninh,Xã Tiên Yên
Tỉnh Quảng Ninh,Huyện Tiên Yên,Xã Đông Ngũ,Thành phố Quảng Ninh,Xã Đông Ngũ
Tỉnh Quảng Ninh,Huyện Tiên Yên,Xã Đại Dực,Thành phố Quảng Ninh,Xã Tiên Yên
Tỉnh Quảng Ninh,Huyện Tiên Yên,Xã Đại Dực,Thành phố Quảng Ninh,Xã Đông Ngũ
Tỉnh Quảng Ninh,Huyện Tiên Yên,Xã Đồng Rui,Thành phố Quảng Ninh,Xã Hải Lạng
Tỉnh Quảng Ninh,Huyện Vân Đồn,Thị trấn Cái Rồng,Thành phố Quảng Ninh,Đặc khu Vân Đồn
Tỉnh Quảng Ninh,Huyện Vân Đồn,Xã Bình Dân,Thành phố Quảng Ninh,Đặc khu Vân Đồn
Tỉnh Quảng Ninh,Huyện Vân Đồn,Xã Bản Sen,Thành phố Quảng Ninh,Đặc khu Vân Đồn
Tỉnh Quảng Ninh,Huyện Vân Đồn,Xã Hạ Long,Thành phố Quảng Ninh,Đặc khu Vân Đồn
Tỉnh Quảng Ninh,Huyện Vân Đồn,Xã Minh Châu,Thành phố Quảng Ninh,Đặc khu Vân Đồn
Tỉnh Quảng Ninh,Huyện Vân Đồn,Xã Ngọc Vừng,Thành phố Quảng Ninh,Đặc khu Vân Đồn
Tỉnh Quảng Ninh,Huyện Vân Đồn,Xã Quan Lạn,Thành phố Quảng Ninh,Đặc khu Vân Đồn
Tỉnh Quảng Ninh,Huyện Vân Đồn,Xã Thắng Lợi,Thành phố Quảng Ninh,Đặc khu Vân Đồn
Tỉnh Quảng Ninh,Huyện Vân Đồn,Xã Vạn Yên,Thành phố Quảng Ninh,Đặc khu Vân Đồn
Tỉnh Quảng Ninh,Huyện Vân Đồn,Xã Đoàn Kết,Thành phố Quảng Ninh,Đặc khu Vân Đồn
Tỉnh Quảng Ninh,Huyện Vân Đồn,Xã Đài Xuyên,Thành phố Quảng Ninh,Đặc khu Vân Đồn
Tỉnh Quảng Ninh,Huyện Vân Đồn,Xã Đông Xá,Thành phố Quảng Ninh,Đặc khu Vân Đồn
Tỉnh Quảng Ninh,Huyện Đầm Hà,Thị trấn Đầm Hà,Thành phố Quảng Ninh,Xã Đầm Hà
Tỉnh Quảng Ninh,Huyện Đầm Hà,Xã Dực Yên,Thành phố Quảng Ninh,Xã Quảng Tân
Tỉnh Quảng Ninh,Huyện Đầm Hà,Xã Quảng An,Thành phố Quảng Ninh,Xã Quảng Tân
Tỉnh Quảng Ninh,Huyện Đầm Hà,Xã Quảng Lâm,Thành phố Quảng Ninh,Xã Quảng Tân
Tỉnh Quảng Ninh,Huyện Đầm Hà,Xã Quảng Tân,Thành phố Quảng Ninh,Xã Quảng Tân
Tỉnh Quảng Ninh,Huyện Đầm Hà,Xã Tân Bình,Thành phố Quảng Ninh,Xã Đầm Hà
Tỉnh Quảng Ninh,Huyện Đầm Hà,Xã Tân Lập,Thành phố Quảng Ninh,Xã Đầm Hà
Tỉnh Quảng Ninh,Huyện Đầm Hà,Xã Đại Bình,Thành phố Quảng Ninh,Xã Đầm Hà
Tỉnh Quảng Ninh,Huyện Đầm Hà,Xã Đầm Hà,Thành phố Quảng Ninh,Xã Đầm Hà
Tỉnh Quảng Ninh,Thành phố Cẩm Phả,Phường Cẩm Bình,Thành phố Quảng Ninh,Phường Cẩm Phả
Tỉnh Quảng Ninh,Thành phố Cẩm Phả,Phường Cẩm Phú,Thành phố Quảng Ninh,Phường Cửa Ông
Tỉnh Quảng Ninh,Thành phố Cẩm Phả,Phường Cẩm Sơn,Thành phố Quảng Ninh,Phường Cửa Ông
Tỉnh Quảng Ninh,Thành phố Cẩm Phả,Phường Cẩm Thành,Thành phố Quảng Ninh,Phường Cẩm Phả
Tỉnh Quảng Ninh,Thành phố Cẩm Phả,Phường Cẩm Thạch,Thành phố Quảng Ninh,Phường Quang Hanh
Tỉnh Quảng Ninh,Thành phố Cẩm Phả,Phường Cẩm Thịnh,Thành phố Quảng Ninh,Phường Cửa Ông
Tỉnh Quảng Ninh,Thành phố Cẩm Phả,Phường Cẩm Thủy,Thành phố Quảng Ninh,Phường Quang Hanh
Tỉnh Quảng Ninh,Thành phố Cẩm Phả,Phường Cẩm Trung,Thành phố Quảng Ninh,Phường Cẩm Phả
Tỉnh Quảng Ninh,Thành phố Cẩm Phả,Phường Cẩm Tây,Thành phố Quảng Ninh,Phường Cẩm Phả
Tỉnh Quảng Ninh,Thành phố Cẩm Phả,Phường Cẩm Đông,Thành phố Quảng Ninh,Phường Cẩm Phả
Tỉnh Quảng Ninh,Thành phố Cẩm Phả,Phường Cửa Ông,Thành phố Quảng Ninh,Phường Cửa Ông
Tỉnh Quảng Ninh,Thành phố Cẩm Phả,Phường Mông Dương,Thành phố Quảng Ninh,Phường Mông Dương
Tỉnh Quảng Ninh,Thành phố Cẩm Phả,Phường Quang Hanh,Thành phố Quảng Ninh,Phường Quang Hanh
Tỉnh Quảng Ninh,Thành phố Cẩm Phả,Xã Dương Huy,Thành phố Quảng Ninh,Phường Mông Dương
Tỉnh Quảng Ninh,Thành phố Cẩm Phả,Xã Hải Hòa,Thành phố Quảng Ninh,Xã Hải Hoà
Tỉnh Quảng Ninh,Thành phố Cẩm Phả,Xã Hải Hòa,Thành phố Quảng Ninh,Xã Hải Lạng
Tỉnh Quảng Ninh,Thành phố Hạ Long,Phường Bãi Cháy,Thành phố Quảng Ninh,Phường Bãi Cháy
Tỉnh Quảng Ninh,Thành phố Hạ Long,Phường Bạch Đằng,Thành phố Quảng Ninh,Phường Hồng Gai
Tỉnh Quảng Ninh,Thành phố Hạ Long,Phường Cao Thắng,Thành phố Quảng Ninh,Phường Hà Lầm
Tỉnh Quảng Ninh,Thành phố Hạ Long,Phường Cao Xanh,Thành phố Quảng Ninh,Phường Cao Xanh
Tỉnh Quảng Ninh,Thành phố Hạ Long,Phường Giếng Đáy,Thành phố Quảng Ninh,Phường Việt Hưng
Tỉnh Quảng Ninh,Thành phố Hạ Long,Phường Hoành Bồ,Thành phố Quảng Ninh,Phường Hoành Bồ
Tỉnh Quảng Ninh,Thành phố Hạ Long,Phường Hà Khánh,Thành phố Quảng Ninh,Phường Cao Xanh
Tỉnh Quảng Ninh,Thành phố Hạ Long,Phường Hà Khẩu,Thành phố Quảng Ninh,Phường Tuần Châu
Tỉnh Quảng Ninh,Thành phố Hạ Long,Phường Hà Khẩu,Thành phố Quảng Ninh,Phường Việt Hưng
Tỉnh Quảng Ninh,Thành phố Hạ Long,Phường Hà Lầm,Thành phố Quảng Ninh,Phường Hà Lầm
Tỉnh Quảng Ninh,Thành phố Hạ Long,Phường Hà Phong,Thành phố Quảng Ninh,Phường Hà Tu
Tỉnh Quảng Ninh,Thành phố Hạ Long,Phường Hà Trung,Thành phố Quảng Ninh,Phường Hà Lầm
Tỉnh Quảng Ninh,Thành phố Hạ Long,Phường Hà Tu,Thành phố Quảng Ninh,Phường Hà Tu
Tỉnh Quảng Ninh,Thành phố Hạ Long,Phường Hùng Thắng,Thành phố Quảng Ninh,Phường Bãi Cháy
Tỉnh Quảng Ninh,Thành phố Hạ Long,Phường Hồng Gai,Thành phố Quảng Ninh,Phường Hồng Gai
Tỉnh Quảng Ninh,Thành phố Hạ Long,Phường Hồng Hà,Thành phố Quảng Ninh,Phường Hạ Long
Tỉnh Quảng Ninh,Thành phố Hạ Long,Phường Hồng Hải,Thành phố Quảng Ninh,Phường Hạ Long
Tỉnh Quảng Ninh,Thành phố Hạ Long,Phường Trần Hưng Đạo,Thành phố Quảng Ninh,Phường Hồng Gai
Tỉnh Quảng Ninh,Thành phố Hạ Long,Phường Tuần Châu,Thành phố Quảng Ninh,Phường Tuần Châu
Tỉnh Quảng Ninh,Thành phố Hạ Long,Phường Việt Hưng,Thành phố Quảng Ninh,Phường Việt Hưng
Tỉnh Quảng Ninh,Thành phố Hạ Long,Phường Đại Yên,Thành phố Quảng Ninh,Phường Tuần Châu
Tỉnh Quảng Ninh,Thành phố Hạ Long,Xã Bằng Cả,Thành phố Quảng Ninh,Xã Quảng La
Tỉnh Quảng Ninh,Thành phố Hạ Long,Xã Dân Chủ,Thành phố Quảng Ninh,Xã Quảng La
Tỉnh Quảng Ninh,Thành phố Hạ Long,Xã Hòa Bình,Thành phố Quảng Ninh,Xã Thống Nhất
Tỉnh Quảng Ninh,Thành phố Hạ Long,Xã Kỳ Thượng,Thành phố Quảng Ninh,Xã Kỳ Thượng
Tỉnh Quảng Ninh,Thành phố Hạ Long,Xã Lê Lợi,Thành phố Quảng Ninh,Phường Hoành Bồ
Tỉnh Quảng Ninh,Thành phố Hạ Long,Xã Quảng La,Thành phố Quảng Ninh,Xã Quảng La
Tỉnh Quảng Ninh,Thành phố Hạ Long,Xã Sơn Dương,Thành phố Quảng Ninh,Phường Hoành Bồ
Tỉnh Quảng Ninh,Thành phố Hạ Long,Xã Thống Nhất,Thành phố Quảng Ninh,Xã Thống Nhất
Tỉnh Quảng Ninh,Thành phố Hạ Long,Xã Tân Dân,Thành phố Quảng Ninh,Xã Quảng La
Tỉnh Quảng Ninh,Thành phố Hạ Long,Xã Vũ Oai,Thành phố Quảng Ninh,Xã Thống Nhất
Tỉnh Quảng Ninh,Thành phố Hạ Long,Xã Đồng Lâm,Thành phố Quảng Ninh,Phường Hoành Bồ
Tỉnh Quảng Ninh,Thành phố Hạ Long,Xã Đồng Lâm,Thành phố Quảng Ninh,Xã Thống Nhất
Tỉnh Quảng Ninh,Thành phố Hạ Long,Xã Đồng Sơn,Thành phố Quảng Ninh,Xã Lương Minh
Tỉnh Quảng Ninh,Thành phố Móng Cái,Phường Bình Ngọc,Thành phố Quảng Ninh,Phường Móng Cái 1
Tỉnh Quảng Ninh,Thành phố Móng Cái,Phường Hải Hoà,Thành phố Quảng Ninh,Phường Móng Cái 1
Tỉnh Quảng Ninh,Thành phố Móng Cái,Phường Hải Yên,Thành phố Quảng Ninh,Phường Móng Cái 3
Tỉnh Quảng Ninh,Thành phố Móng Cái,Phường Ka Long,Thành phố Quảng Ninh,Phường Móng Cái 2
Tỉnh Quảng Ninh,Thành phố Móng Cái,Phường Ninh Dương,Thành phố Quảng Ninh,Phường Móng Cái 2
Tỉnh Quảng Ninh,Thành phố Móng Cái,Phường Trà Cổ,Thành phố Quảng Ninh,Phường Móng Cái 1
Tỉnh Quảng Ninh,Thành phố Móng Cái,Phường Trần Phú,Thành phố Quảng Ninh,Phường Móng Cái 1
Tỉnh Quảng Ninh,Thành phố Móng Cái,Xã Bắc Sơn,Thành phố Quảng Ninh,Xã Hải Sơn
Tỉnh Quảng Ninh,Thành phố Móng Cái,Xã Hải Sơn,Thành phố Quảng Ninh,Xã Hải Sơn
Tỉnh Quảng Ninh,Thành phố Móng Cái,Xã Hải Tiến,Thành phố Quảng Ninh,Xã Hải Ninh
Tỉnh Quảng Ninh,Thành phố Móng Cái,Xã Hải Xuân,Thành phố Quảng Ninh,Phường Móng Cái 1
Tỉnh Quảng Ninh,Thành phố Móng Cái,Xã Hải Đông,Thành phố Quảng Ninh,Phường Móng Cái 3
Tỉnh Quảng Ninh,Thành phố Móng Cái,Xã Quảng Nghĩa,Thành phố Quảng Ninh,Xã Hải Ninh
Tỉnh Quảng Ninh,Thành phố Móng Cái,Xã Vĩnh Thực,Thành phố Quảng Ninh,Xã Vĩnh Thực
Tỉnh Quảng Ninh,Thành phố Móng Cái,Xã Vĩnh Trung,Thành phố Quảng Ninh,Xã Vĩnh Thực
Tỉnh Quảng Ninh,Thành phố Móng Cái,Xã Vạn Ninh,Thành phố Quảng Ninh,Phường Móng Cái 2
Tỉnh Quảng Ninh,Thành phố Uông Bí,Phường Bắc Sơn,Thành phố Quảng Ninh,Phường Vàng Danh
Tỉnh Quảng Ninh,Thành phố Uông Bí,Phường Nam Khê,Thành phố Quảng Ninh,Phường Vàng Danh
Tỉnh Quảng Ninh,Thành phố Uông Bí,Phường Phương Nam,Thành phố Quảng Ninh,Phường Yên Tử
Tỉnh Quảng Ninh,Thành phố Uông Bí,Phường Phương Đông,Thành phố Quảng Ninh,Phường Yên Tử
Tỉnh Quảng Ninh,Thành phố Uông Bí,Phường Quang Trung,Thành phố Quảng Ninh,Phường Uông Bí
Tỉnh Quảng Ninh,Thành phố Uông Bí,Phường Thanh Sơn,Thành phố Quảng Ninh,Phường Uông Bí
Tỉnh Quảng Ninh,Thành phố Uông Bí,Phường Trưng Vương,Thành phố Quảng Ninh,Phường Uông Bí
Tỉnh Quảng Ninh,Thành phố Uông Bí,Phường Trưng Vương,Thành phố Quảng Ninh,Phường Vàng Danh
Tỉnh Quảng Ninh,Thành phố Uông Bí,Phường Vàng Danh,Thành phố Quảng Ninh,Phường Vàng Danh
Tỉnh Quảng Ninh,Thành phố Uông Bí,Phường Yên Thanh,Thành phố Quảng Ninh,Phường Uông Bí
Tỉnh Quảng Ninh,Thành phố Uông Bí,Xã Thượng Yên Công,Thành phố Quảng Ninh,Phường Yên Tử
Tỉnh Quảng Ninh,Thành phố Đông Triều,Phường Bình Dương,Thành phố Quảng Ninh,Phường An Sinh
Tỉnh Quảng Ninh,Thành phố Đông Triều,Phường Bình Khê,Thành phố Quảng Ninh,Phường Bình Khê
Tỉnh Quảng Ninh,Thành phố Đông Triều,Phường Hoàng Quế,Thành phố Quảng Ninh,Phường Hoàng Quế
Tỉnh Quảng Ninh,Thành phố Đông Triều,Phường Hưng Đạo,Thành phố Quảng Ninh,Phường Đông Triều
Tỉnh Quảng Ninh,Thành phố Đông Triều,Phường Hồng Phong,Thành phố Quảng Ninh,Phường Đông Triều
Tỉnh Quảng Ninh,Thành phố Đông Triều,Phường Kim Sơn,Thành phố Quảng Ninh,Phường Mạo Khê
Tỉnh Quảng Ninh,Thành phố Đông Triều,Phường Mạo Khê,Thành phố Quảng Ninh,Phường Mạo Khê
Tỉnh Quảng Ninh,Thành phố Đông Triều,Phường Thủy An,Thành phố Quảng Ninh,Phường Đông Triều
Tỉnh Quảng Ninh,Thành phố Đông Triều,Phường Tràng An,Thành phố Quảng Ninh,Phường Bình Khê
Tỉnh Quảng Ninh,Thành phố Đông Triều,Phường Xuân Sơn,Thành phố Quảng Ninh,Phường Mạo Khê
Tỉnh Quảng Ninh,Thành phố Đông Triều,Phường Yên Thọ,Thành phố Quảng Ninh,Phường Mạo Khê
Tỉnh Quảng Ninh,Thành phố Đông Triều,Phường Yên Đức,Thành phố Quảng Ninh,Phường Hoàng Quế
Tỉnh Quảng Ninh,Thành phố Đông Triều,Phường Đức Chính,Thành phố Quảng Ninh,Phường An Sinh
Tỉnh Quảng Ninh,Thành phố Đông Triều,Phường Đức Chính,Thành phố Quảng Ninh,Phường Đông Triều
Tỉnh Quảng Ninh,Thành phố Đông Triều,Xã An Sinh,Thành phố Quảng Ninh,Phường An Sinh
Tỉnh Quảng Ninh,Thành phố Đông Triều,Xã Hồng Thái Tây,Thành phố Quảng Ninh,Phường Hoàng Quế
Tỉnh Quảng Ninh,Thành phố Đông Triều,Xã Hồng Thái Đông,Thành phố Quảng Ninh,Phường Hoàng Quế
Tỉnh Quảng Ninh,Thành phố Đông Triều,Xã Nguyễn Huệ,Thành phố Quảng Ninh,Phường Đông Triều
Tỉnh Quảng Ninh,Thành phố Đông Triều,Xã Tràng Lương,Thành phố Quảng Ninh,Phường Bình Khê
Tỉnh Quảng Ninh,Thành phố Đông Triều,Xã Việt Dân,Thành phố Quảng Ninh,Phường An Sinh
Tỉnh Quảng Ninh,Thị xã Quảng Yên,Phường Hà An,Thành phố Quảng Ninh,Phường Hà An
Tỉnh Quảng Ninh,Thị xã Quảng Yên,Phường Minh Thành,Thành phố Quảng Ninh,Phường Đông Mai
Tỉnh Quảng Ninh,Thị xã Quảng Yên,Phường Nam Hoà,Thành phố Quảng Ninh,Phường Phong Cốc
Tỉnh Quảng Ninh,Thị xã Quảng Yên,Phường Phong Cốc,Thành phố Quảng Ninh,Phường Phong Cốc
Tỉnh Quảng Ninh,Thị xã Quảng Yên,Phường Phong Hải,Thành phố Quảng Ninh,Phường Liên Hoà
Tỉnh Quảng Ninh,Thị xã Quảng Yên,Phường Quảng Yên,Thành phố Quảng Ninh,Phường Quảng Yên
Tỉnh Quảng Ninh,Thị xã Quảng Yên,Phường Tân An,Thành phố Quảng Ninh,Phường Hà An
Tỉnh Quảng Ninh,Thị xã Quảng Yên,Phường Yên Giang,Thành phố Quảng Ninh,Phường Quảng Yên
Tỉnh Quảng Ninh,Thị xã Quảng Yên,Phường Yên Hải,Thành phố Quảng Ninh,Phường Phong Cốc
Tỉnh Quảng Ninh,Thị xã Quảng Yên,Phường Đông Mai,Thành phố Quảng Ninh,Phường Đông Mai
Tỉnh Quảng Ninh,Thị xã Quảng Yên,Xã Cẩm La,Thành phố Quảng Ninh,Phường Phong Cốc
Tỉnh Quảng Ninh,Thị xã Quảng Yên,Xã Hoàng Tân,Thành phố Quảng Ninh,Phường Hà An
Tỉnh Quảng Ninh,Thị xã Quảng Yên,Xã Liên Hòa,Thành phố Quảng Ninh,Phường Hà An
Tỉnh Quảng Ninh,Thị xã Quảng Yên,Xã Liên Hòa,Thành phố Quảng Ninh,Phường Liên Hoà
Tỉnh Quảng Ninh,Thị xã Quảng Yên,Xã Liên Vị,Thành phố Quảng Ninh,Phường Liên Hoà
Tỉnh Quảng Ninh,Thị xã Quảng Yên,Xã Tiền An,Thành phố Quảng Ninh,Phường Quảng Yên
Tỉnh Quảng Ninh,Thị xã Quảng Yên,Xã Tiền Phong,Thành phố Quảng Ninh,Phường Liên Hoà
Tỉnh Quảng Trị,Huyện Cam Lộ,Thị trấn Cam Lộ,Tỉnh Quảng Trị,Xã Cam Lộ
Tỉnh Quảng Trị,Huyện Cam Lộ,Xã Cam Chính,Tỉnh Quảng Trị,Xã Cam Lộ
Tỉnh Quảng Trị,Huyện Cam Lộ,Xã Cam Hiếu,Tỉnh Quảng Trị,Xã Hiếu Giang
Tỉnh Quảng Trị,Huyện Cam Lộ,Xã Cam Nghĩa,Tỉnh Quảng Trị,Xã Cam Lộ
Tỉnh Quảng Trị,Huyện Cam Lộ,Xã Cam Thành,Tỉnh Quảng Trị,Xã Cam Lộ
Tỉnh Quảng Trị,Huyện Cam Lộ,Xã Cam Thủy,Tỉnh Quảng Trị,Xã Hiếu Giang
Tỉnh Quảng Trị,Huyện Cam Lộ,Xã Cam Tuyền,Tỉnh Quảng Trị,Xã Hiếu Giang
Tỉnh Quảng Trị,Huyện Cam Lộ,Xã Thanh An,Tỉnh Quảng Trị,Xã Hiếu Giang
Tỉnh Quảng Trị,Huyện Gio Linh,Thị trấn Cửa Việt,Tỉnh Quảng Trị,Xã Cửa Việt
Tỉnh Quảng Trị,Huyện Gio Linh,Thị trấn Gio Linh,Tỉnh Quảng Trị,Xã Gio Linh
Tỉnh Quảng Trị,Huyện Gio Linh,Xã Gio An,Tỉnh Quảng Trị,Xã Cồn Tiên
Tỉnh Quảng Trị,Huyện Gio Linh,Xã Gio Hải,Tỉnh Quảng Trị,Xã Cửa Việt
Tỉnh Quảng Trị,Huyện Gio Linh,Xã Gio Mai,Tỉnh Quảng Trị,Xã Cửa Việt
Tỉnh Quảng Trị,Huyện Gio Linh,Xã Gio Mỹ,Tỉnh Quảng Trị,Xã Gio Linh
Tỉnh Quảng Trị,Huyện Gio Linh,Xã Gio Quang,Tỉnh Quảng Trị,Xã Gio Linh
Tỉnh Quảng Trị,Huyện Gio Linh,Xã Gio Sơn,Tỉnh Quảng Trị,Xã Cồn Tiên
Tỉnh Quảng Trị,Huyện Gio Linh,Xã Hải Thái,Tỉnh Quảng Trị,Xã Cồn Tiên
Tỉnh Quảng Trị,Huyện Gio Linh,Xã Linh Trường,Tỉnh Quảng Trị,Xã Cồn Tiên
Tỉnh Quảng Trị,Huyện Gio Linh,Xã Phong Bình,Tỉnh Quảng Trị,Xã Gio Linh
Tỉnh Quảng Trị,Huyện Gio Linh,Xã Trung Giang,Tỉnh Quảng Trị,Xã Bến Hải
Tỉnh Quảng Trị,Huyện Gio Linh,Xã Trung Hải,Tỉnh Quảng Trị,Xã Bến Hải
Tỉnh Quảng Trị,Huyện Gio Linh,Xã Trung Sơn,Tỉnh Quảng Trị,Xã Bến Hải
Tỉnh Quảng Trị,Huyện Hướng Hóa,Thị trấn Khe Sanh,Tỉnh Quảng Trị,Xã Khe Sanh
Tỉnh Quảng Trị,Huyện Hướng Hóa,Thị trấn Lao Bảo,Tỉnh Quảng Trị,Xã Lao Bảo
Tỉnh Quảng Trị,Huyện Hướng Hóa,Xã A Dơi,Tỉnh Quảng Trị,Xã A Dơi
Tỉnh Quảng Trị,Huyện Hướng Hóa,Xã Ba Tầng,Tỉnh Quảng Trị,Xã A Dơi
Tỉnh Quảng Trị,Huyện Hướng Hóa,Xã Húc,Tỉnh Quảng Trị,Xã Khe Sanh
Tỉnh Quảng Trị,Huyện Hướng Hóa,Xã Hướng Linh,Tỉnh Quảng Trị,Xã Hướng Phùng
Tỉnh Quảng Trị,Huyện Hướng Hóa,Xã Hướng Lập,Tỉnh Quảng Trị,Xã Hướng Lập
Tỉnh Quảng Trị,Huyện Hướng Hóa,Xã Hướng Lộc,Tỉnh Quảng Trị,Xã Tân Lập
Tỉnh Quảng Trị,Huyện Hướng Hóa,Xã Hướng Phùng,Tỉnh Quảng Trị,Xã Hướng Phùng
Tỉnh Quảng Trị,Huyện Hướng Hóa,Xã Hướng Sơn,Tỉnh Quảng Trị,Xã Hướng Phùng
Tỉnh Quảng Trị,Huyện Hướng Hóa,Xã Hướng Tân,Tỉnh Quảng Trị,Xã Khe Sanh
Tỉnh Quảng Trị,Huyện Hướng Hóa,Xã Hướng Việt,Tỉnh Quảng Trị,Xã Hướng Lập
Tỉnh Quảng Trị,Huyện Hướng Hóa,Xã Lìa,Tỉnh Quảng Trị,Xã Lìa
Tỉnh Quảng Trị,Huyện Hướng Hóa,Xã Thanh,Tỉnh Quảng Trị,Xã Lìa
Tỉnh Quảng Trị,Huyện Hướng Hóa,Xã Thuận,Tỉnh Quảng Trị,Xã Lìa
Tỉnh Quảng Trị,Huyện Hướng Hóa,Xã Tân Hợp,Tỉnh Quảng Trị,Xã Khe Sanh
Tỉnh Quảng Trị,Huyện Hướng Hóa,Xã Tân Liên,Tỉnh Quảng Trị,Xã Tân Lập
Tỉnh Quảng Trị,Huyện Hướng Hóa,Xã Tân Long,Tỉnh Quảng Trị,Xã Lao Bảo
Tỉnh Quảng Trị,Huyện Hướng Hóa,Xã Tân Lập,Tỉnh Quảng Trị,Xã Tân Lập
Tỉnh Quảng Trị,Huyện Hướng Hóa,Xã Xy,Tỉnh Quảng Trị,Xã A Dơi
Tỉnh Quảng Trị,Huyện Hải Lăng,Thị trấn Diên Sanh,Tỉnh Quảng Trị,Xã Diên Sanh
Tỉnh Quảng Trị,Huyện Hải Lăng,Xã Hải An,Tỉnh Quảng Trị,Xã Mỹ Thuỷ
Tỉnh Quảng Trị,Huyện Hải Lăng,Xã Hải Bình,Tỉnh Quảng Trị,Xã Vĩnh Định
Tỉnh Quảng Trị,Huyện Hải Lăng,Xã Hải Chánh,Tỉnh Quảng Trị,Xã Nam Hải Lăng
Tỉnh Quảng Trị,Huyện Hải Lăng,Xã Hải Dương,Tỉnh Quảng Trị,Xã Mỹ Thuỷ
Tỉnh Quảng Trị,Huyện Hải Lăng,Xã Hải Hưng,Tỉnh Quảng Trị,Xã Vĩnh Định
Tỉnh Quảng Trị,Huyện Hải Lăng,Xã Hải Khê,Tỉnh Quảng Trị,Xã Mỹ Thuỷ
Tỉnh Quảng Trị,Huyện Hải Lăng,Xã Hải Lâm,Tỉnh Quảng Trị,Xã Hải Lăng
Tỉnh Quảng Trị,Huyện Hải Lăng,Xã Hải Phong,Tỉnh Quảng Trị,Xã Nam Hải Lăng
Tỉnh Quảng Trị,Huyện Hải Lăng,Xã Hải Phú,Tỉnh Quảng Trị,Xã Hải Lăng
Tỉnh Quảng Trị,Huyện Hải Lăng,Xã Hải Quy,Tỉnh Quảng Trị,Xã Vĩnh Định
Tỉnh Quảng Trị,Huyện Hải Lăng,Xã Hải Sơn,Tỉnh Quảng Trị,Xã Nam Hải Lăng
Tỉnh Quảng Trị,Huyện Hải Lăng,Xã Hải Thượng,Tỉnh Quảng Trị,Xã Hải Lăng
Tỉnh Quảng Trị,Huyện Hải Lăng,Xã Hải Trường,Tỉnh Quảng Trị,Xã Diên Sanh
Tỉnh Quảng Trị,Huyện Hải Lăng,Xã Hải Định,Tỉnh Quảng Trị,Xã Diên Sanh
Tỉnh Quảng Trị,Huyện Triệu Phong,Thị trấn Ái Tử,Tỉnh Quảng Trị,Xã Triệu Phong
Tỉnh Quảng Trị,Huyện Triệu Phong,Xã Triệu Cơ,Tỉnh Quảng Trị,Xã Triệu Cơ
Tỉnh Quảng Trị,Huyện Triệu Phong,Xã Triệu Giang,Tỉnh Quảng Trị,Xã Ái Tử
Tỉnh Quảng Trị,Huyện Triệu Phong,Xã Triệu Hòa,Tỉnh Quảng Trị,Xã Triệu Bình
Tỉnh Quảng Trị,Huyện Triệu Phong,Xã Triệu Long,Tỉnh Quảng Trị,Xã Ái Tử
Tỉnh Quảng Trị,Huyện Triệu Phong,Xã Triệu Phước,Tỉnh Quảng Trị,Xã Nam Cửa Việt
Tỉnh Quảng Trị,Huyện Triệu Phong,Xã Triệu Thuận,Tỉnh Quảng Trị,Xã Triệu Bình
Tỉnh Quảng Trị,Huyện Triệu Phong,Xã Triệu Thành,Tỉnh Quảng Trị,Xã Triệu Phong
Tỉnh Quảng Trị,Huyện Triệu Phong,Xã Triệu Thượng,Tỉnh Quảng Trị,Xã Triệu Phong
Tỉnh Quảng Trị,Huyện Triệu Phong,Xã Triệu Trung,Tỉnh Quảng Trị,Xã Triệu Cơ
Tỉnh Quảng Trị,Huyện Triệu Phong,Xã Triệu Trạch,Tỉnh Quảng Trị,Xã Nam Cửa Việt
Tỉnh Quảng Trị,Huyện Triệu Phong,Xã Triệu Tài,Tỉnh Quảng Trị,Xã Triệu Cơ
Tỉnh Quảng Trị,Huyện Triệu Phong,Xã Triệu Tân,Tỉnh Quảng Trị,Xã Nam Cửa Việt
Tỉnh Quảng Trị,Huyện Triệu Phong,Xã Triệu Ái,Tỉnh Quảng Trị,Xã Ái Tử
Tỉnh Quảng Trị,Huyện Triệu Phong,Xã Triệu Đại,Tỉnh Quảng Trị,Xã Triệu Bình
Tỉnh Quảng Trị,Huyện Triệu Phong,Xã Triệu Độ,Tỉnh Quảng Trị,Xã Triệu Bình
Tỉnh Quảng Trị,Huyện Vĩnh Linh,Thị trấn Bến Quan,Tỉnh Quảng Trị,Xã Bến Quan
Tỉnh Quảng Trị,Huyện Vĩnh Linh,Thị trấn Cửa Tùng,Tỉnh Quảng Trị,Xã Cửa Tùng
Tỉnh Quảng Trị,Huyện Vĩnh Linh,Thị trấn Hồ Xá,Tỉnh Quảng Trị,Xã Vĩnh Linh
Tỉnh Quảng Trị,Huyện Vĩnh Linh,Xã Hiền Thành,Tỉnh Quảng Trị,Xã Cửa Tùng
Tỉnh Quảng Trị,Huyện Vĩnh Linh,Xã Kim Thạch,Tỉnh Quảng Trị,Xã Cửa Tùng
Tỉnh Quảng Trị,Huyện Vĩnh Linh,Xã Trung Nam,Tỉnh Quảng Trị,Xã Vĩnh Hoàng
Tỉnh Quảng Trị,Huyện Vĩnh Linh,Xã Vĩnh Chấp,Tỉnh Quảng Trị,Xã Vĩnh Linh
Tỉnh Quảng Trị,Huyện Vĩnh Linh,Xã Vĩnh Giang,Tỉnh Quảng Trị,Xã Cửa Tùng
Tỉnh Quảng Trị,Huyện Vĩnh Linh,Xã Vĩnh Hà,Tỉnh Quảng Trị,Xã Bến Quan
Tỉnh Quảng Trị,Huyện Vĩnh Linh,Xã Vĩnh Hòa,Tỉnh Quảng Trị,Xã Vĩnh Hoàng
Tỉnh Quảng Trị,Huyện Vĩnh Linh,Xã Vĩnh Khê,Tỉnh Quảng Trị,Xã Bến Quan
Tỉnh Quảng Trị,Huyện Vĩnh Linh,Xã Vĩnh Long,Tỉnh Quảng Trị,Xã Vĩnh Linh
Tỉnh Quảng Trị,Huyện Vĩnh Linh,Xã Vĩnh Lâm,Tỉnh Quảng Trị,Xã Vĩnh Thuỷ
Tỉnh Quảng Trị,Huyện Vĩnh Linh,Xã Vĩnh Sơn,Tỉnh Quảng Trị,Xã Vĩnh Thuỷ
Tỉnh Quảng Trị,Huyện Vĩnh Linh,Xã Vĩnh Thái,Tỉnh Quảng Trị,Xã Vĩnh Hoàng
Tỉnh Quảng Trị,Huyện Vĩnh Linh,Xã Vĩnh Thủy,Tỉnh Quảng Trị,Xã Vĩnh Thuỷ
Tỉnh Quảng Trị,Huyện Vĩnh Linh,Xã Vĩnh Tú,Tỉnh Quảng Trị,Xã Vĩnh Hoàng
Tỉnh Quảng Trị,Huyện Vĩnh Linh,Xã Vĩnh Ô,Tỉnh Quảng Trị,Xã Bến Quan
Tỉnh Quảng Trị,Huyện Đa Krông,Thị trấn Krông Klang,Tỉnh Quảng Trị,Xã Hướng Hiệp
Tỉnh Quảng Trị,Huyện Đa Krông,Xã A Bung,Tỉnh Quảng Trị,Xã La Lay
Tỉnh Quảng Trị,Huyện Đa Krông,Xã A Ngo,Tỉnh Quảng Trị,Xã La Lay
Tỉnh Quảng Trị,Huyện Đa Krông,Xã A Vao,Tỉnh Quảng Trị,Xã Tà Rụt
Tỉnh Quảng Trị,Huyện Đa Krông,Xã Ba Lòng,Tỉnh Quảng Trị,Xã Ba Lòng
Tỉnh Quảng Trị,Huyện Đa Krông,Xã Ba Nang,Tỉnh Quảng Trị,Xã Đakrông
Tỉnh Quảng Trị,Huyện Đa Krông,Xã Húc Nghì,Tỉnh Quảng Trị,Xã Tà Rụt
Tỉnh Quảng Trị,Huyện Đa Krông,Xã Hướng Hiệp,Tỉnh Quảng Trị,Xã Hướng Hiệp
Tỉnh Quảng Trị,Huyện Đa Krông,Xã Mò Ó,Tỉnh Quảng Trị,Xã Hướng Hiệp
Tỉnh Quảng Trị,Huyện Đa Krông,Xã Triệu Nguyên,Tỉnh Quảng Trị,Xã Ba Lòng
Tỉnh Quảng Trị,Huyện Đa Krông,Xã Tà Long,Tỉnh Quảng Trị,Xã Đakrông
Tỉnh Quảng Trị,Huyện Đa Krông,Xã Tà Rụt,Tỉnh Quảng Trị,Xã Tà Rụt
Tỉnh Quảng Trị,Thành phố Đông Hà,Phường 1,Tỉnh Quảng Trị,Phường Đông Hà
Tỉnh Quảng Trị,Thành phố Đông Hà,Phường 2,Tỉnh Quảng Trị,Phường Nam Đông Hà
Tỉnh Quảng Trị,Thành phố Đông Hà,Phường 3,Tỉnh Quảng Trị,Phường Đông Hà
Tỉnh Quảng Trị,Thành phố Đông Hà,Phường 4,Tỉnh Quảng Trị,Phường Đông Hà
Tỉnh Quảng Trị,Thành phố Đông Hà,Phường 5,Tỉnh Quảng Trị,Phường Nam Đông Hà
Tỉnh Quảng Trị,Thành phố Đông Hà,Phường Đông Giang,Tỉnh Quảng Trị,Phường Đông Hà
Tỉnh Quảng Trị,Thành phố Đông Hà,Phường Đông Lương,Tỉnh Quảng Trị,Phường Nam Đông Hà
Tỉnh Quảng Trị,Thành phố Đông Hà,Phường Đông Lễ,Tỉnh Quảng Trị,Phường Nam Đông Hà
Tỉnh Quảng Trị,Thành phố Đông Hà,Phường Đông Thanh,Tỉnh Quảng Trị,Phường Đông Hà
Tỉnh Quảng Trị,Thị xã Quảng Trị,Phường 3,Tỉnh Quảng Trị,Phường Quảng Trị
Tỉnh Quảng Trị,Thị xã Quảng Trị,Phường An Đôn,Tỉnh Quảng Trị,Phường Quảng Trị
Tỉnh Quảng Trị,Thị xã Quảng Trị,Xã Hải Lệ,Tỉnh Quảng Trị,Phường Quảng Trị
Tỉnh Sóc Trăng,Huyện Châu Thành,Thị trấn Châu Thành,Thành phố Cần Thơ,Xã Phú Tâm
Tỉnh Sóc Trăng,Huyện Châu Thành,Xã An Hiệp,Thành phố Cần Thơ,Xã An Ninh
Tỉnh Sóc Trăng,Huyện Châu Thành,Xã An Ninh,Thành phố Cần Thơ,Xã An Ninh
Tỉnh Sóc Trăng,Huyện Châu Thành,Xã Hồ Đắc Kiện,Thành phố Cần Thơ,Xã Hồ Đắc Kiện
Tỉnh Sóc Trăng,Huyện Châu Thành,Xã Phú Tâm,Thành phố Cần Thơ,Xã Phú Tâm
Tỉnh Sóc Trăng,Huyện Châu Thành,Xã Thiện Mỹ,Thành phố Cần Thơ,Xã Hồ Đắc Kiện
Tỉnh Sóc Trăng,Huyện Châu Thành,Xã Thuận Hòa,Thành phố Cần Thơ,Xã Thuận Hoà
Tỉnh Sóc Trăng,Huyện Cù Lao Dung,Thị trấn Cù Lao Dung,Thành phố Cần Thơ,Xã An Thạnh
Tỉnh Sóc Trăng,Huyện Cù Lao Dung,Xã An Thạnh 1,Thành phố Cần Thơ,Xã An Thạnh
Tỉnh Sóc Trăng,Huyện Cù Lao Dung,Xã An Thạnh 2,Thành phố Cần Thơ,Xã Cù Lao Dung
Tỉnh Sóc Trăng,Huyện Cù Lao Dung,Xã An Thạnh 3,Thành phố Cần Thơ,Xã Cù Lao Dung
Tỉnh Sóc Trăng,Huyện Cù Lao Dung,Xã An Thạnh Nam,Thành phố Cần Thơ,Xã Cù Lao Dung
Tỉnh Sóc Trăng,Huyện Cù Lao Dung,Xã An Thạnh Tây,Thành phố Cần Thơ,Xã An Thạnh
Tỉnh Sóc Trăng,Huyện Cù Lao Dung,Xã An Thạnh Đông,Thành phố Cần Thơ,Xã An Thạnh
Tỉnh Sóc Trăng,Huyện Cù Lao Dung,Xã Đại Ân 1,Thành phố Cần Thơ,Xã Cù Lao Dung
Tỉnh Sóc Trăng,Huyện Kế Sách,Thị trấn An Lạc Thôn,Thành phố Cần Thơ,Xã An Lạc Thôn
Tỉnh Sóc Trăng,Huyện Kế Sách,Thị trấn Kế Sách,Thành phố Cần Thơ,Xã Kế Sách
Tỉnh Sóc Trăng,Huyện Kế Sách,Xã An Lạc Tây,Thành phố Cần Thơ,Xã Thới An Hội
Tỉnh Sóc Trăng,Huyện Kế Sách,Xã An Mỹ,Thành phố Cần Thơ,Xã Nhơn Mỹ
Tỉnh Sóc Trăng,Huyện Kế Sách,Xã Ba Trinh,Thành phố Cần Thơ,Xã Đại Hải
Tỉnh Sóc Trăng,Huyện Kế Sách,Xã Kế An,Thành phố Cần Thơ,Xã Kế Sách
Tỉnh Sóc Trăng,Huyện Kế Sách,Xã Kế Thành,Thành phố Cần Thơ,Xã Kế Sách
Tỉnh Sóc Trăng,Huyện Kế Sách,Xã Nhơn Mỹ,Thành phố Cần Thơ,Xã Nhơn Mỹ
Tỉnh Sóc Trăng,Huyện Kế Sách,Xã Thới An Hội,Thành phố Cần Thơ,Xã Thới An Hội
Tỉnh Sóc Trăng,Huyện Kế Sách,Xã Trinh Phú,Thành phố Cần Thơ,Xã An Lạc Thôn
Tỉnh Sóc Trăng,Huyện Kế Sách,Xã Xuân Hòa,Thành phố Cần Thơ,Xã An Lạc Thôn
Tỉnh Sóc Trăng,Huyện Kế Sách,Xã Đại Hải,Thành phố Cần Thơ,Xã Đại Hải
Tỉnh Sóc Trăng,Huyện Long Phú,Thị trấn Long Phú,Thành phố Cần Thơ,Xã Long Phú
Tỉnh Sóc Trăng,Huyện Long Phú,Thị trấn Đại Ngãi,Thành phố Cần Thơ,Xã Đại Ngãi
Tỉnh Sóc Trăng,Huyện Long Phú,Xã Châu Khánh,Thành phố Cần Thơ,Xã Tân Thạnh
Tỉnh Sóc Trăng,Huyện Long Phú,Xã Hậu Thạnh,Thành phố Cần Thơ,Xã Trường Khánh
Tỉnh Sóc Trăng,Huyện Long Phú,Xã Long Đức,Thành phố Cần Thơ,Xã Đại Ngãi
Tỉnh Sóc Trăng,Huyện Long Phú,Xã Song Phụng,Thành phố Cần Thơ,Xã Nhơn Mỹ
Tỉnh Sóc Trăng,Huyện Long Phú,Xã Trường Khánh,Thành phố Cần Thơ,Xã Trường Khánh
Tỉnh Sóc Trăng,Huyện Long Phú,Xã Tân Hưng,Thành phố Cần Thơ,Xã Tân Thạnh
Tỉnh Sóc Trăng,Huyện Mỹ Tú,Thị trấn Huỳnh Hữu Nghĩa,Thành phố Cần Thơ,Xã Mỹ Tú
Tỉnh Sóc Trăng,Huyện Mỹ Tú,Xã Hưng Phú,Thành phố Cần Thơ,Xã Long Hưng
Tỉnh Sóc Trăng,Huyện Mỹ Tú,Xã Long Hưng,Thành phố Cần Thơ,Xã Long Hưng
Tỉnh Sóc Trăng,Huyện Mỹ Tú,Xã Mỹ Hương,Thành phố Cần Thơ,Xã Mỹ Hương
Tỉnh Sóc Trăng,Huyện Mỹ Tú,Xã Mỹ Thuận,Thành phố Cần Thơ,Xã Mỹ Tú
Tỉnh Sóc Trăng,Huyện Mỹ Tú,Xã Mỹ Tú,Thành phố Cần Thơ,Xã Mỹ Tú
Tỉnh Sóc Trăng,Huyện Mỹ Tú,Xã Phú Mỹ,Thành phố Cần Thơ,Xã Mỹ Hương
Tỉnh Sóc Trăng,Huyện Mỹ Xuyên,Thị trấn Mỹ Xuyên,Thành phố Cần Thơ,Phường Mỹ Xuyên
Tỉnh Sóc Trăng,Huyện Mỹ Xuyên,Xã Gia Hòa 1,Thành phố Cần Thơ,Xã Nhu Gia
Tỉnh Sóc Trăng,Huyện Mỹ Xuyên,Xã Gia Hòa 2,Thành phố Cần Thơ,Xã Gia Hoà
Tỉnh Sóc Trăng,Huyện Mỹ Xuyên,Xã Hòa Tú 1,Thành phố Cần Thơ,Xã Hoà Tú
Tỉnh Sóc Trăng,Huyện Mỹ Xuyên,Xã Ngọc Tố,Thành phố Cần Thơ,Xã Ngọc Tố
Tỉnh Sóc Trăng,Huyện Mỹ Xuyên,Xã Ngọc Đông,Thành phố Cần Thơ,Xã Ngọc Tố
Tỉnh Sóc Trăng,Huyện Mỹ Xuyên,Xã Tham Đôn,Thành phố Cần Thơ,Xã Ngọc Tố
Tỉnh Sóc Trăng,Huyện Mỹ Xuyên,Xã Đại Tâm,Thành phố Cần Thơ,Phường Mỹ Xuyên
Tỉnh Sóc Trăng,Huyện Thạnh Trị,Thị trấn Hưng Lợi,Thành phố Cần Thơ,Xã Phú Lộc
Tỉnh Sóc Trăng,Huyện Thạnh Trị,Thị trấn Phú Lộc,Thành phố Cần Thơ,Xã Phú Lộc
Tỉnh Sóc Trăng,Huyện Thạnh Trị,Xã Châu Hưng,Thành phố Cần Thơ,Xã Vĩnh Lợi
Tỉnh Sóc Trăng,Huyện Thạnh Trị,Xã Lâm Kiết,Thành phố Cần Thơ,Xã Lâm Tân
Tỉnh Sóc Trăng,Huyện Thạnh Trị,Xã Lâm Tân,Thành phố Cần Thơ,Xã Lâm Tân
Tỉnh Sóc Trăng,Huyện Thạnh Trị,Xã Thạnh Trị,Thành phố Cần Thơ,Xã Phú Lộc
Tỉnh Sóc Trăng,Huyện Thạnh Trị,Xã Thạnh Tân,Thành phố Cần Thơ,Xã Tân Long
Tỉnh Sóc Trăng,Huyện Thạnh Trị,Xã Tuân Tức,Thành phố Cần Thơ,Xã Lâm Tân
Tỉnh Sóc Trăng,Huyện Thạnh Trị,Xã Vĩnh Lợi,Thành phố Cần Thơ,Xã Vĩnh Lợi
Tỉnh Sóc Trăng,Huyện Thạnh Trị,Xã Vĩnh Thành,Thành phố Cần Thơ,Xã Vĩnh Lợi
Tỉnh Sóc Trăng,Huyện Trần Đề,Thị trấn Lịch Hội Thượng,Thành phố Cần Thơ,Xã Lịch Hội Thượng
Tỉnh Sóc Trăng,Huyện Trần Đề,Thị trấn Trần Đề,Thành phố Cần Thơ,Xã Trần Đề
Tỉnh Sóc Trăng,Huyện Trần Đề,Xã Liêu Tú,Thành phố Cần Thơ,Xã Liêu Tú
Tỉnh Sóc Trăng,Huyện Trần Đề,Xã Lịch Hội Thượng,Thành phố Cần Thơ,Xã Lịch Hội Thượng
Tỉnh Sóc Trăng,Huyện Trần Đề,Xã Thạnh Thới An,Thành phố Cần Thơ,Xã Thạnh Thới An
Tỉnh Sóc Trăng,Huyện Trần Đề,Xã Thạnh Thới Thuận,Thành phố Cần Thơ,Xã Thạnh Thới An
Tỉnh Sóc Trăng,Huyện Trần Đề,Xã Trung Bình,Thành phố Cần Thơ,Xã Trần Đề
Tỉnh Sóc Trăng,Huyện Trần Đề,Xã Tài Văn,Thành phố Cần Thơ,Xã Tài Văn
Tỉnh Sóc Trăng,Huyện Trần Đề,Xã Viên An,Thành phố Cần Thơ,Xã Tài Văn
Tỉnh Sóc Trăng,Huyện Trần Đề,Xã Viên Bình,Thành phố Cần Thơ,Xã Liêu Tú
Tỉnh Sóc Trăng,Huyện Trần Đề,Xã Đại Ân 2,Thành phố Cần Thơ,Xã Trần Đề
Tỉnh Sóc Trăng,Thành phố Sóc Trăng,Phường 1,Thành phố Cần Thơ,Phường Phú Lợi
Tỉnh Sóc Trăng,Thành phố Sóc Trăng,Phường 10,Thành phố Cần Thơ,Phường Mỹ Xuyên
Tỉnh Sóc Trăng,Thành phố Sóc Trăng,Phường 2,Thành phố Cần Thơ,Phường Phú Lợi
Tỉnh Sóc Trăng,Thành phố Sóc Trăng,Phường 3,Thành phố Cần Thơ,Phường Phú Lợi
Tỉnh Sóc Trăng,Thành phố Sóc Trăng,Phường 4,Thành phố Cần Thơ,Phường Phú Lợi
Tỉnh Sóc Trăng,Thành phố Sóc Trăng,Phường 5,Thành phố Cần Thơ,Phường Sóc Trăng
Tỉnh Sóc Trăng,Thành phố Sóc Trăng,Phường 6,Thành phố Cần Thơ,Phường Sóc Trăng
Tỉnh Sóc Trăng,Thành phố Sóc Trăng,Phường 7,Thành phố Cần Thơ,Phường Sóc Trăng
Tỉnh Sóc Trăng,Thành phố Sóc Trăng,Phường 8,Thành phố Cần Thơ,Phường Sóc Trăng
Tỉnh Sóc Trăng,Thị xã Ngã Năm,Phường 1,Thành phố Cần Thơ,Phường Ngã Năm
Tỉnh Sóc Trăng,Thị xã Ngã Năm,Phường 2,Thành phố Cần Thơ,Phường Ngã Năm
Tỉnh Sóc Trăng,Thị xã Ngã Năm,Phường 3,Thành phố Cần Thơ,Phường Mỹ Quới
Tỉnh Sóc Trăng,Thị xã Ngã Năm,Xã Mỹ Bình,Thành phố Cần Thơ,Phường Mỹ Quới
Tỉnh Sóc Trăng,Thị xã Ngã Năm,Xã Mỹ Quới,Thành phố Cần Thơ,Phường Mỹ Quới
Tỉnh Sóc Trăng,Thị xã Ngã Năm,Xã Vĩnh Quới,Thành phố Cần Thơ,Phường Ngã Năm
Tỉnh Sóc Trăng,Thị xã Vĩnh Châu,Phường 1,Thành phố Cần Thơ,Phường Vĩnh Châu
Tỉnh Sóc Trăng,Thị xã Vĩnh Châu,Phường 2,Thành phố Cần Thơ,Phường Vĩnh Châu
Tỉnh Sóc Trăng,Thị xã Vĩnh Châu,Phường Khánh Hòa,Thành phố Cần Thơ,Phường Khánh Hoà
Tỉnh Sóc Trăng,Thị xã Vĩnh Châu,Phường Vĩnh Phước,Thành phố Cần Thơ,Phường Vĩnh Phước
Tỉnh Sóc Trăng,Thị xã Vĩnh Châu,Xã Hòa Đông,Thành phố Cần Thơ,Phường Khánh Hoà
Tỉnh Sóc Trăng,Thị xã Vĩnh Châu,Xã Lạc Hòa,Thành phố Cần Thơ,Phường Vĩnh Châu
Tỉnh Sóc Trăng,Thị xã Vĩnh Châu,Xã Vĩnh Hiệp,Thành phố Cần Thơ,Phường Khánh Hoà
Tỉnh Sóc Trăng,Thị xã Vĩnh Châu,Xã Vĩnh Tân,Thành phố Cần Thơ,Phường Vĩnh Phước
Tỉnh Sơn La,Huyện Bắc Yên,Thị trấn Bắc Yên,Tỉnh Sơn La,Xã Bắc Yên
Tỉnh Sơn La,Huyện Bắc Yên,Xã Chim Vàn,Tỉnh Sơn La,Xã Pắc Ngà
Tỉnh Sơn La,Huyện Bắc Yên,Xã Chiềng Sại,Tỉnh Sơn La,Xã Chiềng Sại
Tỉnh Sơn La,Huyện Bắc Yên,Xã Hang Chú,Tỉnh Sơn La,Xã Xím Vàng
Tỉnh Sơn La,Huyện Bắc Yên,Xã Hua Nhàn,Tỉnh Sơn La,Xã Tạ Khoa
Tỉnh Sơn La,Huyện Bắc Yên,Xã Háng Đồng,Tỉnh Sơn La,Xã Tà Xùa
Tỉnh Sơn La,Huyện Bắc Yên,Xã Hồng Ngài,Tỉnh Sơn La,Xã Bắc Yên
Tỉnh Sơn La,Huyện Bắc Yên,Xã Làng Chếu,Tỉnh Sơn La,Xã Tà Xùa
Tỉnh Sơn La,Huyện Bắc Yên,Xã Mường Khoa,Tỉnh Sơn La,Xã Tạ Khoa
Tỉnh Sơn La,Huyện Bắc Yên,Xã Phiêng Ban,Tỉnh Sơn La,Xã Bắc Yên
Tỉnh Sơn La,Huyện Bắc Yên,Xã Phiêng Côn,Tỉnh Sơn La,Xã Chiềng Sại
Tỉnh Sơn La,Huyện Bắc Yên,Xã Pắc Ngà,Tỉnh Sơn La,Xã Pắc Ngà
Tỉnh Sơn La,Huyện Bắc Yên,Xã Song Pe,Tỉnh Sơn La,Xã Bắc Yên
Tỉnh Sơn La,Huyện Bắc Yên,Xã Tà Xùa,Tỉnh Sơn La,Xã Tà Xùa
Tỉnh Sơn La,Huyện Bắc Yên,Xã Tạ Khoa,Tỉnh Sơn La,Xã Tạ Khoa
Tỉnh Sơn La,Huyện Mai Sơn,Thị trấn Hát Lót,Tỉnh Sơn La,Xã Mai Sơn
Tỉnh Sơn La,Huyện Mai Sơn,Xã Chiềng Ban,Tỉnh Sơn La,Xã Chiềng Mai
Tỉnh Sơn La,Huyện Mai Sơn,Xã Chiềng Chung,Tỉnh Sơn La,Xã Mường Chanh
Tỉnh Sơn La,Huyện Mai Sơn,Xã Chiềng Chăn,Tỉnh Sơn La,Xã Chiềng Sung
Tỉnh Sơn La,Huyện Mai Sơn,Xã Chiềng Dong,Tỉnh Sơn La,Xã Chiềng Mai
Tỉnh Sơn La,Huyện Mai Sơn,Xã Chiềng Kheo,Tỉnh Sơn La,Xã Chiềng Mai
Tỉnh Sơn La,Huyện Mai Sơn,Xã Chiềng Lương,Tỉnh Sơn La,Xã Phiêng Pằn
Tỉnh Sơn La,Huyện Mai Sơn,Xã Chiềng Mai,Tỉnh Sơn La,Xã Chiềng Mai
Tỉnh Sơn La,Huyện Mai Sơn,Xã Chiềng Mung,Tỉnh Sơn La,Xã Chiềng Mung
Tỉnh Sơn La,Huyện Mai Sơn,Xã Chiềng Nơi,Tỉnh Sơn La,Xã Phiêng Cằm
Tỉnh Sơn La,Huyện Mai Sơn,Xã Chiềng Sung,Tỉnh Sơn La,Xã Chiềng Sung
Tỉnh Sơn La,Huyện Mai Sơn,Xã Chiềng Ve,Tỉnh Sơn La,Xã Chiềng Mai
Tỉnh Sơn La,Huyện Mai Sơn,Xã Cò Nòi,Tỉnh Sơn La,Xã Mai Sơn
Tỉnh Sơn La,Huyện Mai Sơn,Xã Hát Lót,Tỉnh Sơn La,Xã Mai Sơn
Tỉnh Sơn La,Huyện Mai Sơn,Xã Mường Bon,Tỉnh Sơn La,Xã Chiềng Mung
Tỉnh Sơn La,Huyện Mai Sơn,Xã Mường Bằng,Tỉnh Sơn La,Xã Chiềng Mung
Tỉnh Sơn La,Huyện Mai Sơn,Xã Mường Chanh,Tỉnh Sơn La,Xã Mường Chanh
Tỉnh Sơn La,Huyện Mai Sơn,Xã Nà Bó,Tỉnh Sơn La,Xã Tà Hộc
Tỉnh Sơn La,Huyện Mai Sơn,Xã Phiêng Cằm,Tỉnh Sơn La,Xã Phiêng Cằm
Tỉnh Sơn La,Huyện Mai Sơn,Xã Phiêng Pằn,Tỉnh Sơn La,Xã Phiêng Pằn
Tỉnh Sơn La,Huyện Mai Sơn,Xã Tà Hộc,Tỉnh Sơn La,Xã Tà Hộc
Tỉnh Sơn La,Huyện Mường La,Thị trấn Ít Ong,Tỉnh Sơn La,Xã Mường La
Tỉnh Sơn La,Huyện Mường La,Xã Chiềng Công,Tỉnh Sơn La,Xã Chiềng Hoa
Tỉnh Sơn La,Huyện Mường La,Xã Chiềng Hoa,Tỉnh Sơn La,Xã Chiềng Hoa
Tỉnh Sơn La,Huyện Mường La,Xã Chiềng Lao,Tỉnh Sơn La,Xã Chiềng Lao
Tỉnh Sơn La,Huyện Mường La,Xã Chiềng Muôn,Tỉnh Sơn La,Xã Mường La
Tỉnh Sơn La,Huyện Mường La,Xã Chiềng San,Tỉnh Sơn La,Xã Mường La
Tỉnh Sơn La,Huyện Mường La,Xã Chiềng Ân,Tỉnh Sơn La,Xã Chiềng Hoa
Tỉnh Sơn La,Huyện Mường La,Xã Hua Trai,Tỉnh Sơn La,Xã Chiềng Lao
Tỉnh Sơn La,Huyện Mường La,Xã Mường Bú,Tỉnh Sơn La,Xã Mường Bú
Tỉnh Sơn La,Huyện Mường La,Xã Mường Chùm,Tỉnh Sơn La,Xã Mường Bú
Tỉnh Sơn La,Huyện Mường La,Xã Mường Trai,Tỉnh Sơn La,Xã Mường La
Tỉnh Sơn La,Huyện Mường La,Xã Nậm Giôn,Tỉnh Sơn La,Xã Chiềng Lao
Tỉnh Sơn La,Huyện Mường La,Xã Pi Toong,Tỉnh Sơn La,Xã Mường La
Tỉnh Sơn La,Huyện Mường La,Xã Tạ Bú,Tỉnh Sơn La,Xã Mường Bú
Tỉnh Sơn La,Huyện Phù Yên,Thị trấn Quang Huy,Tỉnh Sơn La,Xã Phù Yên
Tỉnh Sơn La,Huyện Phù Yên,Xã Bắc Phong,Tỉnh Sơn La,Xã Tân Phong
Tỉnh Sơn La,Huyện Phù Yên,Xã Gia Phù,Tỉnh Sơn La,Xã Gia Phù
Tỉnh Sơn La,Huyện Phù Yên,Xã Huy Hạ,Tỉnh Sơn La,Xã Phù Yên
Tỉnh Sơn La,Huyện Phù Yên,Xã Huy Thượng,Tỉnh Sơn La,Xã Phù Yên
Tỉnh Sơn La,Huyện Phù Yên,Xã Huy Tân,Tỉnh Sơn La,Xã Phù Yên
Tỉnh Sơn La,Huyện Phù Yên,Xã Huy Tường,Tỉnh Sơn La,Xã Phù Yên
Tỉnh Sơn La,Huyện Phù Yên,Xã Kim Bon,Tỉnh Sơn La,Xã Kim Bon
Tỉnh Sơn La,Huyện Phù Yên,Xã Mường Bang,Tỉnh Sơn La,Xã Mường Bang
Tỉnh Sơn La,Huyện Phù Yên,Xã Mường Cơi,Tỉnh Sơn La,Xã Mường Cơi
Tỉnh Sơn La,Huyện Phù Yên,Xã Mường Do,Tỉnh Sơn La,Xã Mường Bang
Tỉnh Sơn La,Huyện Phù Yên,Xã Mường Lang,Tỉnh Sơn La,Xã Mường Bang
Tỉnh Sơn La,Huyện Phù Yên,Xã Mường Thải,Tỉnh Sơn La,Xã Mường Cơi
Tỉnh Sơn La,Huyện Phù Yên,Xã Nam Phong,Tỉnh Sơn La,Xã Tân Phong
Tỉnh Sơn La,Huyện Phù Yên,Xã Suối Bau,Tỉnh Sơn La,Xã Gia Phù
Tỉnh Sơn La,Huyện Phù Yên,Xã Sập Xa,Tỉnh Sơn La,Xã Gia Phù
Tỉnh Sơn La,Huyện Phù Yên,Xã Tân Lang,Tỉnh Sơn La,Xã Mường Cơi
Tỉnh Sơn La,Huyện Phù Yên,Xã Tân Phong,Tỉnh Sơn La,Xã Tân Phong
Tỉnh Sơn La,Huyện Phù Yên,Xã Tường Hạ,Tỉnh Sơn La,Xã Tường Hạ
Tỉnh Sơn La,Huyện Phù Yên,Xã Tường Phong,Tỉnh Sơn La,Xã Tường Hạ
Tỉnh Sơn La,Huyện Phù Yên,Xã Tường Phù,Tỉnh Sơn La,Xã Gia Phù
Tỉnh Sơn La,Huyện Phù Yên,Xã Tường Thượng,Tỉnh Sơn La,Xã Tường Hạ
Tỉnh Sơn La,Huyện Phù Yên,Xã Tường Tiến,Tỉnh Sơn La,Xã Tường Hạ
Tỉnh Sơn La,Huyện Phù Yên,Xã Đá Đỏ,Tỉnh Sơn La,Xã Kim Bon
Tỉnh Sơn La,Huyện Quỳnh Nhai,Thị trấn Mường Giàng,Tỉnh Sơn La,Xã Quỳnh Nhai
Tỉnh Sơn La,Huyện Quỳnh Nhai,Xã Chiềng Bằng,Tỉnh Sơn La,Xã Quỳnh Nhai
Tỉnh Sơn La,Huyện Quỳnh Nhai,Xã Chiềng Khay,Tỉnh Sơn La,Xã Mường Chiên
Tỉnh Sơn La,Huyện Quỳnh Nhai,Xã Chiềng Khoang,Tỉnh Sơn La,Xã Quỳnh Nhai
Tỉnh Sơn La,Huyện Quỳnh Nhai,Xã Chiềng Ơn,Tỉnh Sơn La,Xã Quỳnh Nhai
Tỉnh Sơn La,Huyện Quỳnh Nhai,Xã Cà Nàng,Tỉnh Sơn La,Xã Mường Chiên
Tỉnh Sơn La,Huyện Quỳnh Nhai,Xã Mường Chiên,Tỉnh Sơn La,Xã Mường Chiên
Tỉnh Sơn La,Huyện Quỳnh Nhai,Xã Mường Giôn,Tỉnh Sơn La,Xã Mường Giôn
Tỉnh Sơn La,Huyện Quỳnh Nhai,Xã Mường Sại,Tỉnh Sơn La,Xã Mường Sại
Tỉnh Sơn La,Huyện Quỳnh Nhai,Xã Pá Ma Pha Khinh,Tỉnh Sơn La,Xã Mường Giôn
Tỉnh Sơn La,Huyện Sông Mã,Thị trấn Sông Mã,Tỉnh Sơn La,Xã Sông Mã
Tỉnh Sơn La,Huyện Sông Mã,Xã Bó Sinh,Tỉnh Sơn La,Xã Bó Sinh
Tỉnh Sơn La,Huyện Sông Mã,Xã Chiềng Cang,Tỉnh Sơn La,Xã Mường Hung
Tỉnh Sơn La,Huyện Sông Mã,Xã Chiềng En,Tỉnh Sơn La,Xã Bó Sinh
Tỉnh Sơn La,Huyện Sông Mã,Xã Chiềng Khoong,Tỉnh Sơn La,Xã Chiềng Khoong
Tỉnh Sơn La,Huyện Sông Mã,Xã Chiềng Khương,Tỉnh Sơn La,Xã Chiềng Khương
Tỉnh Sơn La,Huyện Sông Mã,Xã Chiềng Phung,Tỉnh Sơn La,Xã Nậm Ty
Tỉnh Sơn La,Huyện Sông Mã,Xã Chiềng Sơ,Tỉnh Sơn La,Xã Chiềng Sơ
Tỉnh Sơn La,Huyện Sông Mã,Xã Huổi Một,Tỉnh Sơn La,Xã Huổi Một
Tỉnh Sơn La,Huyện Sông Mã,Xã Mường Cai,Tỉnh Sơn La,Xã Chiềng Khoong
Tỉnh Sơn La,Huyện Sông Mã,Xã Mường Hung,Tỉnh Sơn La,Xã Mường Hung
Tỉnh Sơn La,Huyện Sông Mã,Xã Mường Lầm,Tỉnh Sơn La,Xã Mường Lầm
Tỉnh Sơn La,Huyện Sông Mã,Xã Mường Sai,Tỉnh Sơn La,Xã Chiềng Khương
Tỉnh Sơn La,Huyện Sông Mã,Xã Nà Nghịu,Tỉnh Sơn La,Xã Sông Mã
Tỉnh Sơn La,Huyện Sông Mã,Xã Nậm Mằn,Tỉnh Sơn La,Xã Huổi Một
Tỉnh Sơn La,Huyện Sông Mã,Xã Nậm Ty,Tỉnh Sơn La,Xã Nậm Ty
Tỉnh Sơn La,Huyện Sông Mã,Xã Yên Hưng,Tỉnh Sơn La,Xã Chiềng Sơ
Tỉnh Sơn La,Huyện Sông Mã,Xã Đứa Mòn,Tỉnh Sơn La,Xã Mường Lầm
Tỉnh Sơn La,Huyện Sốp Cộp,Xã Dồm Cang,Tỉnh Sơn La,Xã Púng Bánh
Tỉnh Sơn La,Huyện Sốp Cộp,Xã Mường Và,Tỉnh Sơn La,Xã Sốp Cộp
Tỉnh Sơn La,Huyện Sốp Cộp,Xã Nậm Lạnh,Tỉnh Sơn La,Xã Sốp Cộp
Tỉnh Sơn La,Huyện Sốp Cộp,Xã Púng Bánh,Tỉnh Sơn La,Xã Púng Bánh
Tỉnh Sơn La,Huyện Sốp Cộp,Xã Sam Kha,Tỉnh Sơn La,Xã Púng Bánh
Tỉnh Sơn La,Huyện Sốp Cộp,Xã Sốp Cộp,Tỉnh Sơn La,Xã Sốp Cộp
Tỉnh Sơn La,Huyện Thuận Châu,Thị trấn Thuận Châu,Tỉnh Sơn La,Xã Thuận Châu
Tỉnh Sơn La,Huyện Thuận Châu,Xã Bon Phặng,Tỉnh Sơn La,Xã Muổi Nọi
Tỉnh Sơn La,Huyện Thuận Châu,Xã Bó Mười,Tỉnh Sơn La,Xã Mường Khiêng
Tỉnh Sơn La,Huyện Thuận Châu,Xã Bản Lầm,Tỉnh Sơn La,Xã Muổi Nọi
Tỉnh Sơn La,Huyện Thuận Châu,Xã Chiềng Bôm,Tỉnh Sơn La,Xã Nậm Lầu
Tỉnh Sơn La,Huyện Thuận Châu,Xã Chiềng La,Tỉnh Sơn La,Xã Chiềng La
Tỉnh Sơn La,Huyện Thuận Châu,Xã Chiềng Ngàm,Tỉnh Sơn La,Xã Chiềng La
Tỉnh Sơn La,Huyện Thuận Châu,Xã Chiềng Pha,Tỉnh Sơn La,Xã Bình Thuận
Tỉnh Sơn La,Huyện Thuận Châu,Xã Chiềng Pấc,Tỉnh Sơn La,Xã Thuận Châu
Tỉnh Sơn La,Huyện Thuận Châu,Xã Co Mạ,Tỉnh Sơn La,Xã Co Mạ
Tỉnh Sơn La,Huyện Thuận Châu,Xã Co Tòng,Tỉnh Sơn La,Xã Co Mạ
Tỉnh Sơn La,Huyện Thuận Châu,Xã Liệp Tè,Tỉnh Sơn La,Xã Mường Khiêng
Tỉnh Sơn La,Huyện Thuận Châu,Xã Long Hẹ,Tỉnh Sơn La,Xã Long Hẹ
Tỉnh Sơn La,Huyện Thuận Châu,Xã Muổi Nọi,Tỉnh Sơn La,Xã Muổi Nọi
Tỉnh Sơn La,Huyện Thuận Châu,Xã Mường Khiêng,Tỉnh Sơn La,Xã Mường Khiêng
Tỉnh Sơn La,Huyện Thuận Châu,Xã Mường é,Tỉnh Sơn La,Xã Mường É
Tỉnh Sơn La,Huyện Thuận Châu,Xã Nậm Lầu,Tỉnh Sơn La,Xã Nậm Lầu
Tỉnh Sơn La,Huyện Thuận Châu,Xã Phổng Ly,Tỉnh Sơn La,Xã Thuận Châu
Tỉnh Sơn La,Huyện Thuận Châu,Xã Phổng Lái,Tỉnh Sơn La,Xã Bình Thuận
Tỉnh Sơn La,Huyện Thuận Châu,Xã Phổng Lập,Tỉnh Sơn La,Xã Mường É
Tỉnh Sơn La,Huyện Thuận Châu,Xã Pá Lông,Tỉnh Sơn La,Xã Co Mạ
Tỉnh Sơn La,Huyện Thuận Châu,Xã Púng Tra,Tỉnh Sơn La,Xã Nậm Lầu
Tỉnh Sơn La,Huyện Thuận Châu,Xã Thôm Mòn,Tỉnh Sơn La,Xã Thuận Châu
Tỉnh Sơn La,Huyện Thuận Châu,Xã Tông Cọ,Tỉnh Sơn La,Xã Chiềng La
Tỉnh Sơn La,Huyện Thuận Châu,Xã Tông Lạnh,Tỉnh Sơn La,Xã Thuận Châu
Tỉnh Sơn La,Huyện Thuận Châu,Xã é Tòng,Tỉnh Sơn La,Xã Long Hẹ
Tỉnh Sơn La,Huyện Vân Hồ,Xã Chiềng Khoa,Tỉnh Sơn La,Xã Tô Múa
Tỉnh Sơn La,Huyện Vân Hồ,Xã Chiềng Xuân,Tỉnh Sơn La,Xã Chiềng Sơn
Tỉnh Sơn La,Huyện Vân Hồ,Xã Chiềng Yên,Tỉnh Sơn La,Xã Vân Hồ
Tỉnh Sơn La,Huyện Vân Hồ,Xã Liên Hoà,Tỉnh Sơn La,Xã Song Khủa
Tỉnh Sơn La,Huyện Vân Hồ,Xã Lóng Luông,Tỉnh Sơn La,Xã Vân Hồ
Tỉnh Sơn La,Huyện Vân Hồ,Xã Mường Men,Tỉnh Sơn La,Xã Vân Hồ
Tỉnh Sơn La,Huyện Vân Hồ,Xã Mường Tè,Tỉnh Sơn La,Xã Song Khủa
Tỉnh Sơn La,Huyện Vân Hồ,Xã Quang Minh,Tỉnh Sơn La,Xã Song Khủa
Tỉnh Sơn La,Huyện Vân Hồ,Xã Song Khủa,Tỉnh Sơn La,Xã Song Khủa
Tỉnh Sơn La,Huyện Vân Hồ,Xã Suối Bàng,Tỉnh Sơn La,Xã Tô Múa
Tỉnh Sơn La,Huyện Vân Hồ,Xã Tân Xuân,Tỉnh Sơn La,Xã Xuân Nha
Tỉnh Sơn La,Huyện Vân Hồ,Xã Tô Múa,Tỉnh Sơn La,Xã Tô Múa
Tỉnh Sơn La,Huyện Vân Hồ,Xã Vân Hồ,Tỉnh Sơn La,Xã Vân Hồ
Tỉnh Sơn La,Huyện Vân Hồ,Xã Xuân Nha,Tỉnh Sơn La,Xã Xuân Nha
Tỉnh Sơn La,Huyện Yên Châu,Thị trấn Yên Châu,Tỉnh Sơn La,Xã Yên Châu
Tỉnh Sơn La,Huyện Yên Châu,Xã Chiềng Hặc,Tỉnh Sơn La,Xã Chiềng Hặc
Tỉnh Sơn La,Huyện Yên Châu,Xã Chiềng Khoi,Tỉnh Sơn La,Xã Yên Châu
Tỉnh Sơn La,Huyện Yên Châu,Xã Chiềng On,Tỉnh Sơn La,Xã Yên Sơn
Tỉnh Sơn La,Huyện Yên Châu,Xã Chiềng Pằn,Tỉnh Sơn La,Xã Yên Châu
Tỉnh Sơn La,Huyện Yên Châu,Xã Chiềng Sàng,Tỉnh Sơn La,Xã Yên Châu
Tỉnh Sơn La,Huyện Yên Châu,Xã Chiềng Tương,Tỉnh Sơn La,Xã Lóng Phiêng
Tỉnh Sơn La,Huyện Yên Châu,Xã Chiềng Đông,Tỉnh Sơn La,Xã Yên Châu
Tỉnh Sơn La,Huyện Yên Châu,Xã Lóng Phiêng,Tỉnh Sơn La,Xã Lóng Phiêng
Tỉnh Sơn La,Huyện Yên Châu,Xã Mường Lựm,Tỉnh Sơn La,Xã Chiềng Hặc
Tỉnh Sơn La,Huyện Yên Châu,Xã Sặp Vạt,Tỉnh Sơn La,Xã Yên Châu
Tỉnh Sơn La,Huyện Yên Châu,Xã Tú Nang,Tỉnh Sơn La,Xã Chiềng Hặc
Tỉnh Sơn La,Huyện Yên Châu,Xã Yên Sơn,Tỉnh Sơn La,Xã Yên Sơn
Tỉnh Sơn La,Thành phố Sơn La,Phường Chiềng An,Tỉnh Sơn La,Phường Chiềng An
Tỉnh Sơn La,Thành phố Sơn La,Phường Chiềng Cơi,Tỉnh Sơn La,Phường Chiềng Cơi
Tỉnh Sơn La,Thành phố Sơn La,Phường Chiềng Lề,Tỉnh Sơn La,Phường Tô Hiệu
Tỉnh Sơn La,Thành phố Sơn La,Phường Chiềng Sinh,Tỉnh Sơn La,Phường Chiềng Sinh
Tỉnh Sơn La,Thành phố Sơn La,Phường Quyết Thắng,Tỉnh Sơn La,Phường Tô Hiệu
Tỉnh Sơn La,Thành phố Sơn La,Phường Quyết Tâm,Tỉnh Sơn La,Phường Tô Hiệu
Tỉnh Sơn La,Thành phố Sơn La,Phường Tô Hiệu,Tỉnh Sơn La,Phường Tô Hiệu
Tỉnh Sơn La,Thành phố Sơn La,Xã Chiềng Cọ,Tỉnh Sơn La,Phường Chiềng Cơi
Tỉnh Sơn La,Thành phố Sơn La,Xã Chiềng Ngần,Tỉnh Sơn La,Phường Chiềng Sinh
Tỉnh Sơn La,Thành phố Sơn La,Xã Chiềng Xôm,Tỉnh Sơn La,Phường Chiềng An
Tỉnh Sơn La,Thành phố Sơn La,Xã Chiềng Đen,Tỉnh Sơn La,Phường Chiềng An
Tỉnh Sơn La,Thành phố Sơn La,Xã Hua La,Tỉnh Sơn La,Phường Chiềng Cơi
Tỉnh Sơn La,Thị xã Mộc Châu,Phường Bình Minh,Tỉnh Sơn La,Phường Vân Sơn
Tỉnh Sơn La,Thị xã Mộc Châu,Phường Cờ Đỏ,Tỉnh Sơn La,Phường Thảo Nguyên
Tỉnh Sơn La,Thị xã Mộc Châu,Phường Mường Sang,Tỉnh Sơn La,Phường Mộc Châu
Tỉnh Sơn La,Thị xã Mộc Châu,Phường Mộc Lỵ,Tỉnh Sơn La,Phường Mộc Châu
Tỉnh Sơn La,Thị xã Mộc Châu,Phường Mộc Sơn,Tỉnh Sơn La,Phường Mộc Sơn
Tỉnh Sơn La,Thị xã Mộc Châu,Phường Thảo Nguyên,Tỉnh Sơn La,Phường Thảo Nguyên
Tỉnh Sơn La,Thị xã Mộc Châu,Phường Vân Sơn,Tỉnh Sơn La,Phường Vân Sơn
Tỉnh Sơn La,Thị xã Mộc Châu,Phường Đông Sang,Tỉnh Sơn La,Phường Mộc Sơn
Tỉnh Sơn La,Thị xã Mộc Châu,Xã Chiềng Chung,Tỉnh Sơn La,Xã Đoàn Kết
Tỉnh Sơn La,Thị xã Mộc Châu,Xã Chiềng Hắc,Tỉnh Sơn La,Phường Mộc Châu
Tỉnh Sơn La,Thị xã Mộc Châu,Xã Chiềng Khừa,Tỉnh Sơn La,Xã Lóng Sập
Tỉnh Sơn La,Thị xã Mộc Châu,Xã Chiềng Sơn,Tỉnh Sơn La,Xã Chiềng Sơn
Tỉnh Sơn La,Thị xã Mộc Châu,Xã Lóng Sập,Tỉnh Sơn La,Xã Lóng Sập
Tỉnh Sơn La,Thị xã Mộc Châu,Xã Đoàn Kết,Tỉnh Sơn La,Xã Đoàn Kết
Tỉnh Thanh Hóa,Huyện Bá Thước,Thị trấn Cành Nàng,Tỉnh Thanh Hoá,Xã Bá Thước
Tỉnh Thanh Hóa,Huyện Bá Thước,Xã Ban Công,Tỉnh Thanh Hoá,Xã Bá Thước
Tỉnh Thanh Hóa,Huyện Bá Thước,Xã Cổ Lũng,Tỉnh Thanh Hoá,Xã Cổ Lũng
Tỉnh Thanh Hóa,Huyện Bá Thước,Xã Hạ Trung,Tỉnh Thanh Hoá,Xã Bá Thước
Tỉnh Thanh Hóa,Huyện Bá Thước,Xã Kỳ Tân,Tỉnh Thanh Hoá,Xã Văn Nho
Tỉnh Thanh Hóa,Huyện Bá Thước,Xã Lũng Cao,Tỉnh Thanh Hoá,Xã Cổ Lũng
Tỉnh Thanh Hóa,Huyện Bá Thước,Xã Lũng Niêm,Tỉnh Thanh Hoá,Xã Pù Luông
Tỉnh Thanh Hóa,Huyện Bá Thước,Xã Lương Ngoại,Tỉnh Thanh Hoá,Xã Quý Lương
Tỉnh Thanh Hóa,Huyện Bá Thước,Xã Lương Nội,Tỉnh Thanh Hoá,Xã Quý Lương
Tỉnh Thanh Hóa,Huyện Bá Thước,Xã Lương Trung,Tỉnh Thanh Hoá,Xã Quý Lương
Tỉnh Thanh Hóa,Huyện Bá Thước,Xã Thiết Kế,Tỉnh Thanh Hoá,Xã Thiết Ống
Tỉnh Thanh Hóa,Huyện Bá Thước,Xã Thiết Ống,Tỉnh Thanh Hoá,Xã Thiết Ống
Tỉnh Thanh Hóa,Huyện Bá Thước,Xã Thành Lâm,Tỉnh Thanh Hoá,Xã Pù Luông
Tỉnh Thanh Hóa,Huyện Bá Thước,Xã Thành Sơn,Tỉnh Thanh Hoá,Xã Pù Luông
Tỉnh Thanh Hóa,Huyện Bá Thước,Xã Văn Nho,Tỉnh Thanh Hoá,Xã Văn Nho
Tỉnh Thanh Hóa,Huyện Bá Thước,Xã Ái Thượng,Tỉnh Thanh Hoá,Xã Điền Lư
Tỉnh Thanh Hóa,Huyện Bá Thước,Xã Điền Hạ,Tỉnh Thanh Hoá,Xã Điền Quang
Tỉnh Thanh Hóa,Huyện Bá Thước,Xã Điền Lư,Tỉnh Thanh Hoá,Xã Điền Lư
Tỉnh Thanh Hóa,Huyện Bá Thước,Xã Điền Quang,Tỉnh Thanh Hoá,Xã Điền Quang
Tỉnh Thanh Hóa,Huyện Bá Thước,Xã Điền Thượng,Tỉnh Thanh Hoá,Xã Điền Quang
Tỉnh Thanh Hóa,Huyện Bá Thước,Xã Điền Trung,Tỉnh Thanh Hoá,Xã Điền Lư
Tỉnh Thanh Hóa,Huyện Cẩm Thủy,Thị trấn Phong Sơn,Tỉnh Thanh Hoá,Xã Cẩm Thuỷ
Tỉnh Thanh Hóa,Huyện Cẩm Thủy,Xã Cẩm Bình,Tỉnh Thanh Hoá,Xã Cẩm Thạch
Tỉnh Thanh Hóa,Huyện Cẩm Thủy,Xã Cẩm Châu,Tỉnh Thanh Hoá,Xã Cẩm Vân
Tỉnh Thanh Hóa,Huyện Cẩm Thủy,Xã Cẩm Giang,Tỉnh Thanh Hoá,Xã Cẩm Tú
Tỉnh Thanh Hóa,Huyện Cẩm Thủy,Xã Cẩm Liên,Tỉnh Thanh Hoá,Xã Cẩm Thạch
Tỉnh Thanh Hóa,Huyện Cẩm Thủy,Xã Cẩm Long,Tỉnh Thanh Hoá,Xã Cẩm Tân
Tỉnh Thanh Hóa,Huyện Cẩm Thủy,Xã Cẩm Lương,Tỉnh Thanh Hoá,Xã Cẩm Tú
Tỉnh Thanh Hóa,Huyện Cẩm Thủy,Xã Cẩm Ngọc,Tỉnh Thanh Hoá,Xã Cẩm Thuỷ
Tỉnh Thanh Hóa,Huyện Cẩm Thủy,Xã Cẩm Phú,Tỉnh Thanh Hoá,Xã Cẩm Tân
Tỉnh Thanh Hóa,Huyện Cẩm Thủy,Xã Cẩm Quý,Tỉnh Thanh Hoá,Xã Cẩm Tú
Tỉnh Thanh Hóa,Huyện Cẩm Thủy,Xã Cẩm Thành,Tỉnh Thanh Hoá,Xã Cẩm Thạch
Tỉnh Thanh Hóa,Huyện Cẩm Thủy,Xã Cẩm Thạch,Tỉnh Thanh Hoá,Xã Cẩm Thạch
Tỉnh Thanh Hóa,Huyện Cẩm Thủy,Xã Cẩm Tâm,Tỉnh Thanh Hoá,Xã Cẩm Vân
Tỉnh Thanh Hóa,Huyện Cẩm Thủy,Xã Cẩm Tân,Tỉnh Thanh Hoá,Xã Cẩm Tân
Tỉnh Thanh Hóa,Huyện Cẩm Thủy,Xã Cẩm Tú,Tỉnh Thanh Hoá,Xã Cẩm Tú
Tỉnh Thanh Hóa,Huyện Cẩm Thủy,Xã Cẩm Vân,Tỉnh Thanh Hoá,Xã Cẩm Vân
Tỉnh Thanh Hóa,Huyện Cẩm Thủy,Xã Cẩm Yên,Tỉnh Thanh Hoá,Xã Cẩm Vân
Tỉnh Thanh Hóa,Huyện Hoằng Hóa,Thị trấn Bút Sơn,Tỉnh Thanh Hoá,Xã Hoằng Hoá
Tỉnh Thanh Hóa,Huyện Hoằng Hóa,Xã Hoằng Châu,Tỉnh Thanh Hoá,Xã Hoằng Châu
Tỉnh Thanh Hóa,Huyện Hoằng Hóa,Xã Hoằng Cát,Tỉnh Thanh Hoá,Xã Hoằng Sơn
Tỉnh Thanh Hóa,Huyện Hoằng Hóa,Xã Hoằng Giang,Tỉnh Thanh Hoá,Xã Hoằng Giang
Tỉnh Thanh Hóa,Huyện Hoằng Hóa,Xã Hoằng Hà,Tỉnh Thanh Hoá,Xã Hoằng Hoá
Tỉnh Thanh Hóa,Huyện Hoằng Hóa,Xã Hoằng Hải,Tỉnh Thanh Hoá,Xã Hoằng Tiến
Tỉnh Thanh Hóa,Huyện Hoằng Hóa,Xã Hoằng Hợp,Tỉnh Thanh Hoá,Xã Hoằng Giang
Tỉnh Thanh Hóa,Huyện Hoằng Hóa,Xã Hoằng Kim,Tỉnh Thanh Hoá,Xã Hoằng Phú
Tỉnh Thanh Hóa,Huyện Hoằng Hóa,Xã Hoằng Lưu,Tỉnh Thanh Hoá,Xã Hoằng Châu
Tỉnh Thanh Hóa,Huyện Hoằng Hóa,Xã Hoằng Lộc,Tỉnh Thanh Hoá,Xã Hoằng Lộc
Tỉnh Thanh Hóa,Huyện Hoằng Hóa,Xã Hoằng Ngọc,Tỉnh Thanh Hoá,Xã Hoằng Thanh
Tỉnh Thanh Hóa,Huyện Hoằng Hóa,Xã Hoằng Phong,Tỉnh Thanh Hoá,Xã Hoằng Châu
Tỉnh Thanh Hóa,Huyện Hoằng Hóa,Xã Hoằng Phú,Tỉnh Thanh Hoá,Xã Hoằng Phú
Tỉnh Thanh Hóa,Huyện Hoằng Hóa,Xã Hoằng Phụ,Tỉnh Thanh Hoá,Xã Hoằng Thanh
Tỉnh Thanh Hóa,Huyện Hoằng Hóa,Xã Hoằng Quý,Tỉnh Thanh Hoá,Xã Hoằng Phú
Tỉnh Thanh Hóa,Huyện Hoằng Hóa,Xã Hoằng Quỳ,Tỉnh Thanh Hoá,Xã Hoằng Giang
Tỉnh Thanh Hóa,Huyện Hoằng Hóa,Xã Hoằng Sơn,Tỉnh Thanh Hoá,Xã Hoằng Sơn
Tỉnh Thanh Hóa,Huyện Hoằng Hóa,Xã Hoằng Thanh,Tỉnh Thanh Hoá,Xã Hoằng Thanh
Tỉnh Thanh Hóa,Huyện Hoằng Hóa,Xã Hoằng Thành,Tỉnh Thanh Hoá,Xã Hoằng Lộc
Tỉnh Thanh Hóa,Huyện Hoằng Hóa,Xã Hoằng Thái,Tỉnh Thanh Hoá,Xã Hoằng Lộc
Tỉnh Thanh Hóa,Huyện Hoằng Hóa,Xã Hoằng Thắng,Tỉnh Thanh Hoá,Xã Hoằng Châu
Tỉnh Thanh Hóa,Huyện Hoằng Hóa,Xã Hoằng Thịnh,Tỉnh Thanh Hoá,Xã Hoằng Lộc
Tỉnh Thanh Hóa,Huyện Hoằng Hóa,Xã Hoằng Tiến,Tỉnh Thanh Hoá,Xã Hoằng Tiến
Tỉnh Thanh Hóa,Huyện Hoằng Hóa,Xã Hoằng Trinh,Tỉnh Thanh Hoá,Xã Hoằng Sơn
Tỉnh Thanh Hóa,Huyện Hoằng Hóa,Xã Hoằng Trung,Tỉnh Thanh Hoá,Xã Hoằng Phú
Tỉnh Thanh Hóa,Huyện Hoằng Hóa,Xã Hoằng Trường,Tỉnh Thanh Hoá,Xã Hoằng Tiến
Tỉnh Thanh Hóa,Huyện Hoằng Hóa,Xã Hoằng Trạch,Tỉnh Thanh Hoá,Xã Hoằng Lộc
Tỉnh Thanh Hóa,Huyện Hoằng Hóa,Xã Hoằng Tân,Tỉnh Thanh Hoá,Xã Hoằng Lộc
Tỉnh Thanh Hóa,Huyện Hoằng Hóa,Xã Hoằng Xuyên,Tỉnh Thanh Hoá,Xã Hoằng Sơn
Tỉnh Thanh Hóa,Huyện Hoằng Hóa,Xã Hoằng Xuân,Tỉnh Thanh Hoá,Xã Hoằng Giang
Tỉnh Thanh Hóa,Huyện Hoằng Hóa,Xã Hoằng Yến,Tỉnh Thanh Hoá,Xã Hoằng Tiến
Tỉnh Thanh Hóa,Huyện Hoằng Hóa,Xã Hoằng Đông,Tỉnh Thanh Hoá,Xã Hoằng Thanh
Tỉnh Thanh Hóa,Huyện Hoằng Hóa,Xã Hoằng Đạo,Tỉnh Thanh Hoá,Xã Hoằng Hoá
Tỉnh Thanh Hóa,Huyện Hoằng Hóa,Xã Hoằng Đạt,Tỉnh Thanh Hoá,Xã Hoằng Hoá
Tỉnh Thanh Hóa,Huyện Hoằng Hóa,Xã Hoằng Đồng,Tỉnh Thanh Hoá,Xã Hoằng Hoá
Tỉnh Thanh Hóa,Huyện Hoằng Hóa,Xã Hoằng Đức,Tỉnh Thanh Hoá,Xã Hoằng Hoá
Tỉnh Thanh Hóa,Huyện Hà Trung,Thị trấn Hà Long,Tỉnh Thanh Hoá,Xã Hà Long
Tỉnh Thanh Hóa,Huyện Hà Trung,Thị trấn Hà Lĩnh,Tỉnh Thanh Hoá,Xã Tống Sơn
Tỉnh Thanh Hóa,Huyện Hà Trung,Thị trấn Hà Trung,Tỉnh Thanh Hoá,Xã Hoạt Giang
Tỉnh Thanh Hóa,Huyện Hà Trung,Thị trấn Hà Trung,Tỉnh Thanh Hoá,Xã Hà Trung
Tỉnh Thanh Hóa,Huyện Hà Trung,Xã Hoạt Giang,Tỉnh Thanh Hoá,Xã Hoạt Giang
Tỉnh Thanh Hóa,Huyện Hà Trung,Xã Hà Bình,Tỉnh Thanh Hoá,Xã Hoạt Giang
Tỉnh Thanh Hóa,Huyện Hà Trung,Xã Hà Bình,Tỉnh Thanh Hoá,Xã Hà Trung
Tỉnh Thanh Hóa,Huyện Hà Trung,Xã Hà Bắc,Tỉnh Thanh Hoá,Xã Hà Long
Tỉnh Thanh Hóa,Huyện Hà Trung,Xã Hà Châu,Tỉnh Thanh Hoá,Xã Lĩnh Toại
Tỉnh Thanh Hóa,Huyện Hà Trung,Xã Hà Giang,Tỉnh Thanh Hoá,Xã Hà Long
Tỉnh Thanh Hóa,Huyện Hà Trung,Xã Hà Hải,Tỉnh Thanh Hoá,Xã Lĩnh Toại
Tỉnh Thanh Hóa,Huyện Hà Trung,Xã Hà Ngọc,Tỉnh Thanh Hoá,Xã Hà Trung
Tỉnh Thanh Hóa,Huyện Hà Trung,Xã Hà Sơn,Tỉnh Thanh Hoá,Xã Tống Sơn
Tỉnh Thanh Hóa,Huyện Hà Trung,Xã Hà Tiến,Tỉnh Thanh Hoá,Xã Tống Sơn
Tỉnh Thanh Hóa,Huyện Hà Trung,Xã Hà Tân,Tỉnh Thanh Hoá,Xã Tống Sơn
Tỉnh Thanh Hóa,Huyện Hà Trung,Xã Hà Vinh,Tỉnh Thanh Hoá,Phường Bỉm Sơn
Tỉnh Thanh Hóa,Huyện Hà Trung,Xã Hà Đông,Tỉnh Thanh Hoá,Xã Hà Trung
Tỉnh Thanh Hóa,Huyện Hà Trung,Xã Lĩnh Toại,Tỉnh Thanh Hoá,Xã Lĩnh Toại
Tỉnh Thanh Hóa,Huyện Hà Trung,Xã Thái Lai,Tỉnh Thanh Hoá,Xã Lĩnh Toại
Tỉnh Thanh Hóa,Huyện Hà Trung,Xã Yên Dương,Tỉnh Thanh Hoá,Xã Hoạt Giang
Tỉnh Thanh Hóa,Huyện Hà Trung,Xã Yến Sơn,Tỉnh Thanh Hoá,Xã Hà Trung
Tỉnh Thanh Hóa,Huyện Hậu Lộc,Thị trấn Hậu Lộc,Tỉnh Thanh Hoá,Xã Hậu Lộc
Tỉnh Thanh Hóa,Huyện Hậu Lộc,Xã Cầu Lộc,Tỉnh Thanh Hoá,Xã Đông Thành
Tỉnh Thanh Hóa,Huyện Hậu Lộc,Xã Hoa Lộc,Tỉnh Thanh Hoá,Xã Hoa Lộc
Tỉnh Thanh Hóa,Huyện Hậu Lộc,Xã Hòa Lộc,Tỉnh Thanh Hoá,Xã Hoa Lộc
Tỉnh Thanh Hóa,Huyện Hậu Lộc,Xã Hưng Lộc,Tỉnh Thanh Hoá,Xã Vạn Lộc
Tỉnh Thanh Hóa,Huyện Hậu Lộc,Xã Hải Lộc,Tỉnh Thanh Hoá,Xã Vạn Lộc
Tỉnh Thanh Hóa,Huyện Hậu Lộc,Xã Liên Lộc,Tỉnh Thanh Hoá,Xã Hoa Lộc
Tỉnh Thanh Hóa,Huyện Hậu Lộc,Xã Lộc Sơn,Tỉnh Thanh Hoá,Xã Hậu Lộc
Tỉnh Thanh Hóa,Huyện Hậu Lộc,Xã Minh Lộc,Tỉnh Thanh Hoá,Xã Vạn Lộc
Tỉnh Thanh Hóa,Huyện Hậu Lộc,Xã Mỹ Lộc,Tỉnh Thanh Hoá,Xã Hậu Lộc
Tỉnh Thanh Hóa,Huyện Hậu Lộc,Xã Ngư Lộc,Tỉnh Thanh Hoá,Xã Vạn Lộc
Tỉnh Thanh Hóa,Huyện Hậu Lộc,Xã Phú Lộc,Tỉnh Thanh Hoá,Xã Hoa Lộc
Tỉnh Thanh Hóa,Huyện Hậu Lộc,Xã Quang Lộc,Tỉnh Thanh Hoá,Xã Hoa Lộc
Tỉnh Thanh Hóa,Huyện Hậu Lộc,Xã Thuần Lộc,Tỉnh Thanh Hoá,Xã Hậu Lộc
Tỉnh Thanh Hóa,Huyện Hậu Lộc,Xã Thành Lộc,Tỉnh Thanh Hoá,Xã Đông Thành
Tỉnh Thanh Hóa,Huyện Hậu Lộc,Xã Tiến Lộc,Tỉnh Thanh Hoá,Xã Triệu Lộc
Tỉnh Thanh Hóa,Huyện Hậu Lộc,Xã Triệu Lộc,Tỉnh Thanh Hoá,Xã Triệu Lộc
Tỉnh Thanh Hóa,Huyện Hậu Lộc,Xã Tuy Lộc,Tỉnh Thanh Hoá,Xã Đông Thành
Tỉnh Thanh Hóa,Huyện Hậu Lộc,Xã Xuân Lộc,Tỉnh Thanh Hoá,Xã Hoa Lộc
Tỉnh Thanh Hóa,Huyện Hậu Lộc,Xã Đa Lộc,Tỉnh Thanh Hoá,Xã Vạn Lộc
Tỉnh Thanh Hóa,Huyện Hậu Lộc,Xã Đại Lộc,Tỉnh Thanh Hoá,Xã Triệu Lộc
Tỉnh Thanh Hóa,Huyện Hậu Lộc,Xã Đồng Lộc,Tỉnh Thanh Hoá,Xã Đông Thành
Tỉnh Thanh Hóa,Huyện Lang Chánh,Thị trấn Lang Chánh,Tỉnh Thanh Hoá,Xã Linh Sơn
Tỉnh Thanh Hóa,Huyện Lang Chánh,Xã Giao An,Tỉnh Thanh Hoá,Xã Giao An
Tỉnh Thanh Hóa,Huyện Lang Chánh,Xã Giao Thiện,Tỉnh Thanh Hoá,Xã Giao An
Tỉnh Thanh Hóa,Huyện Lang Chánh,Xã Lâm Phú,Tỉnh Thanh Hoá,Xã Văn Phú
Tỉnh Thanh Hóa,Huyện Lang Chánh,Xã Tam Văn,Tỉnh Thanh Hoá,Xã Văn Phú
Tỉnh Thanh Hóa,Huyện Lang Chánh,Xã Trí Nang,Tỉnh Thanh Hoá,Xã Linh Sơn
Tỉnh Thanh Hóa,Huyện Lang Chánh,Xã Tân Phúc,Tỉnh Thanh Hoá,Xã Đồng Lương
Tỉnh Thanh Hóa,Huyện Lang Chánh,Xã Đồng Lương,Tỉnh Thanh Hoá,Xã Đồng Lương
Tỉnh Thanh Hóa,Huyện Mường Lát,Thị trấn Mường Lát,Tỉnh Thanh Hoá,Xã Mường Lát
Tỉnh Thanh Hóa,Huyện Nga Sơn,Thị trấn Nga Sơn,Tỉnh Thanh Hoá,Xã Nga Sơn
Tỉnh Thanh Hóa,Huyện Nga Sơn,Xã Ba Đình,Tỉnh Thanh Hoá,Xã Ba Đình
Tỉnh Thanh Hóa,Huyện Nga Sơn,Xã Nga An,Tỉnh Thanh Hoá,Xã Nga An
Tỉnh Thanh Hóa,Huyện Nga Sơn,Xã Nga Giáp,Tỉnh Thanh Hoá,Xã Hồ Vương
Tỉnh Thanh Hóa,Huyện Nga Sơn,Xã Nga Hiệp,Tỉnh Thanh Hoá,Xã Nga Sơn
Tỉnh Thanh Hóa,Huyện Nga Sơn,Xã Nga Hải,Tỉnh Thanh Hoá,Xã Hồ Vương
Tỉnh Thanh Hóa,Huyện Nga Sơn,Xã Nga Liên,Tỉnh Thanh Hoá,Xã Hồ Vương
Tỉnh Thanh Hóa,Huyện Nga Sơn,Xã Nga Phú,Tỉnh Thanh Hoá,Xã Nga An
Tỉnh Thanh Hóa,Huyện Nga Sơn,Xã Nga Phượng,Tỉnh Thanh Hoá,Xã Nga Thắng
Tỉnh Thanh Hóa,Huyện Nga Sơn,Xã Nga Thanh,Tỉnh Thanh Hoá,Xã Nga Sơn
Tỉnh Thanh Hóa,Huyện Nga Sơn,Xã Nga Thiện,Tỉnh Thanh Hoá,Xã Ba Đình
Tỉnh Thanh Hóa,Huyện Nga Sơn,Xã Nga Thành,Tỉnh Thanh Hoá,Xã Hồ Vương
Tỉnh Thanh Hóa,Huyện Nga Sơn,Xã Nga Thái,Tỉnh Thanh Hoá,Xã Tân Tiến
Tỉnh Thanh Hóa,Huyện Nga Sơn,Xã Nga Thạch,Tỉnh Thanh Hoá,Xã Nga Thắng
Tỉnh Thanh Hóa,Huyện Nga Sơn,Xã Nga Thắng,Tỉnh Thanh Hoá,Xã Nga Thắng
Tỉnh Thanh Hóa,Huyện Nga Sơn,Xã Nga Thủy,Tỉnh Thanh Hoá,Xã Nga Sơn
Tỉnh Thanh Hóa,Huyện Nga Sơn,Xã Nga Tiến,Tỉnh Thanh Hoá,Xã Tân Tiến
Tỉnh Thanh Hóa,Huyện Nga Sơn,Xã Nga Trường,Tỉnh Thanh Hoá,Xã Ba Đình
Tỉnh Thanh Hóa,Huyện Nga Sơn,Xã Nga Tân,Tỉnh Thanh Hoá,Xã Tân Tiến
Tỉnh Thanh Hóa,Huyện Nga Sơn,Xã Nga Văn,Tỉnh Thanh Hoá,Xã Nga Thắng
Tỉnh Thanh Hóa,Huyện Nga Sơn,Xã Nga Vịnh,Tỉnh Thanh Hoá,Xã Ba Đình
Tỉnh Thanh Hóa,Huyện Nga Sơn,Xã Nga Yên,Tỉnh Thanh Hoá,Xã Nga Sơn
Tỉnh Thanh Hóa,Huyện Nga Sơn,Xã Nga Điền,Tỉnh Thanh Hoá,Xã Nga An
Tỉnh Thanh Hóa,Huyện Ngọc Lặc,Thị trấn Ngọc Lặc,Tỉnh Thanh Hoá,Xã Ngọc Lặc
Tỉnh Thanh Hóa,Huyện Ngọc Lặc,Xã Cao Ngọc,Tỉnh Thanh Hoá,Xã Minh Sơn
Tỉnh Thanh Hóa,Huyện Ngọc Lặc,Xã Cao Thịnh,Tỉnh Thanh Hoá,Xã Ngọc Liên
Tỉnh Thanh Hóa,Huyện Ngọc Lặc,Xã Kiên Thọ,Tỉnh Thanh Hoá,Xã Kiên Thọ
Tỉnh Thanh Hóa,Huyện Ngọc Lặc,Xã Lam Sơn,Tỉnh Thanh Hoá,Xã Minh Sơn
Tỉnh Thanh Hóa,Huyện Ngọc Lặc,Xã Lộc Thịnh,Tỉnh Thanh Hoá,Xã Ngọc Liên
Tỉnh Thanh Hóa,Huyện Ngọc Lặc,Xã Minh Sơn,Tỉnh Thanh Hoá,Xã Minh Sơn
Tỉnh Thanh Hóa,Huyện Ngọc Lặc,Xã Minh Tiến,Tỉnh Thanh Hoá,Xã Minh Sơn
Tỉnh Thanh Hóa,Huyện Ngọc Lặc,Xã Mỹ Tân,Tỉnh Thanh Hoá,Xã Ngọc Lặc
Tỉnh Thanh Hóa,Huyện Ngọc Lặc,Xã Nguyệt Ấn,Tỉnh Thanh Hoá,Xã Nguyệt Ấn
Tỉnh Thanh Hóa,Huyện Ngọc Lặc,Xã Ngọc Liên,Tỉnh Thanh Hoá,Xã Ngọc Liên
Tỉnh Thanh Hóa,Huyện Ngọc Lặc,Xã Ngọc Sơn,Tỉnh Thanh Hoá,Xã Ngọc Liên
Tỉnh Thanh Hóa,Huyện Ngọc Lặc,Xã Ngọc Trung,Tỉnh Thanh Hoá,Xã Ngọc Liên
Tỉnh Thanh Hóa,Huyện Ngọc Lặc,Xã Phùng Giáo,Tỉnh Thanh Hoá,Xã Nguyệt Ấn
Tỉnh Thanh Hóa,Huyện Ngọc Lặc,Xã Phùng Minh,Tỉnh Thanh Hoá,Xã Kiên Thọ
Tỉnh Thanh Hóa,Huyện Ngọc Lặc,Xã Phúc Thịnh,Tỉnh Thanh Hoá,Xã Kiên Thọ
Tỉnh Thanh Hóa,Huyện Ngọc Lặc,Xã Quang Trung,Tỉnh Thanh Hoá,Xã Thạch Lập
Tỉnh Thanh Hóa,Huyện Ngọc Lặc,Xã Thúy Sơn,Tỉnh Thanh Hoá,Xã Ngọc Lặc
Tỉnh Thanh Hóa,Huyện Ngọc Lặc,Xã Thạch Lập,Tỉnh Thanh Hoá,Xã Thạch Lập
Tỉnh Thanh Hóa,Huyện Ngọc Lặc,Xã Đồng Thịnh,Tỉnh Thanh Hoá,Xã Thạch Lập
Tỉnh Thanh Hóa,Huyện Như Thanh,Thị trấn Bến Sung,Tỉnh Thanh Hoá,Xã Như Thanh
Tỉnh Thanh Hóa,Huyện Như Thanh,Xã Cán Khê,Tỉnh Thanh Hoá,Xã Xuân Du
Tỉnh Thanh Hóa,Huyện Như Thanh,Xã Hải Long,Tỉnh Thanh Hoá,Xã Như Thanh
Tỉnh Thanh Hóa,Huyện Như Thanh,Xã Mậu Lâm,Tỉnh Thanh Hoá,Xã Mậu Lâm
Tỉnh Thanh Hóa,Huyện Như Thanh,Xã Phú Nhuận,Tỉnh Thanh Hoá,Xã Mậu Lâm
Tỉnh Thanh Hóa,Huyện Như Thanh,Xã Phượng Nghi,Tỉnh Thanh Hoá,Xã Xuân Du
Tỉnh Thanh Hóa,Huyện Như Thanh,Xã Thanh Kỳ,Tỉnh Thanh Hoá,Xã Thanh Kỳ
Tỉnh Thanh Hóa,Huyện Như Thanh,Xã Thanh Tân,Tỉnh Thanh Hoá,Xã Công Chính
Tỉnh Thanh Hóa,Huyện Như Thanh,Xã Thanh Tân,Tỉnh Thanh Hoá,Xã Thanh Kỳ
Tỉnh Thanh Hóa,Huyện Như Thanh,Xã Xuân Du,Tỉnh Thanh Hoá,Xã Xuân Du
Tỉnh Thanh Hóa,Huyện Như Thanh,Xã Xuân Khang,Tỉnh Thanh Hoá,Xã Như Thanh
Tỉnh Thanh Hóa,Huyện Như Thanh,Xã Xuân Phúc,Tỉnh Thanh Hoá,Xã Yên Thọ
Tỉnh Thanh Hóa,Huyện Như Thanh,Xã Yên Lạc,Tỉnh Thanh Hoá,Xã Yên Thọ
Tỉnh Thanh Hóa,Huyện Như Thanh,Xã Yên Thọ,Tỉnh Thanh Hoá,Xã Như Thanh
Tỉnh Thanh Hóa,Huyện Như Thanh,Xã Yên Thọ,Tỉnh Thanh Hoá,Xã Yên Thọ
Tỉnh Thanh Hóa,Huyện Như Xuân,Thị trấn Yên Cát,Tỉnh Thanh Hoá,Xã Như Xuân
Tỉnh Thanh Hóa,Huyện Như Xuân,Xã Bãi Trành,Tỉnh Thanh Hoá,Xã Xuân Bình
Tỉnh Thanh Hóa,Huyện Như Xuân,Xã Bình Lương,Tỉnh Thanh Hoá,Xã Hoá Quỳ
Tỉnh Thanh Hóa,Huyện Như Xuân,Xã Cát Tân,Tỉnh Thanh Hoá,Xã Thượng Ninh
Tỉnh Thanh Hóa,Huyện Như Xuân,Xã Cát Vân,Tỉnh Thanh Hoá,Xã Thượng Ninh
Tỉnh Thanh Hóa,Huyện Như Xuân,Xã Hóa Quỳ,Tỉnh Thanh Hoá,Xã Hoá Quỳ
Tỉnh Thanh Hóa,Huyện Như Xuân,Xã Thanh Hòa,Tỉnh Thanh Hoá,Xã Thanh Phong
Tỉnh Thanh Hóa,Huyện Như Xuân,Xã Thanh Lâm,Tỉnh Thanh Hoá,Xã Thanh Phong
Tỉnh Thanh Hóa,Huyện Như Xuân,Xã Thanh Phong,Tỉnh Thanh Hoá,Xã Thanh Phong
Tỉnh Thanh Hóa,Huyện Như Xuân,Xã Thanh Quân,Tỉnh Thanh Hoá,Xã Thanh Quân
Tỉnh Thanh Hóa,Huyện Như Xuân,Xã Thanh Sơn,Tỉnh Thanh Hoá,Xã Thanh Quân
Tỉnh Thanh Hóa,Huyện Như Xuân,Xã Thanh Xuân,Tỉnh Thanh Hoá,Xã Thanh Quân
Tỉnh Thanh Hóa,Huyện Như Xuân,Xã Thượng Ninh,Tỉnh Thanh Hoá,Xã Thượng Ninh
Tỉnh Thanh Hóa,Huyện Như Xuân,Xã Tân Bình,Tỉnh Thanh Hoá,Xã Như Xuân
Tỉnh Thanh Hóa,Huyện Như Xuân,Xã Xuân Bình,Tỉnh Thanh Hoá,Xã Xuân Bình
Tỉnh Thanh Hóa,Huyện Nông Cống,Thị trấn Nông Cống,Tỉnh Thanh Hoá,Xã Nông Cống
Tỉnh Thanh Hóa,Huyện Nông Cống,Xã Công Chính,Tỉnh Thanh Hoá,Xã Công Chính
Tỉnh Thanh Hóa,Huyện Nông Cống,Xã Công Liêm,Tỉnh Thanh Hoá,Xã Công Chính
Tỉnh Thanh Hóa,Huyện Nông Cống,Xã Hoàng Giang,Tỉnh Thanh Hoá,Xã Trung Chính
Tỉnh Thanh Hóa,Huyện Nông Cống,Xã Hoàng Sơn,Tỉnh Thanh Hoá,Xã Trung Chính
Tỉnh Thanh Hóa,Huyện Nông Cống,Xã Minh Khôi,Tỉnh Thanh Hoá,Xã Nông Cống
Tỉnh Thanh Hóa,Huyện Nông Cống,Xã Minh Nghĩa,Tỉnh Thanh Hoá,Xã Nông Cống
Tỉnh Thanh Hóa,Huyện Nông Cống,Xã Thăng Bình,Tỉnh Thanh Hoá,Xã Thăng Bình
Tỉnh Thanh Hóa,Huyện Nông Cống,Xã Thăng Long,Tỉnh Thanh Hoá,Xã Thăng Bình
Tỉnh Thanh Hóa,Huyện Nông Cống,Xã Thăng Thọ,Tỉnh Thanh Hoá,Xã Thăng Bình
Tỉnh Thanh Hóa,Huyện Nông Cống,Xã Trung Chính,Tỉnh Thanh Hoá,Xã Trung Chính
Tỉnh Thanh Hóa,Huyện Nông Cống,Xã Trung Thành,Tỉnh Thanh Hoá,Xã Thắng Lợi
Tỉnh Thanh Hóa,Huyện Nông Cống,Xã Trường Giang,Tỉnh Thanh Hoá,Xã Trường Văn
Tỉnh Thanh Hóa,Huyện Nông Cống,Xã Trường Minh,Tỉnh Thanh Hoá,Xã Trường Văn
Tỉnh Thanh Hóa,Huyện Nông Cống,Xã Trường Sơn,Tỉnh Thanh Hoá,Xã Trường Văn
Tỉnh Thanh Hóa,Huyện Nông Cống,Xã Trường Trung,Tỉnh Thanh Hoá,Xã Trường Văn
Tỉnh Thanh Hóa,Huyện Nông Cống,Xã Tân Khang,Tỉnh Thanh Hoá,Xã Trung Chính
Tỉnh Thanh Hóa,Huyện Nông Cống,Xã Tân Phúc,Tỉnh Thanh Hoá,Xã Trung Chính
Tỉnh Thanh Hóa,Huyện Nông Cống,Xã Tân Thọ,Tỉnh Thanh Hoá,Xã Trung Chính
Tỉnh Thanh Hóa,Huyện Nông Cống,Xã Tượng Lĩnh,Tỉnh Thanh Hoá,Xã Tượng Lĩnh
Tỉnh Thanh Hóa,Huyện Nông Cống,Xã Tượng Sơn,Tỉnh Thanh Hoá,Xã Tượng Lĩnh
Tỉnh Thanh Hóa,Huyện Nông Cống,Xã Tượng Văn,Tỉnh Thanh Hoá,Xã Tượng Lĩnh
Tỉnh Thanh Hóa,Huyện Nông Cống,Xã Tế Lợi,Tỉnh Thanh Hoá,Xã Thắng Lợi
Tỉnh Thanh Hóa,Huyện Nông Cống,Xã Tế Nông,Tỉnh Thanh Hoá,Xã Thắng Lợi
Tỉnh Thanh Hóa,Huyện Nông Cống,Xã Tế Thắng,Tỉnh Thanh Hoá,Xã Thắng Lợi
Tỉnh Thanh Hóa,Huyện Nông Cống,Xã Vạn Hòa,Tỉnh Thanh Hoá,Xã Nông Cống
Tỉnh Thanh Hóa,Huyện Nông Cống,Xã Vạn Thiện,Tỉnh Thanh Hoá,Xã Nông Cống
Tỉnh Thanh Hóa,Huyện Nông Cống,Xã Vạn Thắng,Tỉnh Thanh Hoá,Xã Nông Cống
Tỉnh Thanh Hóa,Huyện Nông Cống,Xã Yên Mỹ,Tỉnh Thanh Hoá,Xã Công Chính
Tỉnh Thanh Hóa,Huyện Quan Hóa,Thị trấn Hồi Xuân,Tỉnh Thanh Hoá,Xã Hồi Xuân
Tỉnh Thanh Hóa,Huyện Quan Hóa,Xã Hiền Chung,Tỉnh Thanh Hoá,Xã Hiền Kiệt
Tỉnh Thanh Hóa,Huyện Quan Hóa,Xã Hiền Kiệt,Tỉnh Thanh Hoá,Xã Hiền Kiệt
Tỉnh Thanh Hóa,Huyện Quan Hóa,Xã Nam Tiến,Tỉnh Thanh Hoá,Xã Nam Xuân
Tỉnh Thanh Hóa,Huyện Quan Hóa,Xã Nam Xuân,Tỉnh Thanh Hoá,Xã Nam Xuân
Tỉnh Thanh Hóa,Huyện Quan Hóa,Xã Nam Động,Tỉnh Thanh Hoá,Xã Thiên Phủ
Tỉnh Thanh Hóa,Huyện Quan Hóa,Xã Phú Lệ,Tỉnh Thanh Hoá,Xã Phú Lệ
Tỉnh Thanh Hóa,Huyện Quan Hóa,Xã Phú Nghiêm,Tỉnh Thanh Hoá,Xã Hồi Xuân
Tỉnh Thanh Hóa,Huyện Quan Hóa,Xã Phú Sơn,Tỉnh Thanh Hoá,Xã Phú Lệ
Tỉnh Thanh Hóa,Huyện Quan Hóa,Xã Phú Thanh,Tỉnh Thanh Hoá,Xã Phú Lệ
Tỉnh Thanh Hóa,Huyện Quan Hóa,Xã Thiên Phủ,Tỉnh Thanh Hoá,Xã Thiên Phủ
Tỉnh Thanh Hóa,Huyện Quan Hóa,Xã Trung Thành,Tỉnh Thanh Hoá,Xã Trung Thành
Tỉnh Thanh Hóa,Huyện Quan Sơn,Thị trấn Sơn Lư,Tỉnh Thanh Hoá,Xã Quan Sơn
Tỉnh Thanh Hóa,Huyện Quan Sơn,Thị trấn Sơn Lư,Tỉnh Thanh Hoá,Xã Tam Lư
Tỉnh Thanh Hóa,Huyện Quan Sơn,Xã Sơn Hà,Tỉnh Thanh Hoá,Xã Tam Lư
Tỉnh Thanh Hóa,Huyện Quan Sơn,Xã Tam Lư,Tỉnh Thanh Hoá,Xã Tam Lư
Tỉnh Thanh Hóa,Huyện Quan Sơn,Xã Trung Hạ,Tỉnh Thanh Hoá,Xã Trung Hạ
Tỉnh Thanh Hóa,Huyện Quan Sơn,Xã Trung Thượng,Tỉnh Thanh Hoá,Xã Quan Sơn
Tỉnh Thanh Hóa,Huyện Quan Sơn,Xã Trung Tiến,Tỉnh Thanh Hoá,Xã Trung Hạ
Tỉnh Thanh Hóa,Huyện Quan Sơn,Xã Trung Xuân,Tỉnh Thanh Hoá,Xã Trung Hạ
Tỉnh Thanh Hóa,Huyện Quảng Xương,Thị trấn Tân Phong,Tỉnh Thanh Hoá,Xã Lưu Vệ
Tỉnh Thanh Hóa,Huyện Quảng Xương,Xã Quảng Bình,Tỉnh Thanh Hoá,Xã Quảng Bình
Tỉnh Thanh Hóa,Huyện Quảng Xương,Xã Quảng Chính,Tỉnh Thanh Hoá,Xã Quảng Chính
Tỉnh Thanh Hóa,Huyện Quảng Xương,Xã Quảng Giao,Tỉnh Thanh Hoá,Phường Nam Sầm Sơn
Tỉnh Thanh Hóa,Huyện Quảng Xương,Xã Quảng Hòa,Tỉnh Thanh Hoá,Xã Quảng Yên
Tỉnh Thanh Hóa,Huyện Quảng Xương,Xã Quảng Hải,Tỉnh Thanh Hoá,Xã Quảng Ninh
Tỉnh Thanh Hóa,Huyện Quảng Xương,Xã Quảng Hợp,Tỉnh Thanh Hoá,Xã Quảng Ngọc
Tỉnh Thanh Hóa,Huyện Quảng Xương,Xã Quảng Khê,Tỉnh Thanh Hoá,Xã Quảng Chính
Tỉnh Thanh Hóa,Huyện Quảng Xương,Xã Quảng Long,Tỉnh Thanh Hoá,Xã Quảng Yên
Tỉnh Thanh Hóa,Huyện Quảng Xương,Xã Quảng Lưu,Tỉnh Thanh Hoá,Xã Quảng Bình
Tỉnh Thanh Hóa,Huyện Quảng Xương,Xã Quảng Lộc,Tỉnh Thanh Hoá,Xã Quảng Bình
Tỉnh Thanh Hóa,Huyện Quảng Xương,Xã Quảng Ngọc,Tỉnh Thanh Hoá,Xã Quảng Ngọc
Tỉnh Thanh Hóa,Huyện Quảng Xương,Xã Quảng Nham,Tỉnh Thanh Hoá,Xã Tiên Trang
Tỉnh Thanh Hóa,Huyện Quảng Xương,Xã Quảng Nhân,Tỉnh Thanh Hoá,Xã Quảng Ninh
Tỉnh Thanh Hóa,Huyện Quảng Xương,Xã Quảng Ninh,Tỉnh Thanh Hoá,Xã Quảng Ninh
Tỉnh Thanh Hóa,Huyện Quảng Xương,Xã Quảng Phúc,Tỉnh Thanh Hoá,Xã Quảng Ngọc
Tỉnh Thanh Hóa,Huyện Quảng Xương,Xã Quảng Thái,Tỉnh Thanh Hoá,Xã Quảng Bình
Tỉnh Thanh Hóa,Huyện Quảng Xương,Xã Quảng Thạch,Tỉnh Thanh Hoá,Xã Tiên Trang
Tỉnh Thanh Hóa,Huyện Quảng Xương,Xã Quảng Trung,Tỉnh Thanh Hoá,Xã Quảng Chính
Tỉnh Thanh Hóa,Huyện Quảng Xương,Xã Quảng Trường,Tỉnh Thanh Hoá,Xã Quảng Chính
Tỉnh Thanh Hóa,Huyện Quảng Xương,Xã Quảng Trạch,Tỉnh Thanh Hoá,Xã Quảng Yên
Tỉnh Thanh Hóa,Huyện Quảng Xương,Xã Quảng Văn,Tỉnh Thanh Hoá,Xã Quảng Ngọc
Tỉnh Thanh Hóa,Huyện Quảng Xương,Xã Quảng Yên,Tỉnh Thanh Hoá,Xã Quảng Yên
Tỉnh Thanh Hóa,Huyện Quảng Xương,Xã Quảng Định,Tỉnh Thanh Hoá,Xã Lưu Vệ
Tỉnh Thanh Hóa,Huyện Quảng Xương,Xã Quảng Đức,Tỉnh Thanh Hoá,Xã Lưu Vệ
Tỉnh Thanh Hóa,Huyện Quảng Xương,Xã Tiên Trang,Tỉnh Thanh Hoá,Xã Tiên Trang
Tỉnh Thanh Hóa,Huyện Thiệu Hóa,Thị trấn Hậu Hiền,Tỉnh Thanh Hoá,Xã Thiệu Toán
Tỉnh Thanh Hóa,Huyện Thiệu Hóa,Thị trấn Thiệu Hóa,Tỉnh Thanh Hoá,Xã Thiệu Hoá
Tỉnh Thanh Hóa,Huyện Thiệu Hóa,Thị trấn Thiệu Hóa,Tỉnh Thanh Hoá,Xã Thiệu Quang
Tỉnh Thanh Hóa,Huyện Thiệu Hóa,Thị trấn Thiệu Hóa,Tỉnh Thanh Hoá,Xã Thiệu Trung
Tỉnh Thanh Hóa,Huyện Thiệu Hóa,Xã Thiệu Chính,Tỉnh Thanh Hoá,Xã Thiệu Toán
Tỉnh Thanh Hóa,Huyện Thiệu Hóa,Xã Thiệu Công,Tỉnh Thanh Hoá,Xã Thiệu Hoá
Tỉnh Thanh Hóa,Huyện Thiệu Hóa,Xã Thiệu Duy,Tỉnh Thanh Hoá,Xã Thiệu Quang
Tỉnh Thanh Hóa,Huyện Thiệu Hóa,Xã Thiệu Giang,Tỉnh Thanh Hoá,Xã Thiệu Quang
Tỉnh Thanh Hóa,Huyện Thiệu Hóa,Xã Thiệu Giao,Tỉnh Thanh Hoá,Phường Đông Tiến
Tỉnh Thanh Hóa,Huyện Thiệu Hóa,Xã Thiệu Hòa,Tỉnh Thanh Hoá,Xã Thiệu Toán
Tỉnh Thanh Hóa,Huyện Thiệu Hóa,Xã Thiệu Hợp,Tỉnh Thanh Hoá,Xã Thiệu Quang
Tỉnh Thanh Hóa,Huyện Thiệu Hóa,Xã Thiệu Long,Tỉnh Thanh Hoá,Xã Thiệu Hoá
Tỉnh Thanh Hóa,Huyện Thiệu Hóa,Xã Thiệu Long,Tỉnh Thanh Hoá,Xã Định Hoà
Tỉnh Thanh Hóa,Huyện Thiệu Hóa,Xã Thiệu Lý,Tỉnh Thanh Hoá,Xã Thiệu Trung
Tỉnh Thanh Hóa,Huyện Thiệu Hóa,Xã Thiệu Nguyên,Tỉnh Thanh Hoá,Xã Thiệu Hoá
Tỉnh Thanh Hóa,Huyện Thiệu Hóa,Xã Thiệu Ngọc,Tỉnh Thanh Hoá,Xã Thiệu Tiến
Tỉnh Thanh Hóa,Huyện Thiệu Hóa,Xã Thiệu Phúc,Tỉnh Thanh Hoá,Xã Thiệu Hoá
Tỉnh Thanh Hóa,Huyện Thiệu Hóa,Xã Thiệu Quang,Tỉnh Thanh Hoá,Xã Thiệu Quang
Tỉnh Thanh Hóa,Huyện Thiệu Hóa,Xã Thiệu Thành,Tỉnh Thanh Hoá,Xã Thiệu Tiến
Tỉnh Thanh Hóa,Huyện Thiệu Hóa,Xã Thiệu Thịnh,Tỉnh Thanh Hoá,Xã Thiệu Quang
Tỉnh Thanh Hóa,Huyện Thiệu Hóa,Xã Thiệu Tiến,Tỉnh Thanh Hoá,Xã Thiệu Tiến
Tỉnh Thanh Hóa,Huyện Thiệu Hóa,Xã Thiệu Toán,Tỉnh Thanh Hoá,Xã Thiệu Toán
Tỉnh Thanh Hóa,Huyện Thiệu Hóa,Xã Thiệu Trung,Tỉnh Thanh Hoá,Xã Thiệu Trung
Tỉnh Thanh Hóa,Huyện Thiệu Hóa,Xã Thiệu Viên,Tỉnh Thanh Hoá,Xã Thiệu Trung
Tỉnh Thanh Hóa,Huyện Thiệu Hóa,Xã Thiệu Vũ,Tỉnh Thanh Hoá,Xã Thiệu Tiến
Tỉnh Thanh Hóa,Huyện Thiệu Hóa,Xã Thiệu Vận,Tỉnh Thanh Hoá,Xã Thiệu Trung
Tỉnh Thanh Hóa,Huyện Thiệu Hóa,Xã Tân Châu,Tỉnh Thanh Hoá,Phường Đông Tiến
Tỉnh Thanh Hóa,Huyện Thường Xuân,Thị trấn Thường Xuân,Tỉnh Thanh Hoá,Xã Thường Xuân
Tỉnh Thanh Hóa,Huyện Thường Xuân,Xã Luận Khê,Tỉnh Thanh Hoá,Xã Luận Thành
Tỉnh Thanh Hóa,Huyện Thường Xuân,Xã Luận Khê,Tỉnh Thanh Hoá,Xã Tân Thành
Tỉnh Thanh Hóa,Huyện Thường Xuân,Xã Luận Thành,Tỉnh Thanh Hoá,Xã Luận Thành
Tỉnh Thanh Hóa,Huyện Thường Xuân,Xã Ngọc Phụng,Tỉnh Thanh Hoá,Xã Thường Xuân
Tỉnh Thanh Hóa,Huyện Thường Xuân,Xã Thọ Thanh,Tỉnh Thanh Hoá,Xã Thường Xuân
Tỉnh Thanh Hóa,Huyện Thường Xuân,Xã Tân Thành,Tỉnh Thanh Hoá,Xã Tân Thành
Tỉnh Thanh Hóa,Huyện Thường Xuân,Xã Xuân Cao,Tỉnh Thanh Hoá,Xã Luận Thành
Tỉnh Thanh Hóa,Huyện Thường Xuân,Xã Xuân Chinh,Tỉnh Thanh Hoá,Xã Xuân Chinh
Tỉnh Thanh Hóa,Huyện Thường Xuân,Xã Xuân Dương,Tỉnh Thanh Hoá,Xã Thường Xuân
Tỉnh Thanh Hóa,Huyện Thường Xuân,Xã Xuân Lẹ,Tỉnh Thanh Hoá,Xã Xuân Chinh
Tỉnh Thanh Hóa,Huyện Thường Xuân,Xã Xuân Lộc,Tỉnh Thanh Hoá,Xã Thắng Lộc
Tỉnh Thanh Hóa,Huyện Thường Xuân,Xã Xuân Thắng,Tỉnh Thanh Hoá,Xã Thắng Lộc
Tỉnh Thanh Hóa,Huyện Thạch Thành,Thị trấn Kim Tân,Tỉnh Thanh Hoá,Xã Kim Tân
Tỉnh Thanh Hóa,Huyện Thạch Thành,Thị trấn Vân Du,Tỉnh Thanh Hoá,Xã Vân Du
Tỉnh Thanh Hóa,Huyện Thạch Thành,Xã Ngọc Trạo,Tỉnh Thanh Hoá,Xã Ngọc Trạo
Tỉnh Thanh Hóa,Huyện Thạch Thành,Xã Thành An,Tỉnh Thanh Hoá,Xã Ngọc Trạo
Tỉnh Thanh Hóa,Huyện Thạch Thành,Xã Thành Công,Tỉnh Thanh Hoá,Xã Vân Du
Tỉnh Thanh Hóa,Huyện Thạch Thành,Xã Thành Hưng,Tỉnh Thanh Hoá,Xã Kim Tân
Tỉnh Thanh Hóa,Huyện Thạch Thành,Xã Thành Long,Tỉnh Thanh Hoá,Xã Ngọc Trạo
Tỉnh Thanh Hóa,Huyện Thạch Thành,Xã Thành Minh,Tỉnh Thanh Hoá,Xã Thành Vinh
Tỉnh Thanh Hóa,Huyện Thạch Thành,Xã Thành Mỹ,Tỉnh Thanh Hoá,Xã Thành Vinh
Tỉnh Thanh Hóa,Huyện Thạch Thành,Xã Thành Thọ,Tỉnh Thanh Hoá,Xã Kim Tân
Tỉnh Thanh Hóa,Huyện Thạch Thành,Xã Thành Tiến,Tỉnh Thanh Hoá,Xã Kim Tân
Tỉnh Thanh Hóa,Huyện Thạch Thành,Xã Thành Trực,Tỉnh Thanh Hoá,Xã Kim Tân
Tỉnh Thanh Hóa,Huyện Thạch Thành,Xã Thành Tâm,Tỉnh Thanh Hoá,Xã Ngọc Trạo
Tỉnh Thanh Hóa,Huyện Thạch Thành,Xã Thành Tân,Tỉnh Thanh Hoá,Xã Vân Du
Tỉnh Thanh Hóa,Huyện Thạch Thành,Xã Thành Vinh,Tỉnh Thanh Hoá,Xã Thành Vinh
Tỉnh Thanh Hóa,Huyện Thạch Thành,Xã Thành Yên,Tỉnh Thanh Hoá,Xã Thành Vinh
Tỉnh Thanh Hóa,Huyện Thạch Thành,Xã Thạch Bình,Tỉnh Thanh Hoá,Xã Thạch Bình
Tỉnh Thanh Hóa,Huyện Thạch Thành,Xã Thạch Cẩm,Tỉnh Thanh Hoá,Xã Thạch Bình
Tỉnh Thanh Hóa,Huyện Thạch Thành,Xã Thạch Long,Tỉnh Thanh Hoá,Xã Thạch Bình
Tỉnh Thanh Hóa,Huyện Thạch Thành,Xã Thạch Lâm,Tỉnh Thanh Hoá,Xã Thạch Quảng
Tỉnh Thanh Hóa,Huyện Thạch Thành,Xã Thạch Quảng,Tỉnh Thanh Hoá,Xã Thạch Quảng
Tỉnh Thanh Hóa,Huyện Thạch Thành,Xã Thạch Sơn,Tỉnh Thanh Hoá,Xã Thạch Bình
Tỉnh Thanh Hóa,Huyện Thạch Thành,Xã Thạch Tượng,Tỉnh Thanh Hoá,Xã Thạch Quảng
Tỉnh Thanh Hóa,Huyện Thạch Thành,Xã Thạch Định,Tỉnh Thanh Hoá,Xã Kim Tân
Tỉnh Thanh Hóa,Huyện Thọ Xuân,Thị trấn Lam Sơn,Tỉnh Thanh Hoá,Xã Lam Sơn
Tỉnh Thanh Hóa,Huyện Thọ Xuân,Thị trấn Sao Vàng,Tỉnh Thanh Hoá,Xã Sao Vàng
Tỉnh Thanh Hóa,Huyện Thọ Xuân,Thị trấn Thọ Xuân,Tỉnh Thanh Hoá,Xã Thọ Xuân
Tỉnh Thanh Hóa,Huyện Thọ Xuân,Xã Bắc Lương,Tỉnh Thanh Hoá,Xã Thọ Long
Tỉnh Thanh Hóa,Huyện Thọ Xuân,Xã Nam Giang,Tỉnh Thanh Hoá,Xã Thọ Long
Tỉnh Thanh Hóa,Huyện Thọ Xuân,Xã Phú Xuân,Tỉnh Thanh Hoá,Xã Xuân Tín
Tỉnh Thanh Hóa,Huyện Thọ Xuân,Xã Quảng Phú,Tỉnh Thanh Hoá,Xã Xuân Tín
Tỉnh Thanh Hóa,Huyện Thọ Xuân,Xã Thuận Minh,Tỉnh Thanh Hoá,Xã Thọ Lập
Tỉnh Thanh Hóa,Huyện Thọ Xuân,Xã Thọ Diên,Tỉnh Thanh Hoá,Xã Xuân Hoà
Tỉnh Thanh Hóa,Huyện Thọ Xuân,Xã Thọ Hải,Tỉnh Thanh Hoá,Xã Xuân Hoà
Tỉnh Thanh Hóa,Huyện Thọ Xuân,Xã Thọ Lâm,Tỉnh Thanh Hoá,Xã Sao Vàng
Tỉnh Thanh Hóa,Huyện Thọ Xuân,Xã Thọ Lập,Tỉnh Thanh Hoá,Xã Thọ Lập
Tỉnh Thanh Hóa,Huyện Thọ Xuân,Xã Thọ Lộc,Tỉnh Thanh Hoá,Xã Thọ Long
Tỉnh Thanh Hóa,Huyện Thọ Xuân,Xã Thọ Xương,Tỉnh Thanh Hoá,Xã Lam Sơn
Tỉnh Thanh Hóa,Huyện Thọ Xuân,Xã Trường Xuân,Tỉnh Thanh Hoá,Xã Xuân Lập
Tỉnh Thanh Hóa,Huyện Thọ Xuân,Xã Tây Hồ,Tỉnh Thanh Hoá,Xã Thọ Long
Tỉnh Thanh Hóa,Huyện Thọ Xuân,Xã Xuân Bái,Tỉnh Thanh Hoá,Xã Lam Sơn
Tỉnh Thanh Hóa,Huyện Thọ Xuân,Xã Xuân Giang,Tỉnh Thanh Hoá,Xã Thọ Xuân
Tỉnh Thanh Hóa,Huyện Thọ Xuân,Xã Xuân Hưng,Tỉnh Thanh Hoá,Xã Xuân Hoà
Tỉnh Thanh Hóa,Huyện Thọ Xuân,Xã Xuân Hồng,Tỉnh Thanh Hoá,Xã Thọ Xuân
Tỉnh Thanh Hóa,Huyện Thọ Xuân,Xã Xuân Lai,Tỉnh Thanh Hoá,Xã Xuân Lập
Tỉnh Thanh Hóa,Huyện Thọ Xuân,Xã Xuân Lập,Tỉnh Thanh Hoá,Xã Xuân Lập
Tỉnh Thanh Hóa,Huyện Thọ Xuân,Xã Xuân Minh,Tỉnh Thanh Hoá,Xã Xuân Lập
Tỉnh Thanh Hóa,Huyện Thọ Xuân,Xã Xuân Phong,Tỉnh Thanh Hoá,Xã Thọ Long
Tỉnh Thanh Hóa,Huyện Thọ Xuân,Xã Xuân Phú,Tỉnh Thanh Hoá,Xã Sao Vàng
Tỉnh Thanh Hóa,Huyện Thọ Xuân,Xã Xuân Sinh,Tỉnh Thanh Hoá,Xã Sao Vàng
Tỉnh Thanh Hóa,Huyện Thọ Xuân,Xã Xuân Thiên,Tỉnh Thanh Hoá,Xã Thọ Lập
Tỉnh Thanh Hóa,Huyện Thọ Xuân,Xã Xuân Trường,Tỉnh Thanh Hoá,Xã Thọ Xuân
Tỉnh Thanh Hóa,Huyện Thọ Xuân,Xã Xuân Tín,Tỉnh Thanh Hoá,Xã Xuân Tín
Tỉnh Thanh Hóa,Huyện Triệu Sơn,Thị trấn Nưa,Tỉnh Thanh Hoá,Xã Tân Ninh
Tỉnh Thanh Hóa,Huyện Triệu Sơn,Thị trấn Triệu Sơn,Tỉnh Thanh Hoá,Xã Triệu Sơn
Tỉnh Thanh Hóa,Huyện Triệu Sơn,Xã An Nông,Tỉnh Thanh Hoá,Xã An Nông
Tỉnh Thanh Hóa,Huyện Triệu Sơn,Xã Bình Sơn,Tỉnh Thanh Hoá,Xã Thọ Bình
Tỉnh Thanh Hóa,Huyện Triệu Sơn,Xã Dân Lý,Tỉnh Thanh Hoá,Xã Triệu Sơn
Tỉnh Thanh Hóa,Huyện Triệu Sơn,Xã Dân Lực,Tỉnh Thanh Hoá,Xã Triệu Sơn
Tỉnh Thanh Hóa,Huyện Triệu Sơn,Xã Dân Quyền,Tỉnh Thanh Hoá,Xã Triệu Sơn
Tỉnh Thanh Hóa,Huyện Triệu Sơn,Xã Hợp Lý,Tỉnh Thanh Hoá,Xã Hợp Tiến
Tỉnh Thanh Hóa,Huyện Triệu Sơn,Xã Hợp Thành,Tỉnh Thanh Hoá,Xã Hợp Tiến
Tỉnh Thanh Hóa,Huyện Triệu Sơn,Xã Hợp Thắng,Tỉnh Thanh Hoá,Xã Hợp Tiến
Tỉnh Thanh Hóa,Huyện Triệu Sơn,Xã Hợp Tiến,Tỉnh Thanh Hoá,Xã Hợp Tiến
Tỉnh Thanh Hóa,Huyện Triệu Sơn,Xã Khuyến Nông,Tỉnh Thanh Hoá,Xã An Nông
Tỉnh Thanh Hóa,Huyện Triệu Sơn,Xã Minh Sơn,Tỉnh Thanh Hoá,Xã Triệu Sơn
Tỉnh Thanh Hóa,Huyện Triệu Sơn,Xã Nông Trường,Tỉnh Thanh Hoá,Xã An Nông
Tỉnh Thanh Hóa,Huyện Triệu Sơn,Xã Thái Hòa,Tỉnh Thanh Hoá,Xã Tân Ninh
Tỉnh Thanh Hóa,Huyện Triệu Sơn,Xã Thọ Bình,Tỉnh Thanh Hoá,Xã Thọ Bình
Tỉnh Thanh Hóa,Huyện Triệu Sơn,Xã Thọ Cường,Tỉnh Thanh Hoá,Xã Thọ Ngọc
Tỉnh Thanh Hóa,Huyện Triệu Sơn,Xã Thọ Dân,Tỉnh Thanh Hoá,Xã Thọ Phú
Tỉnh Thanh Hóa,Huyện Triệu Sơn,Xã Thọ Ngọc,Tỉnh Thanh Hoá,Xã Thọ Ngọc
Tỉnh Thanh Hóa,Huyện Triệu Sơn,Xã Thọ Phú,Tỉnh Thanh Hoá,Xã Thọ Phú
Tỉnh Thanh Hóa,Huyện Triệu Sơn,Xã Thọ Sơn,Tỉnh Thanh Hoá,Xã Thọ Bình
Tỉnh Thanh Hóa,Huyện Triệu Sơn,Xã Thọ Thế,Tỉnh Thanh Hoá,Xã Thọ Phú
Tỉnh Thanh Hóa,Huyện Triệu Sơn,Xã Thọ Tiến,Tỉnh Thanh Hoá,Xã Thọ Ngọc
Tỉnh Thanh Hóa,Huyện Triệu Sơn,Xã Thọ Tân,Tỉnh Thanh Hoá,Xã Thọ Phú
Tỉnh Thanh Hóa,Huyện Triệu Sơn,Xã Tiến Nông,Tỉnh Thanh Hoá,Xã An Nông
Tỉnh Thanh Hóa,Huyện Triệu Sơn,Xã Triệu Thành,Tỉnh Thanh Hoá,Xã Hợp Tiến
Tỉnh Thanh Hóa,Huyện Triệu Sơn,Xã Xuân Lộc,Tỉnh Thanh Hoá,Xã Thọ Phú
Tỉnh Thanh Hóa,Huyện Triệu Sơn,Xã Xuân Thọ,Tỉnh Thanh Hoá,Xã Thọ Ngọc
Tỉnh Thanh Hóa,Huyện Triệu Sơn,Xã Đồng Lợi,Tỉnh Thanh Hoá,Xã Đồng Tiến
Tỉnh Thanh Hóa,Huyện Triệu Sơn,Xã Đồng Thắng,Tỉnh Thanh Hoá,Xã Đồng Tiến
Tỉnh Thanh Hóa,Huyện Triệu Sơn,Xã Đồng Tiến,Tỉnh Thanh Hoá,Xã Đồng Tiến
Tỉnh Thanh Hóa,Huyện Vĩnh Lộc,Thị trấn Vĩnh Lộc,Tỉnh Thanh Hoá,Xã Vĩnh Lộc
Tỉnh Thanh Hóa,Huyện Vĩnh Lộc,Xã Minh Tân,Tỉnh Thanh Hoá,Xã Biện Thượng
Tỉnh Thanh Hóa,Huyện Vĩnh Lộc,Xã Ninh Khang,Tỉnh Thanh Hoá,Xã Vĩnh Lộc
Tỉnh Thanh Hóa,Huyện Vĩnh Lộc,Xã Vĩnh An,Tỉnh Thanh Hoá,Xã Biện Thượng
Tỉnh Thanh Hóa,Huyện Vĩnh Lộc,Xã Vĩnh Hòa,Tỉnh Thanh Hoá,Xã Vĩnh Lộc
Tỉnh Thanh Hóa,Huyện Vĩnh Lộc,Xã Vĩnh Hùng,Tỉnh Thanh Hoá,Xã Biện Thượng
Tỉnh Thanh Hóa,Huyện Vĩnh Lộc,Xã Vĩnh Hưng,Tỉnh Thanh Hoá,Xã Vĩnh Lộc
Tỉnh Thanh Hóa,Huyện Vĩnh Lộc,Xã Vĩnh Long,Tỉnh Thanh Hoá,Xã Tây Đô
Tỉnh Thanh Hóa,Huyện Vĩnh Lộc,Xã Vĩnh Phúc,Tỉnh Thanh Hoá,Xã Vĩnh Lộc
Tỉnh Thanh Hóa,Huyện Vĩnh Lộc,Xã Vĩnh Quang,Tỉnh Thanh Hoá,Xã Tây Đô
Tỉnh Thanh Hóa,Huyện Vĩnh Lộc,Xã Vĩnh Thịnh,Tỉnh Thanh Hoá,Xã Biện Thượng
Tỉnh Thanh Hóa,Huyện Vĩnh Lộc,Xã Vĩnh Tiến,Tỉnh Thanh Hoá,Xã Tây Đô
Tỉnh Thanh Hóa,Huyện Vĩnh Lộc,Xã Vĩnh Yên,Tỉnh Thanh Hoá,Xã Tây Đô
Tỉnh Thanh Hóa,Huyện Yên Định,Thị trấn Quán Lào,Tỉnh Thanh Hoá,Xã Yên Định
Tỉnh Thanh Hóa,Huyện Yên Định,Thị trấn Quý Lộc,Tỉnh Thanh Hoá,Xã Quý Lộc
Tỉnh Thanh Hóa,Huyện Yên Định,Thị trấn Thống Nhất,Tỉnh Thanh Hoá,Xã Yên Phú
Tỉnh Thanh Hóa,Huyện Yên Định,Thị trấn Yên Lâm,Tỉnh Thanh Hoá,Xã Quý Lộc
Tỉnh Thanh Hóa,Huyện Yên Định,Xã Yên Hùng,Tỉnh Thanh Hoá,Xã Yên Ninh
Tỉnh Thanh Hóa,Huyện Yên Định,Xã Yên Ninh,Tỉnh Thanh Hoá,Xã Yên Ninh
Tỉnh Thanh Hóa,Huyện Yên Định,Xã Yên Phong,Tỉnh Thanh Hoá,Xã Yên Trường
Tỉnh Thanh Hóa,Huyện Yên Định,Xã Yên Phú,Tỉnh Thanh Hoá,Xã Yên Phú
Tỉnh Thanh Hóa,Huyện Yên Định,Xã Yên Thái,Tỉnh Thanh Hoá,Xã Yên Trường
Tỉnh Thanh Hóa,Huyện Yên Định,Xã Yên Thịnh,Tỉnh Thanh Hoá,Xã Yên Ninh
Tỉnh Thanh Hóa,Huyện Yên Định,Xã Yên Thọ,Tỉnh Thanh Hoá,Xã Quý Lộc
Tỉnh Thanh Hóa,Huyện Yên Định,Xã Yên Trung,Tỉnh Thanh Hoá,Xã Yên Trường
Tỉnh Thanh Hóa,Huyện Yên Định,Xã Yên Trường,Tỉnh Thanh Hoá,Xã Yên Trường
Tỉnh Thanh Hóa,Huyện Yên Định,Xã Yên Tâm,Tỉnh Thanh Hoá,Xã Yên Phú
Tỉnh Thanh Hóa,Huyện Yên Định,Xã Định Bình,Tỉnh Thanh Hoá,Xã Định Hoà
Tỉnh Thanh Hóa,Huyện Yên Định,Xã Định Công,Tỉnh Thanh Hoá,Xã Định Hoà
Tỉnh Thanh Hóa,Huyện Yên Định,Xã Định Hòa,Tỉnh Thanh Hoá,Xã Định Hoà
Tỉnh Thanh Hóa,Huyện Yên Định,Xã Định Hưng,Tỉnh Thanh Hoá,Xã Định Tân
Tỉnh Thanh Hóa,Huyện Yên Định,Xã Định Hải,Tỉnh Thanh Hoá,Xã Định Tân
Tỉnh Thanh Hóa,Huyện Yên Định,Xã Định Liên,Tỉnh Thanh Hoá,Xã Yên Định
Tỉnh Thanh Hóa,Huyện Yên Định,Xã Định Long,Tỉnh Thanh Hoá,Xã Yên Định
Tỉnh Thanh Hóa,Huyện Yên Định,Xã Định Thành,Tỉnh Thanh Hoá,Xã Định Hoà
Tỉnh Thanh Hóa,Huyện Yên Định,Xã Định Tiến,Tỉnh Thanh Hoá,Xã Định Tân
Tỉnh Thanh Hóa,Huyện Yên Định,Xã Định Tân,Tỉnh Thanh Hoá,Xã Định Tân
Tỉnh Thanh Hóa,Huyện Yên Định,Xã Định Tăng,Tỉnh Thanh Hoá,Xã Yên Định
Tỉnh Thanh Hóa,Thành phố Sầm Sơn,Phường Quảng Châu,Tỉnh Thanh Hoá,Phường Sầm Sơn
Tỉnh Thanh Hóa,Thành phố Sầm Sơn,Phường Quảng Cư,Tỉnh Thanh Hoá,Phường Sầm Sơn
Tỉnh Thanh Hóa,Thành phố Sầm Sơn,Phường Quảng Thọ,Tỉnh Thanh Hoá,Phường Sầm Sơn
Tỉnh Thanh Hóa,Thành phố Sầm Sơn,Phường Quảng Tiến,Tỉnh Thanh Hoá,Phường Sầm Sơn
Tỉnh Thanh Hóa,Thành phố Sầm Sơn,Phường Quảng Vinh,Tỉnh Thanh Hoá,Phường Nam Sầm Sơn
Tỉnh Thanh Hóa,Thành phố Sầm Sơn,Phường Trung Sơn,Tỉnh Thanh Hoá,Phường Sầm Sơn
Tỉnh Thanh Hóa,Thành phố Sầm Sơn,Phường Trường Sơn,Tỉnh Thanh Hoá,Phường Sầm Sơn
Tỉnh Thanh Hóa,Thành phố Sầm Sơn,Xã Quảng Minh,Tỉnh Thanh Hoá,Phường Nam Sầm Sơn
Tỉnh Thanh Hóa,Thành phố Sầm Sơn,Xã Đại Hùng,Tỉnh Thanh Hoá,Phường Nam Sầm Sơn
Tỉnh Thanh Hóa,Thành phố Thanh Hóa,Phường An Hưng,Tỉnh Thanh Hoá,Phường Hạc Thành
Tỉnh Thanh Hóa,Thành phố Thanh Hóa,Phường An Hưng,Tỉnh Thanh Hoá,Phường Đông Quang
Tỉnh Thanh Hóa,Thành phố Thanh Hóa,Phường Hoằng Quang,Tỉnh Thanh Hoá,Phường Nguyệt Viên
Tỉnh Thanh Hóa,Thành phố Thanh Hóa,Phường Hoằng Đại,Tỉnh Thanh Hoá,Phường Nguyệt Viên
Tỉnh Thanh Hóa,Thành phố Thanh Hóa,Phường Hàm Rồng,Tỉnh Thanh Hoá,Phường Hàm Rồng
Tỉnh Thanh Hóa,Thành phố Thanh Hóa,Phường Long Anh,Tỉnh Thanh Hoá,Phường Nguyệt Viên
Tỉnh Thanh Hóa,Thành phố Thanh Hóa,Phường Nam Ngạn,Tỉnh Thanh Hoá,Phường Hàm Rồng
Tỉnh Thanh Hóa,Thành phố Thanh Hóa,Phường Quảng Cát,Tỉnh Thanh Hoá,Phường Quảng Phú
Tỉnh Thanh Hóa,Thành phố Thanh Hóa,Phường Quảng Hưng,Tỉnh Thanh Hoá,Phường Quảng Phú
Tỉnh Thanh Hóa,Thành phố Thanh Hóa,Phường Quảng Phú,Tỉnh Thanh Hoá,Phường Quảng Phú
Tỉnh Thanh Hóa,Thành phố Thanh Hóa,Phường Quảng Thành,Tỉnh Thanh Hoá,Phường Quảng Phú
Tỉnh Thanh Hóa,Thành phố Thanh Hóa,Phường Quảng Thắng,Tỉnh Thanh Hoá,Phường Đông Quang
Tỉnh Thanh Hóa,Thành phố Thanh Hóa,Phường Quảng Thịnh,Tỉnh Thanh Hoá,Phường Quảng Phú
Tỉnh Thanh Hóa,Thành phố Thanh Hóa,Phường Quảng Tâm,Tỉnh Thanh Hoá,Phường Quảng Phú
Tỉnh Thanh Hóa,Thành phố Thanh Hóa,Phường Quảng Đông,Tỉnh Thanh Hoá,Phường Quảng Phú
Tỉnh Thanh Hóa,Thành phố Thanh Hóa,Phường Rừng Thông,Tỉnh Thanh Hoá,Phường Đông Sơn
Tỉnh Thanh Hóa,Thành phố Thanh Hóa,Phường Thiệu Dương,Tỉnh Thanh Hoá,Phường Hàm Rồng
Tỉnh Thanh Hóa,Thành phố Thanh Hóa,Phường Thiệu Khánh,Tỉnh Thanh Hoá,Phường Đông Tiến
Tỉnh Thanh Hóa,Thành phố Thanh Hóa,Phường Trường Thi,Tỉnh Thanh Hoá,Phường Hạc Thành
Tỉnh Thanh Hóa,Thành phố Thanh Hóa,Phường Tào Xuyên,Tỉnh Thanh Hoá,Phường Nguyệt Viên
Tỉnh Thanh Hóa,Thành phố Thanh Hóa,Phường Điện Biên,Tỉnh Thanh Hoá,Phường Hạc Thành
Tỉnh Thanh Hóa,Thành phố Thanh Hóa,Phường Đông Cương,Tỉnh Thanh Hoá,Phường Hàm Rồng
Tỉnh Thanh Hóa,Thành phố Thanh Hóa,Phường Đông Hương,Tỉnh Thanh Hoá,Phường Hạc Thành
Tỉnh Thanh Hóa,Thành phố Thanh Hóa,Phường Đông Hải,Tỉnh Thanh Hoá,Phường Hạc Thành
Tỉnh Thanh Hóa,Thành phố Thanh Hóa,Phường Đông Lĩnh,Tỉnh Thanh Hoá,Phường Đông Tiến
Tỉnh Thanh Hóa,Thành phố Thanh Hóa,Phường Đông Sơn,Tỉnh Thanh Hoá,Phường Hạc Thành
Tỉnh Thanh Hóa,Thành phố Thanh Hóa,Phường Đông Thịnh,Tỉnh Thanh Hoá,Phường Đông Sơn
Tỉnh Thanh Hóa,Thành phố Thanh Hóa,Phường Đông Thọ,Tỉnh Thanh Hoá,Phường Hàm Rồng
Tỉnh Thanh Hóa,Thành phố Thanh Hóa,Phường Đông Thọ,Tỉnh Thanh Hoá,Phường Hạc Thành
Tỉnh Thanh Hóa,Thành phố Thanh Hóa,Phường Đông Tân,Tỉnh Thanh Hoá,Phường Đông Sơn
Tỉnh Thanh Hóa,Thành phố Thanh Hóa,Phường Đông Vệ,Tỉnh Thanh Hoá,Phường Hạc Thành
Tỉnh Thanh Hóa,Thành phố Thanh Hóa,Xã Thiệu Vân,Tỉnh Thanh Hoá,Phường Đông Tiến
Tỉnh Thanh Hóa,Thành phố Thanh Hóa,Xã Đông Hoàng,Tỉnh Thanh Hoá,Phường Đông Sơn
Tỉnh Thanh Hóa,Thành phố Thanh Hóa,Xã Đông Hòa,Tỉnh Thanh Hoá,Phường Đông Sơn
Tỉnh Thanh Hóa,Thành phố Thanh Hóa,Xã Đông Khê,Tỉnh Thanh Hoá,Phường Đông Sơn
Tỉnh Thanh Hóa,Thành phố Thanh Hóa,Xã Đông Minh,Tỉnh Thanh Hoá,Phường Đông Sơn
Tỉnh Thanh Hóa,Thành phố Thanh Hóa,Xã Đông Nam,Tỉnh Thanh Hoá,Phường Đông Quang
Tỉnh Thanh Hóa,Thành phố Thanh Hóa,Xã Đông Ninh,Tỉnh Thanh Hoá,Phường Đông Sơn
Tỉnh Thanh Hóa,Thành phố Thanh Hóa,Xã Đông Phú,Tỉnh Thanh Hoá,Phường Đông Quang
Tỉnh Thanh Hóa,Thành phố Thanh Hóa,Xã Đông Quang,Tỉnh Thanh Hoá,Phường Đông Quang
Tỉnh Thanh Hóa,Thành phố Thanh Hóa,Xã Đông Thanh,Tỉnh Thanh Hoá,Phường Đông Tiến
Tỉnh Thanh Hóa,Thành phố Thanh Hóa,Xã Đông Tiến,Tỉnh Thanh Hoá,Phường Đông Tiến
Tỉnh Thanh Hóa,Thành phố Thanh Hóa,Xã Đông Vinh,Tỉnh Thanh Hoá,Phường Đông Quang
Tỉnh Thanh Hóa,Thành phố Thanh Hóa,Xã Đông Văn,Tỉnh Thanh Hoá,Phường Đông Quang
Tỉnh Thanh Hóa,Thành phố Thanh Hóa,Xã Đông Yên,Tỉnh Thanh Hoá,Phường Đông Quang
Tỉnh Thanh Hóa,Thị xã Bỉm Sơn,Phường Ba Đình,Tỉnh Thanh Hoá,Phường Bỉm Sơn
Tỉnh Thanh Hóa,Thị xã Bỉm Sơn,Xã Quang Trung,Tỉnh Thanh Hoá,Phường Quang Trung
Tỉnh Thanh Hóa,Thị xã Nghi Sơn,Phường Bình Minh,Tỉnh Thanh Hoá,Phường Tĩnh Gia
Tỉnh Thanh Hóa,Thị xã Nghi Sơn,Phường Hải An,Tỉnh Thanh Hoá,Phường Tân Dân
Tỉnh Thanh Hóa,Thị xã Nghi Sơn,Phường Hải Bình,Tỉnh Thanh Hoá,Phường Hải Bình
Tỉnh Thanh Hóa,Thị xã Nghi Sơn,Phường Hải Châu,Tỉnh Thanh Hoá,Phường Ngọc Sơn
Tỉnh Thanh Hóa,Thị xã Nghi Sơn,Phường Hải Hòa,Tỉnh Thanh Hoá,Phường Tĩnh Gia
Tỉnh Thanh Hóa,Thị xã Nghi Sơn,Phường Hải Lĩnh,Tỉnh Thanh Hoá,Phường Hải Lĩnh
Tỉnh Thanh Hóa,Thị xã Nghi Sơn,Phường Hải Ninh,Tỉnh Thanh Hoá,Phường Ngọc Sơn
Tỉnh Thanh Hóa,Thị xã Nghi Sơn,Phường Hải Thanh,Tỉnh Thanh Hoá,Phường Tĩnh Gia
Tỉnh Thanh Hóa,Thị xã Nghi Sơn,Phường Hải Thượng,Tỉnh Thanh Hoá,Phường Nghi Sơn
Tỉnh Thanh Hóa,Thị xã Nghi Sơn,Phường Mai Lâm,Tỉnh Thanh Hoá,Phường Hải Bình
Tỉnh Thanh Hóa,Thị xã Nghi Sơn,Phường Nguyên Bình,Tỉnh Thanh Hoá,Phường Đào Duy Từ
Tỉnh Thanh Hóa,Thị xã Nghi Sơn,Phường Ninh Hải,Tỉnh Thanh Hoá,Phường Hải Lĩnh
Tỉnh Thanh Hóa,Thị xã Nghi Sơn,Phường Trúc Lâm,Tỉnh Thanh Hoá,Phường Trúc Lâm
Tỉnh Thanh Hóa,Thị xã Nghi Sơn,Phường Tân Dân,Tỉnh Thanh Hoá,Phường Tân Dân
Tỉnh Thanh Hóa,Thị xã Nghi Sơn,Phường Tĩnh Hải,Tỉnh Thanh Hoá,Phường Hải Bình
Tỉnh Thanh Hóa,Thị xã Nghi Sơn,Phường Xuân Lâm,Tỉnh Thanh Hoá,Phường Đào Duy Từ
Tỉnh Thanh Hóa,Thị xã Nghi Sơn,Xã Anh Sơn,Tỉnh Thanh Hoá,Xã Các Sơn
Tỉnh Thanh Hóa,Thị xã Nghi Sơn,Xã Các Sơn,Tỉnh Thanh Hoá,Xã Các Sơn
Tỉnh Thanh Hóa,Thị xã Nghi Sơn,Xã Hải Hà,Tỉnh Thanh Hoá,Phường Nghi Sơn
Tỉnh Thanh Hóa,Thị xã Nghi Sơn,Xã Hải Nhân,Tỉnh Thanh Hoá,Phường Tĩnh Gia
Tỉnh Thanh Hóa,Thị xã Nghi Sơn,Xã Nghi Sơn,Tỉnh Thanh Hoá,Phường Nghi Sơn
Tỉnh Thanh Hóa,Thị xã Nghi Sơn,Xã Ngọc Lĩnh,Tỉnh Thanh Hoá,Phường Tân Dân
Tỉnh Thanh Hóa,Thị xã Nghi Sơn,Xã Phú Lâm,Tỉnh Thanh Hoá,Phường Trúc Lâm
Tỉnh Thanh Hóa,Thị xã Nghi Sơn,Xã Phú Sơn,Tỉnh Thanh Hoá,Phường Trúc Lâm
Tỉnh Thanh Hóa,Thị xã Nghi Sơn,Xã Thanh Sơn,Tỉnh Thanh Hoá,Phường Ngọc Sơn
Tỉnh Thanh Hóa,Thị xã Nghi Sơn,Xã Thanh Thủy,Tỉnh Thanh Hoá,Phường Ngọc Sơn
Tỉnh Thanh Hóa,Thị xã Nghi Sơn,Xã Trường Lâm,Tỉnh Thanh Hoá,Xã Trường Lâm
Tỉnh Thanh Hóa,Thị xã Nghi Sơn,Xã Tân Trường,Tỉnh Thanh Hoá,Xã Trường Lâm
Tỉnh Thanh Hóa,Thị xã Nghi Sơn,Xã Tùng Lâm,Tỉnh Thanh Hoá,Phường Trúc Lâm
Tỉnh Thanh Hóa,Thị xã Nghi Sơn,Xã Định Hải,Tỉnh Thanh Hoá,Phường Hải Lĩnh
Tỉnh Thái Bình,Huyện Hưng Hà,Thị trấn Hưng Hà,Tỉnh Hưng Yên,Xã Hưng Hà
Tỉnh Thái Bình,Huyện Hưng Hà,Thị trấn Hưng Nhân,Tỉnh Hưng Yên,Xã Long Hưng
Tỉnh Thái Bình,Huyện Hưng Hà,Xã Bắc Sơn,Tỉnh Hưng Yên,Xã Thần Khê
Tỉnh Thái Bình,Huyện Hưng Hà,Xã Canh Tân,Tỉnh Hưng Yên,Xã Ngự Thiên
Tỉnh Thái Bình,Huyện Hưng Hà,Xã Chi Lăng,Tỉnh Hưng Yên,Xã Thần Khê
Tỉnh Thái Bình,Huyện Hưng Hà,Xã Chí Hòa,Tỉnh Hưng Yên,Xã Hồng Minh
Tỉnh Thái Bình,Huyện Hưng Hà,Xã Cộng Hòa,Tỉnh Hưng Yên,Xã Ngự Thiên
Tỉnh Thái Bình,Huyện Hưng Hà,Xã Duyên Hải,Tỉnh Hưng Yên,Xã Diên Hà
Tỉnh Thái Bình,Huyện Hưng Hà,Xã Hòa Tiến,Tỉnh Hưng Yên,Xã Ngự Thiên
Tỉnh Thái Bình,Huyện Hưng Hà,Xã Hồng An,Tỉnh Hưng Yên,Xã Lê Quý Đôn
Tỉnh Thái Bình,Huyện Hưng Hà,Xã Hồng Lĩnh,Tỉnh Hưng Yên,Xã Hưng Hà
Tỉnh Thái Bình,Huyện Hưng Hà,Xã Hồng Minh,Tỉnh Hưng Yên,Xã Hồng Minh
Tỉnh Thái Bình,Huyện Hưng Hà,Xã Liên Hiệp,Tỉnh Hưng Yên,Xã Long Hưng
Tỉnh Thái Bình,Huyện Hưng Hà,Xã Minh Hòa,Tỉnh Hưng Yên,Xã Hồng Minh
Tỉnh Thái Bình,Huyện Hưng Hà,Xã Minh Tân,Tỉnh Hưng Yên,Xã Lê Quý Đôn
Tỉnh Thái Bình,Huyện Hưng Hà,Xã Phúc Khánh,Tỉnh Hưng Yên,Xã Tiên La
Tỉnh Thái Bình,Huyện Hưng Hà,Xã Quang Trung,Tỉnh Hưng Yên,Xã Diên Hà
Tỉnh Thái Bình,Huyện Hưng Hà,Xã Thái Hưng,Tỉnh Hưng Yên,Xã Long Hưng
Tỉnh Thái Bình,Huyện Hưng Hà,Xã Thái Phương,Tỉnh Hưng Yên,Xã Tiên La
Tỉnh Thái Bình,Huyện Hưng Hà,Xã Thống Nhất,Tỉnh Hưng Yên,Xã Hưng Hà
Tỉnh Thái Bình,Huyện Hưng Hà,Xã Tiến Đức,Tỉnh Hưng Yên,Xã Long Hưng
Tỉnh Thái Bình,Huyện Hưng Hà,Xã Tân Hòa,Tỉnh Hưng Yên,Xã Ngự Thiên
Tỉnh Thái Bình,Huyện Hưng Hà,Xã Tân Lễ,Tỉnh Hưng Yên,Xã Long Hưng
Tỉnh Thái Bình,Huyện Hưng Hà,Xã Tân Tiến,Tỉnh Hưng Yên,Xã Tiên La
Tỉnh Thái Bình,Huyện Hưng Hà,Xã Tây Đô,Tỉnh Hưng Yên,Xã Thần Khê
Tỉnh Thái Bình,Huyện Hưng Hà,Xã Văn Cẩm,Tỉnh Hưng Yên,Xã Diên Hà
Tỉnh Thái Bình,Huyện Hưng Hà,Xã Văn Lang,Tỉnh Hưng Yên,Xã Hưng Hà
Tỉnh Thái Bình,Huyện Hưng Hà,Xã Đoan Hùng,Tỉnh Hưng Yên,Xã Tiên La
Tỉnh Thái Bình,Huyện Hưng Hà,Xã Đông Đô,Tỉnh Hưng Yên,Xã Thần Khê
Tỉnh Thái Bình,Huyện Hưng Hà,Xã Độc Lập,Tỉnh Hưng Yên,Xã Lê Quý Đôn
Tỉnh Thái Bình,Huyện Kiến Xương,Thị trấn Kiến Xương,Tỉnh Hưng Yên,Xã Kiến Xương
Tỉnh Thái Bình,Huyện Kiến Xương,Xã An Bình,Tỉnh Hưng Yên,Xã Bình Nguyên
Tỉnh Thái Bình,Huyện Kiến Xương,Xã Bình Nguyên,Tỉnh Hưng Yên,Xã Bình Nguyên
Tỉnh Thái Bình,Huyện Kiến Xương,Xã Bình Thanh,Tỉnh Hưng Yên,Xã Bình Thanh
Tỉnh Thái Bình,Huyện Kiến Xương,Xã Bình Định,Tỉnh Hưng Yên,Xã Bình Định
Tỉnh Thái Bình,Huyện Kiến Xương,Xã Hòa Bình,Tỉnh Hưng Yên,Xã Quang Lịch
Tỉnh Thái Bình,Huyện Kiến Xương,Xã Hồng Thái,Tỉnh Hưng Yên,Xã Trà Giang
Tỉnh Thái Bình,Huyện Kiến Xương,Xã Hồng Tiến,Tỉnh Hưng Yên,Xã Bình Định
Tỉnh Thái Bình,Huyện Kiến Xương,Xã Hồng Vũ,Tỉnh Hưng Yên,Xã Hồng Vũ
Tỉnh Thái Bình,Huyện Kiến Xương,Xã Lê Lợi,Tỉnh Hưng Yên,Xã Lê Lợi
Tỉnh Thái Bình,Huyện Kiến Xương,Xã Minh Quang,Tỉnh Hưng Yên,Xã Bình Thanh
Tỉnh Thái Bình,Huyện Kiến Xương,Xã Nam Bình,Tỉnh Hưng Yên,Xã Bình Định
Tỉnh Thái Bình,Huyện Kiến Xương,Xã Quang Bình,Tỉnh Hưng Yên,Xã Kiến Xương
Tỉnh Thái Bình,Huyện Kiến Xương,Xã Quang Lịch,Tỉnh Hưng Yên,Xã Quang Lịch
Tỉnh Thái Bình,Huyện Kiến Xương,Xã Quang Minh,Tỉnh Hưng Yên,Xã Kiến Xương
Tỉnh Thái Bình,Huyện Kiến Xương,Xã Quang Trung,Tỉnh Hưng Yên,Xã Kiến Xương
Tỉnh Thái Bình,Huyện Kiến Xương,Xã Quốc Tuấn,Tỉnh Hưng Yên,Xã Trà Giang
Tỉnh Thái Bình,Huyện Kiến Xương,Xã Thanh Tân,Tỉnh Hưng Yên,Xã Bình Nguyên
Tỉnh Thái Bình,Huyện Kiến Xương,Xã Thống Nhất,Tỉnh Hưng Yên,Xã Lê Lợi
Tỉnh Thái Bình,Huyện Kiến Xương,Xã Trà Giang,Tỉnh Hưng Yên,Xã Trà Giang
Tỉnh Thái Bình,Huyện Kiến Xương,Xã Tây Sơn,Tỉnh Hưng Yên,Phường Trần Lãm
Tỉnh Thái Bình,Huyện Kiến Xương,Xã Vũ An,Tỉnh Hưng Yên,Xã Vũ Quý
Tỉnh Thái Bình,Huyện Kiến Xương,Xã Vũ Công,Tỉnh Hưng Yên,Xã Hồng Vũ
Tỉnh Thái Bình,Huyện Kiến Xương,Xã Vũ Lễ,Tỉnh Hưng Yên,Xã Quang Lịch
Tỉnh Thái Bình,Huyện Kiến Xương,Xã Vũ Ninh,Tỉnh Hưng Yên,Xã Vũ Quý
Tỉnh Thái Bình,Huyện Kiến Xương,Xã Vũ Trung,Tỉnh Hưng Yên,Xã Vũ Quý
Tỉnh Thái Bình,Huyện Quỳnh Phụ,Thị trấn An Bài,Tỉnh Hưng Yên,Xã Phụ Dực
Tỉnh Thái Bình,Huyện Quỳnh Phụ,Thị trấn Quỳnh Côi,Tỉnh Hưng Yên,Xã Quỳnh Phụ
Tỉnh Thái Bình,Huyện Quỳnh Phụ,Xã An Cầu,Tỉnh Hưng Yên,Xã Đồng Bằng
Tỉnh Thái Bình,Huyện Quỳnh Phụ,Xã An Dục,Tỉnh Hưng Yên,Xã Tân Tiến
Tỉnh Thái Bình,Huyện Quỳnh Phụ,Xã An Hiệp,Tỉnh Hưng Yên,Xã A Sào
Tỉnh Thái Bình,Huyện Quỳnh Phụ,Xã An Khê,Tỉnh Hưng Yên,Xã A Sào
Tỉnh Thái Bình,Huyện Quỳnh Phụ,Xã An Lễ,Tỉnh Hưng Yên,Xã Đồng Bằng
Tỉnh Thái Bình,Huyện Quỳnh Phụ,Xã An Mỹ,Tỉnh Hưng Yên,Xã Phụ Dực
Tỉnh Thái Bình,Huyện Quỳnh Phụ,Xã An Ninh,Tỉnh Hưng Yên,Xã Phụ Dực
Tỉnh Thái Bình,Huyện Quỳnh Phụ,Xã An Thanh,Tỉnh Hưng Yên,Xã Phụ Dực
Tỉnh Thái Bình,Huyện Quỳnh Phụ,Xã An Thái,Tỉnh Hưng Yên,Xã A Sào
Tỉnh Thái Bình,Huyện Quỳnh Phụ,Xã An Tràng,Tỉnh Hưng Yên,Xã Tân Tiến
Tỉnh Thái Bình,Huyện Quỳnh Phụ,Xã An Vinh,Tỉnh Hưng Yên,Xã Quỳnh An
Tỉnh Thái Bình,Huyện Quỳnh Phụ,Xã An Vũ,Tỉnh Hưng Yên,Xã Phụ Dực
Tỉnh Thái Bình,Huyện Quỳnh Phụ,Xã An Đồng,Tỉnh Hưng Yên,Xã A Sào
Tỉnh Thái Bình,Huyện Quỳnh Phụ,Xã An Ấp,Tỉnh Hưng Yên,Xã Đồng Bằng
Tỉnh Thái Bình,Huyện Quỳnh Phụ,Xã Châu Sơn,Tỉnh Hưng Yên,Xã Nguyễn Du
Tỉnh Thái Bình,Huyện Quỳnh Phụ,Xã Quỳnh Giao,Tỉnh Hưng Yên,Xã Minh Thọ
Tỉnh Thái Bình,Huyện Quỳnh Phụ,Xã Quỳnh Hoa,Tỉnh Hưng Yên,Xã Minh Thọ
Tỉnh Thái Bình,Huyện Quỳnh Phụ,Xã Quỳnh Hoàng,Tỉnh Hưng Yên,Xã Ngọc Lâm
Tỉnh Thái Bình,Huyện Quỳnh Phụ,Xã Quỳnh Hưng,Tỉnh Hưng Yên,Xã Quỳnh Phụ
Tỉnh Thái Bình,Huyện Quỳnh Phụ,Xã Quỳnh Hải,Tỉnh Hưng Yên,Xã Quỳnh Phụ
Tỉnh Thái Bình,Huyện Quỳnh Phụ,Xã Quỳnh Hồng,Tỉnh Hưng Yên,Xã Quỳnh Phụ
Tỉnh Thái Bình,Huyện Quỳnh Phụ,Xã Quỳnh Hội,Tỉnh Hưng Yên,Xã Quỳnh Phụ
Tỉnh Thái Bình,Huyện Quỳnh Phụ,Xã Quỳnh Khê,Tỉnh Hưng Yên,Xã Nguyễn Du
Tỉnh Thái Bình,Huyện Quỳnh Phụ,Xã Quỳnh Lâm,Tỉnh Hưng Yên,Xã Ngọc Lâm
Tỉnh Thái Bình,Huyện Quỳnh Phụ,Xã Quỳnh Minh,Tỉnh Hưng Yên,Xã Minh Thọ
Tỉnh Thái Bình,Huyện Quỳnh Phụ,Xã Quỳnh Mỹ,Tỉnh Hưng Yên,Xã Quỳnh Phụ
Tỉnh Thái Bình,Huyện Quỳnh Phụ,Xã Quỳnh Nguyên,Tỉnh Hưng Yên,Xã Nguyễn Du
Tỉnh Thái Bình,Huyện Quỳnh Phụ,Xã Quỳnh Ngọc,Tỉnh Hưng Yên,Xã Ngọc Lâm
Tỉnh Thái Bình,Huyện Quỳnh Phụ,Xã Quỳnh Thọ,Tỉnh Hưng Yên,Xã Minh Thọ
Tỉnh Thái Bình,Huyện Quỳnh Phụ,Xã Trang Bảo Xá,Tỉnh Hưng Yên,Xã Quỳnh An
Tỉnh Thái Bình,Huyện Quỳnh Phụ,Xã Đông Hải,Tỉnh Hưng Yên,Xã Quỳnh An
Tỉnh Thái Bình,Huyện Quỳnh Phụ,Xã Đồng Tiến,Tỉnh Hưng Yên,Xã Tân Tiến
Tỉnh Thái Bình,Huyện Thái Thụy,Thị trấn Diêm Điền,Tỉnh Hưng Yên,Xã Thái Thuỵ
Tỉnh Thái Bình,Huyện Thái Thụy,Xã An Tân,Tỉnh Hưng Yên,Xã Đông Thuỵ Anh
Tỉnh Thái Bình,Huyện Thái Thụy,Xã Dương Hồng Thủy,Tỉnh Hưng Yên,Xã Bắc Thái Ninh
Tỉnh Thái Bình,Huyện Thái Thụy,Xã Dương Phúc,Tỉnh Hưng Yên,Xã Thuỵ Anh
Tỉnh Thái Bình,Huyện Thái Thụy,Xã Hòa An,Tỉnh Hưng Yên,Xã Thái Ninh
Tỉnh Thái Bình,Huyện Thái Thụy,Xã Hồng Dũng,Tỉnh Hưng Yên,Xã Đông Thuỵ Anh
Tỉnh Thái Bình,Huyện Thái Thụy,Xã Mỹ Lộc,Tỉnh Hưng Yên,Xã Đông Thái Ninh
Tỉnh Thái Bình,Huyện Thái Thụy,Xã Sơn Hà,Tỉnh Hưng Yên,Xã Tây Thái Ninh
Tỉnh Thái Bình,Huyện Thái Thụy,Xã Thuần Thành,Tỉnh Hưng Yên,Xã Nam Thái Ninh
Tỉnh Thái Bình,Huyện Thái Thụy,Xã Thái Giang,Tỉnh Hưng Yên,Xã Tây Thái Ninh
Tỉnh Thái Bình,Huyện Thái Thụy,Xã Thái Hưng,Tỉnh Hưng Yên,Xã Thái Ninh
Tỉnh Thái Bình,Huyện Thái Thụy,Xã Thái Nguyên,Tỉnh Hưng Yên,Xã Thái Ninh
Tỉnh Thái Bình,Huyện Thái Thụy,Xã Thái Phúc,Tỉnh Hưng Yên,Xã Bắc Thái Ninh
Tỉnh Thái Bình,Huyện Thái Thụy,Xã Thái Thượng,Tỉnh Hưng Yên,Xã Thái Ninh
Tỉnh Thái Bình,Huyện Thái Thụy,Xã Thái Thịnh,Tỉnh Hưng Yên,Xã Nam Thái Ninh
Tỉnh Thái Bình,Huyện Thái Thụy,Xã Thái Thọ,Tỉnh Hưng Yên,Xã Nam Thái Ninh
Tỉnh Thái Bình,Huyện Thái Thụy,Xã Thái Xuyên,Tỉnh Hưng Yên,Xã Đông Thái Ninh
Tỉnh Thái Bình,Huyện Thái Thụy,Xã Thái Đô,Tỉnh Hưng Yên,Xã Đông Thái Ninh
Tỉnh Thái Bình,Huyện Thái Thụy,Xã Thụy Bình,Tỉnh Hưng Yên,Xã Thái Thuỵ
Tỉnh Thái Bình,Huyện Thái Thụy,Xã Thụy Chính,Tỉnh Hưng Yên,Xã Tây Thuỵ Anh
Tỉnh Thái Bình,Huyện Thái Thụy,Xã Thụy Duyên,Tỉnh Hưng Yên,Xã Nam Thuỵ Anh
Tỉnh Thái Bình,Huyện Thái Thụy,Xã Thụy Dân,Tỉnh Hưng Yên,Xã Tây Thuỵ Anh
Tỉnh Thái Bình,Huyện Thái Thụy,Xã Thụy Hưng,Tỉnh Hưng Yên,Xã Thuỵ Anh
Tỉnh Thái Bình,Huyện Thái Thụy,Xã Thụy Hải,Tỉnh Hưng Yên,Xã Thái Thuỵ
Tỉnh Thái Bình,Huyện Thái Thụy,Xã Thụy Liên,Tỉnh Hưng Yên,Xã Thái Thuỵ
Tỉnh Thái Bình,Huyện Thái Thụy,Xã Thụy Ninh,Tỉnh Hưng Yên,Xã Tây Thuỵ Anh
Tỉnh Thái Bình,Huyện Thái Thụy,Xã Thụy Phong,Tỉnh Hưng Yên,Xã Nam Thuỵ Anh
Tỉnh Thái Bình,Huyện Thái Thụy,Xã Thụy Quỳnh,Tỉnh Hưng Yên,Xã Bắc Thuỵ Anh
Tỉnh Thái Bình,Huyện Thái Thụy,Xã Thụy Sơn,Tỉnh Hưng Yên,Xã Thuỵ Anh
Tỉnh Thái Bình,Huyện Thái Thụy,Xã Thụy Thanh,Tỉnh Hưng Yên,Xã Nam Thuỵ Anh
Tỉnh Thái Bình,Huyện Thái Thụy,Xã Thụy Trình,Tỉnh Hưng Yên,Xã Thái Thuỵ
Tỉnh Thái Bình,Huyện Thái Thụy,Xã Thụy Trường,Tỉnh Hưng Yên,Xã Đông Thuỵ Anh
Tỉnh Thái Bình,Huyện Thái Thụy,Xã Thụy Việt,Tỉnh Hưng Yên,Xã Bắc Thuỵ Anh
Tỉnh Thái Bình,Huyện Thái Thụy,Xã Thụy Văn,Tỉnh Hưng Yên,Xã Bắc Thuỵ Anh
Tỉnh Thái Bình,Huyện Thái Thụy,Xã Thụy Xuân,Tỉnh Hưng Yên,Xã Đông Thuỵ Anh
Tỉnh Thái Bình,Huyện Thái Thụy,Xã Tân Học,Tỉnh Hưng Yên,Xã Đông Thái Ninh
Tỉnh Thái Bình,Huyện Tiền Hải,Thị trấn Tiền Hải,Tỉnh Hưng Yên,Xã Tiền Hải
Tỉnh Thái Bình,Huyện Tiền Hải,Xã An Ninh,Tỉnh Hưng Yên,Xã Tiền Hải
Tỉnh Thái Bình,Huyện Tiền Hải,Xã Bắc Hải,Tỉnh Hưng Yên,Xã Tây Tiền Hải
Tỉnh Thái Bình,Huyện Tiền Hải,Xã Nam Chính,Tỉnh Hưng Yên,Xã Nam Cường
Tỉnh Thái Bình,Huyện Tiền Hải,Xã Nam Cường,Tỉnh Hưng Yên,Xã Nam Cường
Tỉnh Thái Bình,Huyện Tiền Hải,Xã Nam Hà,Tỉnh Hưng Yên,Xã Nam Tiền Hải
Tỉnh Thái Bình,Huyện Tiền Hải,Xã Nam Hưng,Tỉnh Hưng Yên,Xã Hưng Phú
Tỉnh Thái Bình,Huyện Tiền Hải,Xã Nam Hải,Tỉnh Hưng Yên,Xã Nam Tiền Hải
Tỉnh Thái Bình,Huyện Tiền Hải,Xã Nam Hồng,Tỉnh Hưng Yên,Xã Nam Tiền Hải
Tỉnh Thái Bình,Huyện Tiền Hải,Xã Nam Phú,Tỉnh Hưng Yên,Xã Hưng Phú
Tỉnh Thái Bình,Huyện Tiền Hải,Xã Nam Thịnh,Tỉnh Hưng Yên,Xã Nam Cường
Tỉnh Thái Bình,Huyện Tiền Hải,Xã Nam Tiến,Tỉnh Hưng Yên,Xã Nam Cường
Tỉnh Thái Bình,Huyện Tiền Hải,Xã Nam Trung,Tỉnh Hưng Yên,Xã Hưng Phú
Tỉnh Thái Bình,Huyện Tiền Hải,Xã Phương Công,Tỉnh Hưng Yên,Xã Tây Tiền Hải
Tỉnh Thái Bình,Huyện Tiền Hải,Xã Tây Giang,Tỉnh Hưng Yên,Xã Ái Quốc
Tỉnh Thái Bình,Huyện Tiền Hải,Xã Tây Lương,Tỉnh Hưng Yên,Xã Tiền Hải
Tỉnh Thái Bình,Huyện Tiền Hải,Xã Tây Ninh,Tỉnh Hưng Yên,Xã Tiền Hải
Tỉnh Thái Bình,Huyện Tiền Hải,Xã Vân Trường,Tỉnh Hưng Yên,Xã Tây Tiền Hải
Tỉnh Thái Bình,Huyện Tiền Hải,Xã Vũ Lăng,Tỉnh Hưng Yên,Xã Tiền Hải
Tỉnh Thái Bình,Huyện Tiền Hải,Xã Ái Quốc,Tỉnh Hưng Yên,Xã Ái Quốc
Tỉnh Thái Bình,Huyện Tiền Hải,Xã Đông Cơ,Tỉnh Hưng Yên,Xã Đồng Châu
Tỉnh Thái Bình,Huyện Tiền Hải,Xã Đông Hoàng,Tỉnh Hưng Yên,Xã Đồng Châu
Tỉnh Thái Bình,Huyện Tiền Hải,Xã Đông Long,Tỉnh Hưng Yên,Xã Đông Tiền Hải
Tỉnh Thái Bình,Huyện Tiền Hải,Xã Đông Lâm,Tỉnh Hưng Yên,Xã Đồng Châu
Tỉnh Thái Bình,Huyện Tiền Hải,Xã Đông Minh,Tỉnh Hưng Yên,Xã Đồng Châu
Tỉnh Thái Bình,Huyện Tiền Hải,Xã Đông Quang,Tỉnh Hưng Yên,Xã Đông Tiền Hải
Tỉnh Thái Bình,Huyện Tiền Hải,Xã Đông Trà,Tỉnh Hưng Yên,Xã Đông Tiền Hải
Tỉnh Thái Bình,Huyện Tiền Hải,Xã Đông Xuyên,Tỉnh Hưng Yên,Xã Đông Tiền Hải
Tỉnh Thái Bình,Huyện Vũ Thư,Thị trấn Vũ Thư,Tỉnh Hưng Yên,Xã Vũ Thư
Tỉnh Thái Bình,Huyện Vũ Thư,Xã Bách Thuận,Tỉnh Hưng Yên,Xã Tân Thuận
Tỉnh Thái Bình,Huyện Vũ Thư,Xã Duy Nhất,Tỉnh Hưng Yên,Xã Vũ Tiên
Tỉnh Thái Bình,Huyện Vũ Thư,Xã Dũng Nghĩa,Tỉnh Hưng Yên,Xã Vũ Thư
Tỉnh Thái Bình,Huyện Vũ Thư,Xã Hiệp Hòa,Tỉnh Hưng Yên,Xã Thư Trì
Tỉnh Thái Bình,Huyện Vũ Thư,Xã Hồng Lý,Tỉnh Hưng Yên,Xã Vạn Xuân
Tỉnh Thái Bình,Huyện Vũ Thư,Xã Hồng Phong,Tỉnh Hưng Yên,Xã Vũ Tiên
Tỉnh Thái Bình,Huyện Vũ Thư,Xã Minh Lãng,Tỉnh Hưng Yên,Xã Thư Trì
Tỉnh Thái Bình,Huyện Vũ Thư,Xã Minh Quang,Tỉnh Hưng Yên,Xã Vũ Thư
Tỉnh Thái Bình,Huyện Vũ Thư,Xã Nguyên Xá,Tỉnh Hưng Yên,Phường Vũ Phúc
Tỉnh Thái Bình,Huyện Vũ Thư,Xã Phúc Thành,Tỉnh Hưng Yên,Phường Thái Bình
Tỉnh Thái Bình,Huyện Vũ Thư,Xã Song An,Tỉnh Hưng Yên,Phường Vũ Phúc
Tỉnh Thái Bình,Huyện Vũ Thư,Xã Song Lãng,Tỉnh Hưng Yên,Xã Thư Trì
Tỉnh Thái Bình,Huyện Vũ Thư,Xã Tam Quang,Tỉnh Hưng Yên,Xã Vũ Thư
Tỉnh Thái Bình,Huyện Vũ Thư,Xã Trung An,Tỉnh Hưng Yên,Phường Vũ Phúc
Tỉnh Thái Bình,Huyện Vũ Thư,Xã Tân Hòa,Tỉnh Hưng Yên,Phường Thái Bình
Tỉnh Thái Bình,Huyện Vũ Thư,Xã Tân Lập,Tỉnh Hưng Yên,Xã Tân Thuận
Tỉnh Thái Bình,Huyện Vũ Thư,Xã Tân Phong,Tỉnh Hưng Yên,Phường Thái Bình
Tỉnh Thái Bình,Huyện Vũ Thư,Xã Tự Tân,Tỉnh Hưng Yên,Xã Tân Thuận
Tỉnh Thái Bình,Huyện Vũ Thư,Xã Việt Hùng,Tỉnh Hưng Yên,Xã Vạn Xuân
Tỉnh Thái Bình,Huyện Vũ Thư,Xã Việt Thuận,Tỉnh Hưng Yên,Xã Thư Vũ
Tỉnh Thái Bình,Huyện Vũ Thư,Xã Vũ Hội,Tỉnh Hưng Yên,Xã Thư Vũ
Tỉnh Thái Bình,Huyện Vũ Thư,Xã Vũ Tiến,Tỉnh Hưng Yên,Xã Vũ Tiên
Tỉnh Thái Bình,Huyện Vũ Thư,Xã Vũ Vinh,Tỉnh Hưng Yên,Xã Thư Vũ
Tỉnh Thái Bình,Huyện Vũ Thư,Xã Vũ Vân,Tỉnh Hưng Yên,Xã Thư Vũ
Tỉnh Thái Bình,Huyện Vũ Thư,Xã Vũ Đoài,Tỉnh Hưng Yên,Xã Vũ Tiên
Tỉnh Thái Bình,Huyện Vũ Thư,Xã Xuân Hòa,Tỉnh Hưng Yên,Xã Vạn Xuân
Tỉnh Thái Bình,Huyện Vũ Thư,Xã Đồng Thanh,Tỉnh Hưng Yên,Xã Vạn Xuân
Tỉnh Thái Bình,Huyện Đông Hưng,Thị trấn Đông Hưng,Tỉnh Hưng Yên,Xã Đông Hưng
Tỉnh Thái Bình,Huyện Đông Hưng,Xã Hà Giang,Tỉnh Hưng Yên,Xã Bắc Đông Quan
Tỉnh Thái Bình,Huyện Đông Hưng,Xã Hồng Bạch,Tỉnh Hưng Yên,Xã Tiên Hưng
Tỉnh Thái Bình,Huyện Đông Hưng,Xã Hồng Giang,Tỉnh Hưng Yên,Xã Nam Tiên Hưng
Tỉnh Thái Bình,Huyện Đông Hưng,Xã Hồng Việt,Tỉnh Hưng Yên,Xã Tiên Hưng
Tỉnh Thái Bình,Huyện Đông Hưng,Xã Liên An Đô,Tỉnh Hưng Yên,Xã Bắc Tiên Hưng
Tỉnh Thái Bình,Huyện Đông Hưng,Xã Liên Hoa,Tỉnh Hưng Yên,Xã Nam Tiên Hưng
Tỉnh Thái Bình,Huyện Đông Hưng,Xã Lô Giang,Tỉnh Hưng Yên,Xã Bắc Tiên Hưng
Tỉnh Thái Bình,Huyện Đông Hưng,Xã Minh Phú,Tỉnh Hưng Yên,Xã Nam Tiên Hưng
Tỉnh Thái Bình,Huyện Đông Hưng,Xã Minh Tân,Tỉnh Hưng Yên,Xã Tiên Hưng
Tỉnh Thái Bình,Huyện Đông Hưng,Xã Mê Linh,Tỉnh Hưng Yên,Xã Bắc Tiên Hưng
Tỉnh Thái Bình,Huyện Đông Hưng,Xã Nguyên Xá,Tỉnh Hưng Yên,Xã Đông Hưng
Tỉnh Thái Bình,Huyện Đông Hưng,Xã Phong Dương Tiến,Tỉnh Hưng Yên,Xã Đông Tiên Hưng
Tỉnh Thái Bình,Huyện Đông Hưng,Xã Phú Châu,Tỉnh Hưng Yên,Xã Đông Tiên Hưng
Tỉnh Thái Bình,Huyện Đông Hưng,Xã Phú Lương,Tỉnh Hưng Yên,Xã Bắc Tiên Hưng
Tỉnh Thái Bình,Huyện Đông Hưng,Xã Thăng Long,Tỉnh Hưng Yên,Xã Tiên Hưng
Tỉnh Thái Bình,Huyện Đông Hưng,Xã Trọng Quan,Tỉnh Hưng Yên,Xã Nam Tiên Hưng
Tỉnh Thái Bình,Huyện Đông Hưng,Xã Xuân Quang Động,Tỉnh Hưng Yên,Xã Nam Đông Hưng
Tỉnh Thái Bình,Huyện Đông Hưng,Xã Đông Các,Tỉnh Hưng Yên,Xã Đông Hưng
Tỉnh Thái Bình,Huyện Đông Hưng,Xã Đông Cường,Tỉnh Hưng Yên,Xã Bắc Đông Hưng
Tỉnh Thái Bình,Huyện Đông Hưng,Xã Đông Dương,Tỉnh Hưng Yên,Phường Trà Lý
Tỉnh Thái Bình,Huyện Đông Hưng,Xã Đông Hoàng,Tỉnh Hưng Yên,Xã Nam Đông Hưng
Tỉnh Thái Bình,Huyện Đông Hưng,Xã Đông Hợp,Tỉnh Hưng Yên,Xã Đông Hưng
Tỉnh Thái Bình,Huyện Đông Hưng,Xã Đông Kinh,Tỉnh Hưng Yên,Xã Bắc Đông Quan
Tỉnh Thái Bình,Huyện Đông Hưng,Xã Đông La,Tỉnh Hưng Yên,Xã Đông Hưng
Tỉnh Thái Bình,Huyện Đông Hưng,Xã Đông Phương,Tỉnh Hưng Yên,Xã Bắc Đông Hưng
Tỉnh Thái Bình,Huyện Đông Hưng,Xã Đông Quan,Tỉnh Hưng Yên,Xã Đông Quan
Tỉnh Thái Bình,Huyện Đông Hưng,Xã Đông Sơn,Tỉnh Hưng Yên,Xã Đông Hưng
Tỉnh Thái Bình,Huyện Đông Hưng,Xã Đông Tân,Tỉnh Hưng Yên,Xã Đông Quan
Tỉnh Thái Bình,Huyện Đông Hưng,Xã Đông Vinh,Tỉnh Hưng Yên,Xã Bắc Đông Quan
Tỉnh Thái Bình,Huyện Đông Hưng,Xã Đông Xá,Tỉnh Hưng Yên,Xã Bắc Đông Hưng
Tỉnh Thái Bình,Huyện Đông Hưng,Xã Đông Á,Tỉnh Hưng Yên,Xã Đông Quan
Tỉnh Thái Bình,Thành phố Thái Bình,Phường Bồ Xuyên,Tỉnh Hưng Yên,Phường Thái Bình
Tỉnh Thái Bình,Thành phố Thái Bình,Phường Hoàng Diệu,Tỉnh Hưng Yên,Phường Trà Lý
Tỉnh Thái Bình,Thành phố Thái Bình,Phường Kỳ Bá,Tỉnh Hưng Yên,Phường Trần Lãm
Tỉnh Thái Bình,Thành phố Thái Bình,Phường Lê Hồng Phong,Tỉnh Hưng Yên,Phường Thái Bình
Tỉnh Thái Bình,Thành phố Thái Bình,Phường Phú Khánh,Tỉnh Hưng Yên,Phường Vũ Phúc
Tỉnh Thái Bình,Thành phố Thái Bình,Phường Quang Trung,Tỉnh Hưng Yên,Phường Trần Hưng Đạo
Tỉnh Thái Bình,Thành phố Thái Bình,Phường Tiền Phong,Tỉnh Hưng Yên,Phường Thái Bình
Tỉnh Thái Bình,Thành phố Thái Bình,Phường Trần Hưng Đạo,Tỉnh Hưng Yên,Phường Trần Hưng Đạo
Tỉnh Thái Bình,Thành phố Thái Bình,Phường Trần Lãm,Tỉnh Hưng Yên,Phường Trần Lãm
Tỉnh Thái Bình,Thành phố Thái Bình,Phường Đề Thám,Tỉnh Hưng Yên,Phường Trần Hưng Đạo
Tỉnh Thái Bình,Thành phố Thái Bình,Xã Phú Xuân,Tỉnh Hưng Yên,Phường Trần Hưng Đạo
Tỉnh Thái Bình,Thành phố Thái Bình,Xã Tân Bình,Tỉnh Hưng Yên,Phường Thái Bình
Tỉnh Thái Bình,Thành phố Thái Bình,Xã Vũ Chính,Tỉnh Hưng Yên,Phường Trần Lãm
Tỉnh Thái Bình,Thành phố Thái Bình,Xã Vũ Lạc,Tỉnh Hưng Yên,Phường Trần Lãm
Tỉnh Thái Bình,Thành phố Thái Bình,Xã Vũ Phúc,Tỉnh Hưng Yên,Phường Vũ Phúc
Tỉnh Thái Bình,Thành phố Thái Bình,Xã Vũ Đông,Tỉnh Hưng Yên,Phường Trần Lãm
Tỉnh Thái Bình,Thành phố Thái Bình,Xã Đông Hòa,Tỉnh Hưng Yên,Phường Trà Lý
Tỉnh Thái Bình,Thành phố Thái Bình,Xã Đông Mỹ,Tỉnh Hưng Yên,Phường Trà Lý
Tỉnh Thái Bình,Thành phố Thái Bình,Xã Đông Thọ,Tỉnh Hưng Yên,Phường Trà Lý
Tỉnh Thái Nguyên,Huyện Phú Bình,Thị trấn Hương Sơn,Tỉnh Thái Nguyên,Xã Phú Bình
Tỉnh Thái Nguyên,Huyện Phú Bình,Xã Bàn Đạt,Tỉnh Thái Nguyên,Xã Tân Khánh
Tỉnh Thái Nguyên,Huyện Phú Bình,Xã Bảo Lý,Tỉnh Thái Nguyên,Xã Phú Bình
Tỉnh Thái Nguyên,Huyện Phú Bình,Xã Dương Thành,Tỉnh Thái Nguyên,Xã Kha Sơn
Tỉnh Thái Nguyên,Huyện Phú Bình,Xã Hà Châu,Tỉnh Thái Nguyên,Xã Điềm Thuỵ
Tỉnh Thái Nguyên,Huyện Phú Bình,Xã Kha Sơn,Tỉnh Thái Nguyên,Xã Kha Sơn
Tỉnh Thái Nguyên,Huyện Phú Bình,Xã Lương Phú,Tỉnh Thái Nguyên,Xã Kha Sơn
Tỉnh Thái Nguyên,Huyện Phú Bình,Xã Nga My,Tỉnh Thái Nguyên,Xã Điềm Thuỵ
Tỉnh Thái Nguyên,Huyện Phú Bình,Xã Nhã Lộng,Tỉnh Thái Nguyên,Xã Phú Bình
Tỉnh Thái Nguyên,Huyện Phú Bình,Xã Thanh Ninh,Tỉnh Thái Nguyên,Xã Kha Sơn
Tỉnh Thái Nguyên,Huyện Phú Bình,Xã Thượng Đình,Tỉnh Thái Nguyên,Xã Phú Bình
Tỉnh Thái Nguyên,Huyện Phú Bình,Xã Thượng Đình,Tỉnh Thái Nguyên,Xã Điềm Thuỵ
Tỉnh Thái Nguyên,Huyện Phú Bình,Xã Tân Hòa,Tỉnh Thái Nguyên,Xã Tân Thành
Tỉnh Thái Nguyên,Huyện Phú Bình,Xã Tân Khánh,Tỉnh Thái Nguyên,Xã Tân Khánh
Tỉnh Thái Nguyên,Huyện Phú Bình,Xã Tân Kim,Tỉnh Thái Nguyên,Xã Tân Thành
Tỉnh Thái Nguyên,Huyện Phú Bình,Xã Tân Thành,Tỉnh Thái Nguyên,Xã Tân Thành
Tỉnh Thái Nguyên,Huyện Phú Bình,Xã Tân Đức,Tỉnh Thái Nguyên,Xã Kha Sơn
Tỉnh Thái Nguyên,Huyện Phú Bình,Xã Xuân Phương,Tỉnh Thái Nguyên,Xã Phú Bình
Tỉnh Thái Nguyên,Huyện Phú Bình,Xã Úc Kỳ,Tỉnh Thái Nguyên,Xã Phú Bình
Tỉnh Thái Nguyên,Huyện Phú Bình,Xã Điềm Thụy,Tỉnh Thái Nguyên,Xã Điềm Thuỵ
Tỉnh Thái Nguyên,Huyện Phú Bình,Xã Đào Xá,Tỉnh Thái Nguyên,Xã Tân Khánh
Tỉnh Thái Nguyên,Huyện Phú Lương,Thị trấn Giang Tiên,Tỉnh Thái Nguyên,Xã Phú Lương
Tỉnh Thái Nguyên,Huyện Phú Lương,Thị trấn Đu,Tỉnh Thái Nguyên,Xã Phú Lương
Tỉnh Thái Nguyên,Huyện Phú Lương,Xã Cổ Lũng,Tỉnh Thái Nguyên,Xã Vô Tranh
Tỉnh Thái Nguyên,Huyện Phú Lương,Xã Hợp Thành,Tỉnh Thái Nguyên,Xã Hợp Thành
Tỉnh Thái Nguyên,Huyện Phú Lương,Xã Phú Đô,Tỉnh Thái Nguyên,Xã Vô Tranh
Tỉnh Thái Nguyên,Huyện Phú Lương,Xã Phủ Lý,Tỉnh Thái Nguyên,Xã Hợp Thành
Tỉnh Thái Nguyên,Huyện Phú Lương,Xã Tức Tranh,Tỉnh Thái Nguyên,Xã Vô Tranh
Tỉnh Thái Nguyên,Huyện Phú Lương,Xã Vô Tranh,Tỉnh Thái Nguyên,Xã Vô Tranh
Tỉnh Thái Nguyên,Huyện Phú Lương,Xã Yên Lạc,Tỉnh Thái Nguyên,Xã Phú Lương
Tỉnh Thái Nguyên,Huyện Phú Lương,Xã Yên Ninh,Tỉnh Thái Nguyên,Xã Yên Trạch
Tỉnh Thái Nguyên,Huyện Phú Lương,Xã Yên Trạch,Tỉnh Thái Nguyên,Xã Yên Trạch
Tỉnh Thái Nguyên,Huyện Phú Lương,Xã Yên Đổ,Tỉnh Thái Nguyên,Xã Yên Trạch
Tỉnh Thái Nguyên,Huyện Phú Lương,Xã Ôn Lương,Tỉnh Thái Nguyên,Xã Hợp Thành
Tỉnh Thái Nguyên,Huyện Phú Lương,Xã Động Đạt,Tỉnh Thái Nguyên,Xã Phú Lương
Tỉnh Thái Nguyên,Huyện Võ Nhai,Thị trấn Đình Cả,Tỉnh Thái Nguyên,Xã Võ Nhai
Tỉnh Thái Nguyên,Huyện Võ Nhai,Xã Bình Long,Tỉnh Thái Nguyên,Xã Dân Tiến
Tỉnh Thái Nguyên,Huyện Võ Nhai,Xã Cúc Đường,Tỉnh Thái Nguyên,Xã La Hiên
Tỉnh Thái Nguyên,Huyện Võ Nhai,Xã Dân Tiến,Tỉnh Thái Nguyên,Xã Dân Tiến
Tỉnh Thái Nguyên,Huyện Võ Nhai,Xã La Hiên,Tỉnh Thái Nguyên,Xã La Hiên
Tỉnh Thái Nguyên,Huyện Võ Nhai,Xã Liên Minh,Tỉnh Thái Nguyên,Xã Tràng Xá
Tỉnh Thái Nguyên,Huyện Võ Nhai,Xã Lâu Thượng,Tỉnh Thái Nguyên,Xã Võ Nhai
Tỉnh Thái Nguyên,Huyện Võ Nhai,Xã Nghinh Tường,Tỉnh Thái Nguyên,Xã Nghinh Tường
Tỉnh Thái Nguyên,Huyện Võ Nhai,Xã Phú Thượng,Tỉnh Thái Nguyên,Xã Võ Nhai
Tỉnh Thái Nguyên,Huyện Võ Nhai,Xã Phương Giao,Tỉnh Thái Nguyên,Xã Dân Tiến
Tỉnh Thái Nguyên,Huyện Võ Nhai,Xã Thượng Nung,Tỉnh Thái Nguyên,Xã Thần Sa
Tỉnh Thái Nguyên,Huyện Võ Nhai,Xã Thần Xa,Tỉnh Thái Nguyên,Xã Thần Sa
Tỉnh Thái Nguyên,Huyện Võ Nhai,Xã Tràng Xá,Tỉnh Thái Nguyên,Xã Tràng Xá
Tỉnh Thái Nguyên,Huyện Võ Nhai,Xã Vũ Chấn,Tỉnh Thái Nguyên,Xã Nghinh Tường
Tỉnh Thái Nguyên,Huyện Đại Từ,Thị trấn Hùng Sơn,Tỉnh Thái Nguyên,Xã Đại Phúc
Tỉnh Thái Nguyên,Huyện Đại Từ,Thị trấn Quân Chu,Tỉnh Thái Nguyên,Xã Quân Chu
Tỉnh Thái Nguyên,Huyện Đại Từ,Xã An Khánh,Tỉnh Thái Nguyên,Xã An Khánh
Tỉnh Thái Nguyên,Huyện Đại Từ,Xã Bình Thuận,Tỉnh Thái Nguyên,Xã Đại Từ
Tỉnh Thái Nguyên,Huyện Đại Từ,Xã Bản Ngoại,Tỉnh Thái Nguyên,Xã Phú Thịnh
Tỉnh Thái Nguyên,Huyện Đại Từ,Xã Cát Nê,Tỉnh Thái Nguyên,Xã Quân Chu
Tỉnh Thái Nguyên,Huyện Đại Từ,Xã Cù Vân,Tỉnh Thái Nguyên,Xã An Khánh
Tỉnh Thái Nguyên,Huyện Đại Từ,Xã Hoàng Nông,Tỉnh Thái Nguyên,Xã La Bằng
Tỉnh Thái Nguyên,Huyện Đại Từ,Xã Hà Thượng,Tỉnh Thái Nguyên,Xã An Khánh
Tỉnh Thái Nguyên,Huyện Đại Từ,Xã Khôi Kỳ,Tỉnh Thái Nguyên,Xã Đại Từ
Tỉnh Thái Nguyên,Huyện Đại Từ,Xã La Bằng,Tỉnh Thái Nguyên,Xã La Bằng
Tỉnh Thái Nguyên,Huyện Đại Từ,Xã Lục Ba,Tỉnh Thái Nguyên,Xã Đại Từ
Tỉnh Thái Nguyên,Huyện Đại Từ,Xã Minh Tiến,Tỉnh Thái Nguyên,Xã Đức Lương
Tỉnh Thái Nguyên,Huyện Đại Từ,Xã Mỹ Yên,Tỉnh Thái Nguyên,Xã Đại Từ
Tỉnh Thái Nguyên,Huyện Đại Từ,Xã Phú Cường,Tỉnh Thái Nguyên,Xã Phú Thịnh
Tỉnh Thái Nguyên,Huyện Đại Từ,Xã Phú Lạc,Tỉnh Thái Nguyên,Xã Phú Lạc
Tỉnh Thái Nguyên,Huyện Đại Từ,Xã Phú Thịnh,Tỉnh Thái Nguyên,Xã Phú Thịnh
Tỉnh Thái Nguyên,Huyện Đại Từ,Xã Phú Xuyên,Tỉnh Thái Nguyên,Xã Phú Xuyên
Tỉnh Thái Nguyên,Huyện Đại Từ,Xã Phúc Lương,Tỉnh Thái Nguyên,Xã Đức Lương
Tỉnh Thái Nguyên,Huyện Đại Từ,Xã Phục Linh,Tỉnh Thái Nguyên,Xã Phú Lạc
Tỉnh Thái Nguyên,Huyện Đại Từ,Xã Tiên Hội,Tỉnh Thái Nguyên,Xã La Bằng
Tỉnh Thái Nguyên,Huyện Đại Từ,Xã Tân Linh,Tỉnh Thái Nguyên,Xã Phú Lạc
Tỉnh Thái Nguyên,Huyện Đại Từ,Xã Tân Thái,Tỉnh Thái Nguyên,Xã Đại Phúc
Tỉnh Thái Nguyên,Huyện Đại Từ,Xã Văn Yên,Tỉnh Thái Nguyên,Xã Vạn Phú
Tỉnh Thái Nguyên,Huyện Đại Từ,Xã Vạn Phú,Tỉnh Thái Nguyên,Xã Vạn Phú
Tỉnh Thái Nguyên,Huyện Đại Từ,Xã Yên Lãng,Tỉnh Thái Nguyên,Xã Phú Xuyên
Tỉnh Thái Nguyên,Huyện Đại Từ,Xã Đức Lương,Tỉnh Thái Nguyên,Xã Đức Lương
Tỉnh Thái Nguyên,Huyện Định Hóa,Thị trấn Chợ Chu,Tỉnh Thái Nguyên,Xã Định Hoá
Tỉnh Thái Nguyên,Huyện Định Hóa,Xã Bình Thành,Tỉnh Thái Nguyên,Xã Bình Thành
Tỉnh Thái Nguyên,Huyện Định Hóa,Xã Bình Yên,Tỉnh Thái Nguyên,Xã Bình Yên
Tỉnh Thái Nguyên,Huyện Định Hóa,Xã Bảo Linh,Tỉnh Thái Nguyên,Xã Định Hoá
Tỉnh Thái Nguyên,Huyện Định Hóa,Xã Bộc Nhiêu,Tỉnh Thái Nguyên,Xã Trung Hội
Tỉnh Thái Nguyên,Huyện Định Hóa,Xã Kim Phượng,Tỉnh Thái Nguyên,Xã Kim Phượng
Tỉnh Thái Nguyên,Huyện Định Hóa,Xã Lam Vỹ,Tỉnh Thái Nguyên,Xã Lam Vỹ
Tỉnh Thái Nguyên,Huyện Định Hóa,Xã Linh Thông,Tỉnh Thái Nguyên,Xã Lam Vỹ
Tỉnh Thái Nguyên,Huyện Định Hóa,Xã Phú Tiến,Tỉnh Thái Nguyên,Xã Trung Hội
Tỉnh Thái Nguyên,Huyện Định Hóa,Xã Phú Đình,Tỉnh Thái Nguyên,Xã Phú Đình
Tỉnh Thái Nguyên,Huyện Định Hóa,Xã Phúc Chu,Tỉnh Thái Nguyên,Xã Định Hoá
Tỉnh Thái Nguyên,Huyện Định Hóa,Xã Phượng Tiến,Tỉnh Thái Nguyên,Xã Phượng Tiến
Tỉnh Thái Nguyên,Huyện Định Hóa,Xã Quy Kỳ,Tỉnh Thái Nguyên,Xã Kim Phượng
Tỉnh Thái Nguyên,Huyện Định Hóa,Xã Sơn Phú,Tỉnh Thái Nguyên,Xã Bình Thành
Tỉnh Thái Nguyên,Huyện Định Hóa,Xã Thanh Định,Tỉnh Thái Nguyên,Xã Bình Yên
Tỉnh Thái Nguyên,Huyện Định Hóa,Xã Trung Hội,Tỉnh Thái Nguyên,Xã Trung Hội
Tỉnh Thái Nguyên,Huyện Định Hóa,Xã Trung Lương,Tỉnh Thái Nguyên,Xã Bình Yên
Tỉnh Thái Nguyên,Huyện Định Hóa,Xã Tân Dương,Tỉnh Thái Nguyên,Xã Phượng Tiến
Tỉnh Thái Nguyên,Huyện Định Hóa,Xã Tân Thịnh,Tỉnh Thái Nguyên,Xã Phượng Tiến
Tỉnh Thái Nguyên,Huyện Định Hóa,Xã Điềm Mặc,Tỉnh Thái Nguyên,Xã Phú Đình
Tỉnh Thái Nguyên,Huyện Định Hóa,Xã Định Biên,Tỉnh Thái Nguyên,Xã Bình Yên
Tỉnh Thái Nguyên,Huyện Định Hóa,Xã Đồng Thịnh,Tỉnh Thái Nguyên,Xã Định Hoá
Tỉnh Thái Nguyên,Huyện Đồng Hỷ,Thị trấn Hóa Thượng,Tỉnh Thái Nguyên,Xã Đồng Hỷ
Tỉnh Thái Nguyên,Huyện Đồng Hỷ,Thị trấn Sông Cầu,Tỉnh Thái Nguyên,Xã Đồng Hỷ
Tỉnh Thái Nguyên,Huyện Đồng Hỷ,Thị trấn Trại Cau,Tỉnh Thái Nguyên,Xã Trại Cau
Tỉnh Thái Nguyên,Huyện Đồng Hỷ,Xã Cây Thị,Tỉnh Thái Nguyên,Xã Nam Hoà
Tỉnh Thái Nguyên,Huyện Đồng Hỷ,Xã Hòa Bình,Tỉnh Thái Nguyên,Xã Văn Lăng
Tỉnh Thái Nguyên,Huyện Đồng Hỷ,Xã Hóa Trung,Tỉnh Thái Nguyên,Xã Đồng Hỷ
Tỉnh Thái Nguyên,Huyện Đồng Hỷ,Xã Hợp Tiến,Tỉnh Thái Nguyên,Xã Trại Cau
Tỉnh Thái Nguyên,Huyện Đồng Hỷ,Xã Khe Mo,Tỉnh Thái Nguyên,Xã Văn Hán
Tỉnh Thái Nguyên,Huyện Đồng Hỷ,Xã Minh Lập,Tỉnh Thái Nguyên,Xã Đồng Hỷ
Tỉnh Thái Nguyên,Huyện Đồng Hỷ,Xã Nam Hòa,Tỉnh Thái Nguyên,Xã Nam Hoà
Tỉnh Thái Nguyên,Huyện Đồng Hỷ,Xã Quang Sơn,Tỉnh Thái Nguyên,Xã Quang Sơn
Tỉnh Thái Nguyên,Huyện Đồng Hỷ,Xã Tân Long,Tỉnh Thái Nguyên,Xã Quang Sơn
Tỉnh Thái Nguyên,Huyện Đồng Hỷ,Xã Văn Hán,Tỉnh Thái Nguyên,Xã Văn Hán
Tỉnh Thái Nguyên,Huyện Đồng Hỷ,Xã Văn Lăng,Tỉnh Thái Nguyên,Xã Văn Lăng
Tỉnh Thái Nguyên,Thành phố Phổ Yên,Phường Ba Hàng,Tỉnh Thái Nguyên,Phường Phổ Yên
Tỉnh Thái Nguyên,Thành phố Phổ Yên,Phường Bãi Bông,Tỉnh Thái Nguyên,Phường Phổ Yên
Tỉnh Thái Nguyên,Thành phố Phổ Yên,Phường Bắc Sơn,Tỉnh Thái Nguyên,Phường Phúc Thuận
Tỉnh Thái Nguyên,Thành phố Phổ Yên,Phường Hồng Tiến,Tỉnh Thái Nguyên,Phường Phổ Yên
Tỉnh Thái Nguyên,Thành phố Phổ Yên,Phường Nam Tiến,Tỉnh Thái Nguyên,Phường Vạn Xuân
Tỉnh Thái Nguyên,Thành phố Phổ Yên,Phường Thuận Thành,Tỉnh Thái Nguyên,Phường Trung Thành
Tỉnh Thái Nguyên,Thành phố Phổ Yên,Phường Tiên Phong,Tỉnh Thái Nguyên,Phường Vạn Xuân
Tỉnh Thái Nguyên,Thành phố Phổ Yên,Phường Tân Hương,Tỉnh Thái Nguyên,Phường Vạn Xuân
Tỉnh Thái Nguyên,Thành phố Phổ Yên,Phường Tân Phú,Tỉnh Thái Nguyên,Phường Trung Thành
Tỉnh Thái Nguyên,Thành phố Phổ Yên,Phường Đông Cao,Tỉnh Thái Nguyên,Phường Trung Thành
Tỉnh Thái Nguyên,Thành phố Phổ Yên,Phường Đồng Tiến,Tỉnh Thái Nguyên,Phường Vạn Xuân
Tỉnh Thái Nguyên,Thành phố Phổ Yên,Xã Minh Đức,Tỉnh Thái Nguyên,Phường Phúc Thuận
Tỉnh Thái Nguyên,Thành phố Phổ Yên,Xã Phúc Thuận,Tỉnh Thái Nguyên,Phường Phúc Thuận
Tỉnh Thái Nguyên,Thành phố Phổ Yên,Xã Phúc Tân,Tỉnh Thái Nguyên,Xã Đại Phúc
Tỉnh Thái Nguyên,Thành phố Phổ Yên,Xã Thành Công,Tỉnh Thái Nguyên,Xã Thành Công
Tỉnh Thái Nguyên,Thành phố Phổ Yên,Xã Vạn Phái,Tỉnh Thái Nguyên,Xã Thành Công
Tỉnh Thái Nguyên,Thành phố Sông Công,Phường Bách Quang,Tỉnh Thái Nguyên,Phường Bách Quang
Tỉnh Thái Nguyên,Thành phố Sông Công,Phường Châu Sơn,Tỉnh Thái Nguyên,Phường Bá Xuyên
Tỉnh Thái Nguyên,Thành phố Sông Công,Phường Cải Đan,Tỉnh Thái Nguyên,Phường Sông Công
Tỉnh Thái Nguyên,Thành phố Sông Công,Phường Lương Sơn,Tỉnh Thái Nguyên,Phường Bách Quang
Tỉnh Thái Nguyên,Thành phố Sông Công,Phường Mỏ Chè,Tỉnh Thái Nguyên,Phường Bá Xuyên
Tỉnh Thái Nguyên,Thành phố Sông Công,Phường Phố Cò,Tỉnh Thái Nguyên,Phường Sông Công
Tỉnh Thái Nguyên,Thành phố Sông Công,Phường Thắng Lợi,Tỉnh Thái Nguyên,Phường Sông Công
Tỉnh Thái Nguyên,Thành phố Sông Công,Xã Bá Xuyên,Tỉnh Thái Nguyên,Phường Bá Xuyên
Tỉnh Thái Nguyên,Thành phố Sông Công,Xã Bình Sơn,Tỉnh Thái Nguyên,Xã Tân Cương
Tỉnh Thái Nguyên,Thành phố Sông Công,Xã Tân Quang,Tỉnh Thái Nguyên,Phường Bách Quang
Tỉnh Thái Nguyên,Thành phố Thái Nguyên,Phường Cam Giá,Tỉnh Thái Nguyên,Phường Gia Sàng
Tỉnh Thái Nguyên,Thành phố Thái Nguyên,Phường Cam Giá,Tỉnh Thái Nguyên,Phường Tích Lương
Tỉnh Thái Nguyên,Thành phố Thái Nguyên,Phường Chùa Hang,Tỉnh Thái Nguyên,Phường Linh Sơn
Tỉnh Thái Nguyên,Thành phố Thái Nguyên,Phường Gia Sàng,Tỉnh Thái Nguyên,Phường Gia Sàng
Tỉnh Thái Nguyên,Thành phố Thái Nguyên,Phường Gia Sàng,Tỉnh Thái Nguyên,Phường Phan Đình Phùng
Tỉnh Thái Nguyên,Thành phố Thái Nguyên,Phường Hoàng Văn Thụ,Tỉnh Thái Nguyên,Phường Phan Đình Phùng
Tỉnh Thái Nguyên,Thành phố Thái Nguyên,Phường Hương Sơn,Tỉnh Thái Nguyên,Phường Gia Sàng
Tỉnh Thái Nguyên,Thành phố Thái Nguyên,Phường Phan Đình Phùng,Tỉnh Thái Nguyên,Phường Phan Đình Phùng
Tỉnh Thái Nguyên,Thành phố Thái Nguyên,Phường Phú Xá,Tỉnh Thái Nguyên,Phường Tích Lương
Tỉnh Thái Nguyên,Thành phố Thái Nguyên,Phường Quang Trung,Tỉnh Thái Nguyên,Phường Phan Đình Phùng
Tỉnh Thái Nguyên,Thành phố Thái Nguyên,Phường Quang Vinh,Tỉnh Thái Nguyên,Phường Quan Triều
Tỉnh Thái Nguyên,Thành phố Thái Nguyên,Phường Thịnh Đán,Tỉnh Thái Nguyên,Phường Quyết Thắng
Tỉnh Thái Nguyên,Thành phố Thái Nguyên,Phường Trung Thành,Tỉnh Thái Nguyên,Phường Tích Lương
Tỉnh Thái Nguyên,Thành phố Thái Nguyên,Phường Trưng Vương,Tỉnh Thái Nguyên,Phường Phan Đình Phùng
Tỉnh Thái Nguyên,Thành phố Thái Nguyên,Phường Tân Long,Tỉnh Thái Nguyên,Phường Quan Triều
Tỉnh Thái Nguyên,Thành phố Thái Nguyên,Phường Tân Lập,Tỉnh Thái Nguyên,Phường Tích Lương
Tỉnh Thái Nguyên,Thành phố Thái Nguyên,Phường Tân Thành,Tỉnh Thái Nguyên,Phường Tích Lương
Tỉnh Thái Nguyên,Thành phố Thái Nguyên,Phường Tân Thịnh,Tỉnh Thái Nguyên,Phường Phan Đình Phùng
Tỉnh Thái Nguyên,Thành phố Thái Nguyên,Phường Tích Lương,Tỉnh Thái Nguyên,Phường Tích Lương
Tỉnh Thái Nguyên,Thành phố Thái Nguyên,Phường Túc Duyên,Tỉnh Thái Nguyên,Phường Phan Đình Phùng
Tỉnh Thái Nguyên,Thành phố Thái Nguyên,Phường Đồng Bẩm,Tỉnh Thái Nguyên,Phường Linh Sơn
Tỉnh Thái Nguyên,Thành phố Thái Nguyên,Phường Đồng Quang,Tỉnh Thái Nguyên,Phường Phan Đình Phùng
Tỉnh Thái Nguyên,Thành phố Thái Nguyên,Xã Cao Ngạn,Tỉnh Thái Nguyên,Phường Linh Sơn
Tỉnh Thái Nguyên,Thành phố Thái Nguyên,Xã Huống Thượng,Tỉnh Thái Nguyên,Phường Linh Sơn
Tỉnh Thái Nguyên,Thành phố Thái Nguyên,Xã Linh Sơn,Tỉnh Thái Nguyên,Phường Linh Sơn
Tỉnh Thái Nguyên,Thành phố Thái Nguyên,Xã Phúc Hà,Tỉnh Thái Nguyên,Phường Quyết Thắng
Tỉnh Thái Nguyên,Thành phố Thái Nguyên,Xã Phúc Trìu,Tỉnh Thái Nguyên,Xã Đại Phúc
Tỉnh Thái Nguyên,Thành phố Thái Nguyên,Xã Phúc Xuân,Tỉnh Thái Nguyên,Xã Đại Phúc
Tỉnh Thái Nguyên,Thành phố Thái Nguyên,Xã Quyết Thắng,Tỉnh Thái Nguyên,Phường Quyết Thắng
Tỉnh Thái Nguyên,Thành phố Thái Nguyên,Xã Sơn Cẩm,Tỉnh Thái Nguyên,Phường Quan Triều
Tỉnh Thái Nguyên,Thành phố Thái Nguyên,Xã Thịnh Đức,Tỉnh Thái Nguyên,Xã Tân Cương
Tỉnh Thái Nguyên,Thành phố Thái Nguyên,Xã Tân Cương,Tỉnh Thái Nguyên,Xã Tân Cương
Tỉnh Thái Nguyên,Thành phố Thái Nguyên,Xã Đồng Liên,Tỉnh Thái Nguyên,Phường Gia Sàng
Tỉnh Tiền Giang,Huyện Cai Lậy,Thị trấn Bình Phú,Tỉnh Đồng Tháp,Xã Bình Phú
Tỉnh Tiền Giang,Huyện Cai Lậy,Xã Cẩm Sơn,Tỉnh Đồng Tháp,Xã Bình Phú
Tỉnh Tiền Giang,Huyện Cai Lậy,Xã Hiệp Đức,Tỉnh Đồng Tháp,Xã Hiệp Đức
Tỉnh Tiền Giang,Huyện Cai Lậy,Xã Hội Xuân,Tỉnh Đồng Tháp,Xã Hiệp Đức
Tỉnh Tiền Giang,Huyện Cai Lậy,Xã Long Tiên,Tỉnh Đồng Tháp,Xã Long Tiên
Tỉnh Tiền Giang,Huyện Cai Lậy,Xã Long Trung,Tỉnh Đồng Tháp,Xã Long Tiên
Tỉnh Tiền Giang,Huyện Cai Lậy,Xã Mỹ Long,Tỉnh Đồng Tháp,Xã Long Tiên
Tỉnh Tiền Giang,Huyện Cai Lậy,Xã Mỹ Thành Bắc,Tỉnh Đồng Tháp,Xã Mỹ Thành
Tỉnh Tiền Giang,Huyện Cai Lậy,Xã Mỹ Thành Nam,Tỉnh Đồng Tháp,Xã Mỹ Thành
Tỉnh Tiền Giang,Huyện Cai Lậy,Xã Ngũ Hiệp,Tỉnh Đồng Tháp,Xã Ngũ Hiệp
Tỉnh Tiền Giang,Huyện Cai Lậy,Xã Phú An,Tỉnh Đồng Tháp,Xã Bình Phú
Tỉnh Tiền Giang,Huyện Cai Lậy,Xã Phú Cường,Tỉnh Đồng Tháp,Xã Thạnh Phú
Tỉnh Tiền Giang,Huyện Cai Lậy,Xã Phú Nhuận,Tỉnh Đồng Tháp,Xã Mỹ Thành
Tỉnh Tiền Giang,Huyện Cai Lậy,Xã Tam Bình,Tỉnh Đồng Tháp,Xã Ngũ Hiệp
Tỉnh Tiền Giang,Huyện Cai Lậy,Xã Thạnh Lộc,Tỉnh Đồng Tháp,Xã Thạnh Phú
Tỉnh Tiền Giang,Huyện Cai Lậy,Xã Tân Phong,Tỉnh Đồng Tháp,Xã Hiệp Đức
Tỉnh Tiền Giang,Huyện Châu Thành,Thị trấn Tân Hiệp,Tỉnh Đồng Tháp,Xã Châu Thành
Tỉnh Tiền Giang,Huyện Châu Thành,Xã Bàn Long,Tỉnh Đồng Tháp,Xã Vĩnh Kim
Tỉnh Tiền Giang,Huyện Châu Thành,Xã Bình Trưng,Tỉnh Đồng Tháp,Xã Bình Trưng
Tỉnh Tiền Giang,Huyện Châu Thành,Xã Bình Đức,Tỉnh Đồng Tháp,Xã Kim Sơn
Tỉnh Tiền Giang,Huyện Châu Thành,Xã Kim Sơn,Tỉnh Đồng Tháp,Xã Kim Sơn
Tỉnh Tiền Giang,Huyện Châu Thành,Xã Long An,Tỉnh Đồng Tháp,Xã Châu Thành
Tỉnh Tiền Giang,Huyện Châu Thành,Xã Long Hưng,Tỉnh Đồng Tháp,Xã Long Hưng
Tỉnh Tiền Giang,Huyện Châu Thành,Xã Long Định,Tỉnh Đồng Tháp,Xã Long Định
Tỉnh Tiền Giang,Huyện Châu Thành,Xã Nhị Bình,Tỉnh Đồng Tháp,Xã Long Định
Tỉnh Tiền Giang,Huyện Châu Thành,Xã Phú Phong,Tỉnh Đồng Tháp,Xã Vĩnh Kim
Tỉnh Tiền Giang,Huyện Châu Thành,Xã Song Thuận,Tỉnh Đồng Tháp,Xã Kim Sơn
Tỉnh Tiền Giang,Huyện Châu Thành,Xã Tam Hiệp,Tỉnh Đồng Tháp,Xã Long Hưng
Tỉnh Tiền Giang,Huyện Châu Thành,Xã Thân Cửu Nghĩa,Tỉnh Đồng Tháp,Xã Châu Thành
Tỉnh Tiền Giang,Huyện Châu Thành,Xã Thạnh Phú,Tỉnh Đồng Tháp,Xã Long Hưng
Tỉnh Tiền Giang,Huyện Châu Thành,Xã Tân Hương,Tỉnh Đồng Tháp,Xã Tân Hương
Tỉnh Tiền Giang,Huyện Châu Thành,Xã Tân Hội Đông,Tỉnh Đồng Tháp,Xã Tân Hương
Tỉnh Tiền Giang,Huyện Châu Thành,Xã Tân Lý Đông,Tỉnh Đồng Tháp,Xã Tân Hương
Tỉnh Tiền Giang,Huyện Châu Thành,Xã Vĩnh Kim,Tỉnh Đồng Tháp,Xã Vĩnh Kim
Tỉnh Tiền Giang,Huyện Châu Thành,Xã Điềm Hy,Tỉnh Đồng Tháp,Xã Bình Trưng
Tỉnh Tiền Giang,Huyện Châu Thành,Xã Đông Hòa,Tỉnh Đồng Tháp,Xã Long Định
Tỉnh Tiền Giang,Huyện Chợ Gạo,Thị trấn Chợ Gạo,Tỉnh Đồng Tháp,Xã Chợ Gạo
Tỉnh Tiền Giang,Huyện Chợ Gạo,Xã An Thạnh Thủy,Tỉnh Đồng Tháp,Xã An Thạnh Thuỷ
Tỉnh Tiền Giang,Huyện Chợ Gạo,Xã Bình Ninh,Tỉnh Đồng Tháp,Xã Bình Ninh
Tỉnh Tiền Giang,Huyện Chợ Gạo,Xã Bình Phan,Tỉnh Đồng Tháp,Xã An Thạnh Thuỷ
Tỉnh Tiền Giang,Huyện Chợ Gạo,Xã Bình Phục Nhứt,Tỉnh Đồng Tháp,Xã An Thạnh Thuỷ
Tỉnh Tiền Giang,Huyện Chợ Gạo,Xã Hòa Tịnh,Tỉnh Đồng Tháp,Xã Mỹ Tịnh An
Tỉnh Tiền Giang,Huyện Chợ Gạo,Xã Hòa Định,Tỉnh Đồng Tháp,Xã Bình Ninh
Tỉnh Tiền Giang,Huyện Chợ Gạo,Xã Long Bình Điền,Tỉnh Đồng Tháp,Xã Chợ Gạo
Tỉnh Tiền Giang,Huyện Chợ Gạo,Xã Lương Hòa Lạc,Tỉnh Đồng Tháp,Xã Lương Hoà Lạc
Tỉnh Tiền Giang,Huyện Chợ Gạo,Xã Mỹ Tịnh An,Tỉnh Đồng Tháp,Xã Mỹ Tịnh An
Tỉnh Tiền Giang,Huyện Chợ Gạo,Xã Phú Kiết,Tỉnh Đồng Tháp,Xã Lương Hoà Lạc
Tỉnh Tiền Giang,Huyện Chợ Gạo,Xã Quơn Long,Tỉnh Đồng Tháp,Xã Tân Thuận Bình
Tỉnh Tiền Giang,Huyện Chợ Gạo,Xã Song Bình,Tỉnh Đồng Tháp,Xã Chợ Gạo
Tỉnh Tiền Giang,Huyện Chợ Gạo,Xã Thanh Bình,Tỉnh Đồng Tháp,Xã Lương Hoà Lạc
Tỉnh Tiền Giang,Huyện Chợ Gạo,Xã Trung Hòa,Tỉnh Đồng Tháp,Xã Mỹ Tịnh An
Tỉnh Tiền Giang,Huyện Chợ Gạo,Xã Tân Bình Thạnh,Tỉnh Đồng Tháp,Xã Mỹ Tịnh An
Tỉnh Tiền Giang,Huyện Chợ Gạo,Xã Tân Thuận Bình,Tỉnh Đồng Tháp,Xã Tân Thuận Bình
Tỉnh Tiền Giang,Huyện Chợ Gạo,Xã Xuân Đông,Tỉnh Đồng Tháp,Xã Bình Ninh
Tỉnh Tiền Giang,Huyện Chợ Gạo,Xã Đăng Hưng Phước,Tỉnh Đồng Tháp,Xã Tân Thuận Bình
Tỉnh Tiền Giang,Huyện Cái Bè,Thị trấn Cái Bè,Tỉnh Đồng Tháp,Xã Cái Bè
Tỉnh Tiền Giang,Huyện Cái Bè,Xã An Cư,Tỉnh Đồng Tháp,Xã Hội Cư
Tỉnh Tiền Giang,Huyện Cái Bè,Xã An Hữu,Tỉnh Đồng Tháp,Xã An Hữu
Tỉnh Tiền Giang,Huyện Cái Bè,Xã An Thái Trung,Tỉnh Đồng Tháp,Xã Thanh Hưng
Tỉnh Tiền Giang,Huyện Cái Bè,Xã An Thái Đông,Tỉnh Đồng Tháp,Xã Mỹ Lợi
Tỉnh Tiền Giang,Huyện Cái Bè,Xã Hòa Hưng,Tỉnh Đồng Tháp,Xã An Hữu
Tỉnh Tiền Giang,Huyện Cái Bè,Xã Hòa Khánh,Tỉnh Đồng Tháp,Xã Cái Bè
Tỉnh Tiền Giang,Huyện Cái Bè,Xã Hậu Mỹ Bắc A,Tỉnh Đồng Tháp,Xã Hậu Mỹ
Tỉnh Tiền Giang,Huyện Cái Bè,Xã Hậu Mỹ Bắc B,Tỉnh Đồng Tháp,Xã Hậu Mỹ
Tỉnh Tiền Giang,Huyện Cái Bè,Xã Hậu Mỹ Phú,Tỉnh Đồng Tháp,Xã Hội Cư
Tỉnh Tiền Giang,Huyện Cái Bè,Xã Hậu Mỹ Trinh,Tỉnh Đồng Tháp,Xã Hậu Mỹ
Tỉnh Tiền Giang,Huyện Cái Bè,Xã Hậu Thành,Tỉnh Đồng Tháp,Xã Hội Cư
Tỉnh Tiền Giang,Huyện Cái Bè,Xã Mỹ Hội,Tỉnh Đồng Tháp,Xã Hội Cư
Tỉnh Tiền Giang,Huyện Cái Bè,Xã Mỹ Lương,Tỉnh Đồng Tháp,Xã An Hữu
Tỉnh Tiền Giang,Huyện Cái Bè,Xã Mỹ Lợi A,Tỉnh Đồng Tháp,Xã Mỹ Lợi
Tỉnh Tiền Giang,Huyện Cái Bè,Xã Mỹ Lợi B,Tỉnh Đồng Tháp,Xã Mỹ Lợi
Tỉnh Tiền Giang,Huyện Cái Bè,Xã Mỹ Trung,Tỉnh Đồng Tháp,Xã Mỹ Thiện
Tỉnh Tiền Giang,Huyện Cái Bè,Xã Mỹ Tân,Tỉnh Đồng Tháp,Xã Mỹ Thiện
Tỉnh Tiền Giang,Huyện Cái Bè,Xã Mỹ Đức Tây,Tỉnh Đồng Tháp,Xã Mỹ Đức Tây
Tỉnh Tiền Giang,Huyện Cái Bè,Xã Mỹ Đức Đông,Tỉnh Đồng Tháp,Xã Mỹ Đức Tây
Tỉnh Tiền Giang,Huyện Cái Bè,Xã Thiện Trung,Tỉnh Đồng Tháp,Xã Mỹ Thiện
Tỉnh Tiền Giang,Huyện Cái Bè,Xã Thiện Trí,Tỉnh Đồng Tháp,Xã Mỹ Đức Tây
Tỉnh Tiền Giang,Huyện Cái Bè,Xã Tân Hưng,Tỉnh Đồng Tháp,Xã Thanh Hưng
Tỉnh Tiền Giang,Huyện Cái Bè,Xã Tân Thanh,Tỉnh Đồng Tháp,Xã Thanh Hưng
Tỉnh Tiền Giang,Huyện Cái Bè,Xã Đông Hòa Hiệp,Tỉnh Đồng Tháp,Xã Cái Bè
Tỉnh Tiền Giang,Huyện Gò Công Tây,Thị trấn Vĩnh Bình,Tỉnh Đồng Tháp,Xã Vĩnh Bình
Tỉnh Tiền Giang,Huyện Gò Công Tây,Xã Bình Nhì,Tỉnh Đồng Tháp,Xã Đồng Sơn
Tỉnh Tiền Giang,Huyện Gò Công Tây,Xã Bình Phú,Tỉnh Đồng Tháp,Xã Phú Thành
Tỉnh Tiền Giang,Huyện Gò Công Tây,Xã Bình Tân,Tỉnh Đồng Tháp,Xã Long Bình
Tỉnh Tiền Giang,Huyện Gò Công Tây,Xã Long Bình,Tỉnh Đồng Tháp,Xã Long Bình
Tỉnh Tiền Giang,Huyện Gò Công Tây,Xã Long Vĩnh,Tỉnh Đồng Tháp,Xã Vĩnh Hựu
Tỉnh Tiền Giang,Huyện Gò Công Tây,Xã Thành Công,Tỉnh Đồng Tháp,Xã Phú Thành
Tỉnh Tiền Giang,Huyện Gò Công Tây,Xã Thạnh Nhựt,Tỉnh Đồng Tháp,Xã Vĩnh Bình
Tỉnh Tiền Giang,Huyện Gò Công Tây,Xã Thạnh Trị,Tỉnh Đồng Tháp,Xã Vĩnh Bình
Tỉnh Tiền Giang,Huyện Gò Công Tây,Xã Vĩnh Hựu,Tỉnh Đồng Tháp,Xã Vĩnh Hựu
Tỉnh Tiền Giang,Huyện Gò Công Tây,Xã Yên Luông,Tỉnh Đồng Tháp,Xã Phú Thành
Tỉnh Tiền Giang,Huyện Gò Công Tây,Xã Đồng Sơn,Tỉnh Đồng Tháp,Xã Đồng Sơn
Tỉnh Tiền Giang,Huyện Gò Công Tây,Xã Đồng Thạnh,Tỉnh Đồng Tháp,Xã Đồng Sơn
Tỉnh Tiền Giang,Huyện Gò Công Đông,Thị trấn Tân Hòa,Tỉnh Đồng Tháp,Xã Tân Hoà
Tỉnh Tiền Giang,Huyện Gò Công Đông,Thị trấn Vàm Láng,Tỉnh Đồng Tháp,Xã Gia Thuận
Tỉnh Tiền Giang,Huyện Gò Công Đông,Xã Bình Nghị,Tỉnh Đồng Tháp,Xã Tân Hoà
Tỉnh Tiền Giang,Huyện Gò Công Đông,Xã Bình Ân,Tỉnh Đồng Tháp,Xã Tân Điền
Tỉnh Tiền Giang,Huyện Gò Công Đông,Xã Gia Thuận,Tỉnh Đồng Tháp,Xã Gia Thuận
Tỉnh Tiền Giang,Huyện Gò Công Đông,Xã Kiểng Phước,Tỉnh Đồng Tháp,Xã Gia Thuận
Tỉnh Tiền Giang,Huyện Gò Công Đông,Xã Phước Trung,Tỉnh Đồng Tháp,Xã Tân Hoà
Tỉnh Tiền Giang,Huyện Gò Công Đông,Xã Tân Phước,Tỉnh Đồng Tháp,Xã Tân Đông
Tỉnh Tiền Giang,Huyện Gò Công Đông,Xã Tân Thành,Tỉnh Đồng Tháp,Xã Gò Công Đông
Tỉnh Tiền Giang,Huyện Gò Công Đông,Xã Tân Tây,Tỉnh Đồng Tháp,Xã Tân Đông
Tỉnh Tiền Giang,Huyện Gò Công Đông,Xã Tân Điền,Tỉnh Đồng Tháp,Xã Tân Điền
Tỉnh Tiền Giang,Huyện Gò Công Đông,Xã Tân Đông,Tỉnh Đồng Tháp,Xã Tân Đông
Tỉnh Tiền Giang,Huyện Gò Công Đông,Xã Tăng Hoà,Tỉnh Đồng Tháp,Xã Gò Công Đông
Tỉnh Tiền Giang,Huyện Tân Phú Đông,Xã Phú Thạnh,Tỉnh Đồng Tháp,Xã Tân Phú Đông
Tỉnh Tiền Giang,Huyện Tân Phú Đông,Xã Phú Tân,Tỉnh Đồng Tháp,Xã Tân Phú Đông
Tỉnh Tiền Giang,Huyện Tân Phú Đông,Xã Phú Đông,Tỉnh Đồng Tháp,Xã Tân Phú Đông
Tỉnh Tiền Giang,Huyện Tân Phú Đông,Xã Tân Thạnh,Tỉnh Đồng Tháp,Xã Tân Thới
Tỉnh Tiền Giang,Huyện Tân Phú Đông,Xã Tân Thới,Tỉnh Đồng Tháp,Xã Tân Thới
Tỉnh Tiền Giang,Huyện Tân Phước,Thị trấn Mỹ Phước,Tỉnh Đồng Tháp,Xã Tân Phước 1
Tỉnh Tiền Giang,Huyện Tân Phước,Xã Hưng Thạnh,Tỉnh Đồng Tháp,Xã Hưng Thạnh
Tỉnh Tiền Giang,Huyện Tân Phước,Xã Phú Mỹ,Tỉnh Đồng Tháp,Xã Hưng Thạnh
Tỉnh Tiền Giang,Huyện Tân Phước,Xã Phước Lập,Tỉnh Đồng Tháp,Xã Tân Phước 3
Tỉnh Tiền Giang,Huyện Tân Phước,Xã Thạnh Hoà,Tỉnh Đồng Tháp,Xã Tân Phước 2
Tỉnh Tiền Giang,Huyện Tân Phước,Xã Thạnh Mỹ,Tỉnh Đồng Tháp,Xã Tân Phước 1
Tỉnh Tiền Giang,Huyện Tân Phước,Xã Thạnh Tân,Tỉnh Đồng Tháp,Xã Tân Phước 2
Tỉnh Tiền Giang,Huyện Tân Phước,Xã Tân Hòa Thành,Tỉnh Đồng Tháp,Xã Hưng Thạnh
Tỉnh Tiền Giang,Huyện Tân Phước,Xã Tân Hòa Tây,Tỉnh Đồng Tháp,Xã Tân Phước 2
Tỉnh Tiền Giang,Huyện Tân Phước,Xã Tân Hòa Đông,Tỉnh Đồng Tháp,Xã Tân Phước 1
Tỉnh Tiền Giang,Huyện Tân Phước,Xã Tân Lập 1,Tỉnh Đồng Tháp,Xã Tân Phước 3
Tỉnh Tiền Giang,Huyện Tân Phước,Xã Tân Lập 2,Tỉnh Đồng Tháp,Xã Tân Phước 3
Tỉnh Tiền Giang,Thành phố Gò Công,Phường 1,Tỉnh Đồng Tháp,Phường Gò Công
Tỉnh Tiền Giang,Thành phố Gò Công,Phường 2,Tỉnh Đồng Tháp,Phường Long Thuận
Tỉnh Tiền Giang,Thành phố Gò Công,Phường 5,Tỉnh Đồng Tháp,Phường Gò Công
Tỉnh Tiền Giang,Thành phố Gò Công,Phường Long Chánh,Tỉnh Đồng Tháp,Phường Bình Xuân
Tỉnh Tiền Giang,Thành phố Gò Công,Phường Long Hòa,Tỉnh Đồng Tháp,Phường Gò Công
Tỉnh Tiền Giang,Thành phố Gò Công,Phường Long Hưng,Tỉnh Đồng Tháp,Phường Sơn Qui
Tỉnh Tiền Giang,Thành phố Gò Công,Phường Long Thuận,Tỉnh Đồng Tháp,Phường Long Thuận
Tỉnh Tiền Giang,Thành phố Gò Công,Xã Bình Xuân,Tỉnh Đồng Tháp,Phường Bình Xuân
Tỉnh Tiền Giang,Thành phố Gò Công,Xã Bình Đông,Tỉnh Đồng Tháp,Phường Sơn Qui
Tỉnh Tiền Giang,Thành phố Gò Công,Xã Tân Trung,Tỉnh Đồng Tháp,Phường Sơn Qui
Tỉnh Tiền Giang,Thành phố Mỹ Tho,Phường 1,Tỉnh Đồng Tháp,Phường Mỹ Tho
Tỉnh Tiền Giang,Thành phố Mỹ Tho,Phường 10,Tỉnh Đồng Tháp,Phường Trung An
Tỉnh Tiền Giang,Thành phố Mỹ Tho,Phường 2,Tỉnh Đồng Tháp,Phường Mỹ Tho
Tỉnh Tiền Giang,Thành phố Mỹ Tho,Phường 4,Tỉnh Đồng Tháp,Phường Đạo Thạnh
Tỉnh Tiền Giang,Thành phố Mỹ Tho,Phường 5,Tỉnh Đồng Tháp,Phường Đạo Thạnh
Tỉnh Tiền Giang,Thành phố Mỹ Tho,Phường 6,Tỉnh Đồng Tháp,Phường Thới Sơn
Tỉnh Tiền Giang,Thành phố Mỹ Tho,Phường 9,Tỉnh Đồng Tháp,Phường Mỹ Phong
Tỉnh Tiền Giang,Thành phố Mỹ Tho,Phường Tân Long,Tỉnh Đồng Tháp,Phường Mỹ Tho
Tỉnh Tiền Giang,Thành phố Mỹ Tho,Xã Mỹ Phong,Tỉnh Đồng Tháp,Phường Mỹ Phong
Tỉnh Tiền Giang,Thành phố Mỹ Tho,Xã Phước Thạnh,Tỉnh Đồng Tháp,Phường Trung An
Tỉnh Tiền Giang,Thành phố Mỹ Tho,Xã Thới Sơn,Tỉnh Đồng Tháp,Phường Thới Sơn
Tỉnh Tiền Giang,Thành phố Mỹ Tho,Xã Trung An,Tỉnh Đồng Tháp,Phường Trung An
Tỉnh Tiền Giang,Thành phố Mỹ Tho,Xã Tân Mỹ Chánh,Tỉnh Đồng Tháp,Phường Mỹ Phong
Tỉnh Tiền Giang,Thành phố Mỹ Tho,Xã Đạo Thạnh,Tỉnh Đồng Tháp,Phường Đạo Thạnh
Tỉnh Tiền Giang,Thị xã Cai Lậy,Phường 1,Tỉnh Đồng Tháp,Phường Mỹ Phước Tây
Tỉnh Tiền Giang,Thị xã Cai Lậy,Phường 2,Tỉnh Đồng Tháp,Phường Thanh Hoà
Tỉnh Tiền Giang,Thị xã Cai Lậy,Phường 3,Tỉnh Đồng Tháp,Phường Mỹ Phước Tây
Tỉnh Tiền Giang,Thị xã Cai Lậy,Phường 4,Tỉnh Đồng Tháp,Phường Cai Lậy
Tỉnh Tiền Giang,Thị xã Cai Lậy,Phường 5,Tỉnh Đồng Tháp,Phường Cai Lậy
Tỉnh Tiền Giang,Thị xã Cai Lậy,Phường Nhị Mỹ,Tỉnh Đồng Tháp,Phường Nhị Quý
Tỉnh Tiền Giang,Thị xã Cai Lậy,Xã Long Khánh,Tỉnh Đồng Tháp,Phường Cai Lậy
Tỉnh Tiền Giang,Thị xã Cai Lậy,Xã Mỹ Hạnh Trung,Tỉnh Đồng Tháp,Phường Mỹ Phước Tây
Tỉnh Tiền Giang,Thị xã Cai Lậy,Xã Mỹ Hạnh Đông,Tỉnh Đồng Tháp,Xã Tân Phú
Tỉnh Tiền Giang,Thị xã Cai Lậy,Xã Mỹ Phước Tây,Tỉnh Đồng Tháp,Phường Mỹ Phước Tây
Tỉnh Tiền Giang,Thị xã Cai Lậy,Xã Nhị Quý,Tỉnh Đồng Tháp,Phường Nhị Quý
Tỉnh Tiền Giang,Thị xã Cai Lậy,Xã Phú Quý,Tỉnh Đồng Tháp,Phường Nhị Quý
Tỉnh Tiền Giang,Thị xã Cai Lậy,Xã Thanh Hòa,Tỉnh Đồng Tháp,Phường Thanh Hoà
Tỉnh Tiền Giang,Thị xã Cai Lậy,Xã Tân Bình,Tỉnh Đồng Tháp,Phường Thanh Hoà
Tỉnh Tiền Giang,Thị xã Cai Lậy,Xã Tân Phú,Tỉnh Đồng Tháp,Xã Tân Phú
Tỉnh Trà Vinh,Huyện Châu Thành,Xã Hòa Lợi,Tỉnh Vĩnh Long,Xã Hưng Mỹ
Tỉnh Trà Vinh,Huyện Châu Thành,Xã Hòa Thuận,Tỉnh Vĩnh Long,Phường Hoà Thuận
Tỉnh Trà Vinh,Huyện Châu Thành,Xã Hưng Mỹ,Tỉnh Vĩnh Long,Xã Hưng Mỹ
Tỉnh Trà Vinh,Huyện Châu Thành,Xã Lương Hoà A,Tỉnh Vĩnh Long,Xã Song Lộc
Tỉnh Trà Vinh,Huyện Châu Thành,Xã Lương Hòa,Tỉnh Vĩnh Long,Xã Song Lộc
Tỉnh Trà Vinh,Huyện Châu Thành,Xã Mỹ Chánh,Tỉnh Vĩnh Long,Xã Châu Thành
Tỉnh Trà Vinh,Huyện Châu Thành,Xã Nguyệt Hóa,Tỉnh Vĩnh Long,Phường Nguyệt Hoá
Tỉnh Trà Vinh,Huyện Châu Thành,Xã Phước Hảo,Tỉnh Vĩnh Long,Xã Hưng Mỹ
Tỉnh Trà Vinh,Huyện Châu Thành,Xã Song Lộc,Tỉnh Vĩnh Long,Xã Song Lộc
Tỉnh Trà Vinh,Huyện Châu Thành,Xã Thanh Mỹ,Tỉnh Vĩnh Long,Xã Châu Thành
Tỉnh Trà Vinh,Huyện Châu Thành,Xã Đa Lộc,Tỉnh Vĩnh Long,Xã Châu Thành
Tỉnh Trà Vinh,Huyện Càng Long,Thị trấn Càng Long,Tỉnh Vĩnh Long,Xã Càng Long
Tỉnh Trà Vinh,Huyện Càng Long,Xã An Trường,Tỉnh Vĩnh Long,Xã An Trường
Tỉnh Trà Vinh,Huyện Càng Long,Xã An Trường A,Tỉnh Vĩnh Long,Xã An Trường
Tỉnh Trà Vinh,Huyện Càng Long,Xã Bình Phú,Tỉnh Vĩnh Long,Xã Bình Phú
Tỉnh Trà Vinh,Huyện Càng Long,Xã Huyền Hội,Tỉnh Vĩnh Long,Xã Tân An
Tỉnh Trà Vinh,Huyện Càng Long,Xã Mỹ Cẩm,Tỉnh Vĩnh Long,Xã Càng Long
Tỉnh Trà Vinh,Huyện Càng Long,Xã Nhị Long,Tỉnh Vĩnh Long,Xã Nhị Long
Tỉnh Trà Vinh,Huyện Càng Long,Xã Nhị Long Phú,Tỉnh Vĩnh Long,Xã Càng Long
Tỉnh Trà Vinh,Huyện Càng Long,Xã Phương Thạnh,Tỉnh Vĩnh Long,Xã Bình Phú
Tỉnh Trà Vinh,Huyện Càng Long,Xã Tân An,Tỉnh Vĩnh Long,Xã Tân An
Tỉnh Trà Vinh,Huyện Càng Long,Xã Tân Bình,Tỉnh Vĩnh Long,Xã An Trường
Tỉnh Trà Vinh,Huyện Càng Long,Xã Đại Phúc,Tỉnh Vĩnh Long,Xã Bình Phú
Tỉnh Trà Vinh,Huyện Càng Long,Xã Đại Phước,Tỉnh Vĩnh Long,Xã Nhị Long
Tỉnh Trà Vinh,Huyện Càng Long,Xã Đức Mỹ,Tỉnh Vĩnh Long,Xã Nhị Long
Tỉnh Trà Vinh,Huyện Cầu Kè,Thị trấn Cầu Kè,Tỉnh Vĩnh Long,Xã Cầu Kè
Tỉnh Trà Vinh,Huyện Cầu Kè,Xã An Phú Tân,Tỉnh Vĩnh Long,Xã An Phú Tân
Tỉnh Trà Vinh,Huyện Cầu Kè,Xã Châu Điền,Tỉnh Vĩnh Long,Xã Cầu Kè
Tỉnh Trà Vinh,Huyện Cầu Kè,Xã Hoà Tân,Tỉnh Vĩnh Long,Xã An Phú Tân
Tỉnh Trà Vinh,Huyện Cầu Kè,Xã Hòa Ân,Tỉnh Vĩnh Long,Xã Cầu Kè
Tỉnh Trà Vinh,Huyện Cầu Kè,Xã Ninh Thới,Tỉnh Vĩnh Long,Xã Phong Thạnh
Tỉnh Trà Vinh,Huyện Cầu Kè,Xã Phong Phú,Tỉnh Vĩnh Long,Xã Phong Thạnh
Tỉnh Trà Vinh,Huyện Cầu Kè,Xã Phong Thạnh,Tỉnh Vĩnh Long,Xã Phong Thạnh
Tỉnh Trà Vinh,Huyện Cầu Kè,Xã Tam Ngãi,Tỉnh Vĩnh Long,Xã Tam Ngãi
Tỉnh Trà Vinh,Huyện Cầu Kè,Xã Thông Hòa,Tỉnh Vĩnh Long,Xã Tam Ngãi
Tỉnh Trà Vinh,Huyện Cầu Kè,Xã Thạnh Phú,Tỉnh Vĩnh Long,Xã Tam Ngãi
Tỉnh Trà Vinh,Huyện Cầu Ngang,Thị trấn Cầu Ngang,Tỉnh Vĩnh Long,Xã Cầu Ngang
Tỉnh Trà Vinh,Huyện Cầu Ngang,Thị trấn Mỹ Long,Tỉnh Vĩnh Long,Xã Mỹ Long
Tỉnh Trà Vinh,Huyện Cầu Ngang,Xã Hiệp Hòa,Tỉnh Vĩnh Long,Xã Nhị Trường
Tỉnh Trà Vinh,Huyện Cầu Ngang,Xã Hiệp Mỹ Tây,Tỉnh Vĩnh Long,Xã Hiệp Mỹ
Tỉnh Trà Vinh,Huyện Cầu Ngang,Xã Hiệp Mỹ Đông,Tỉnh Vĩnh Long,Xã Hiệp Mỹ
Tỉnh Trà Vinh,Huyện Cầu Ngang,Xã Kim Hòa,Tỉnh Vĩnh Long,Xã Vinh Kim
Tỉnh Trà Vinh,Huyện Cầu Ngang,Xã Long Sơn,Tỉnh Vĩnh Long,Xã Hiệp Mỹ
Tỉnh Trà Vinh,Huyện Cầu Ngang,Xã Mỹ Hòa,Tỉnh Vĩnh Long,Xã Cầu Ngang
Tỉnh Trà Vinh,Huyện Cầu Ngang,Xã Mỹ Long Bắc,Tỉnh Vĩnh Long,Xã Mỹ Long
Tỉnh Trà Vinh,Huyện Cầu Ngang,Xã Mỹ Long Nam,Tỉnh Vĩnh Long,Xã Mỹ Long
Tỉnh Trà Vinh,Huyện Cầu Ngang,Xã Nhị Trường,Tỉnh Vĩnh Long,Xã Nhị Trường
Tỉnh Trà Vinh,Huyện Cầu Ngang,Xã Thuận Hòa,Tỉnh Vĩnh Long,Xã Cầu Ngang
Tỉnh Trà Vinh,Huyện Cầu Ngang,Xã Thạnh Hòa Sơn,Tỉnh Vĩnh Long,Xã Ngũ Lạc
Tỉnh Trà Vinh,Huyện Cầu Ngang,Xã Trường Thọ,Tỉnh Vĩnh Long,Xã Nhị Trường
Tỉnh Trà Vinh,Huyện Duyên Hải,Thị trấn Long Thành,Tỉnh Vĩnh Long,Xã Long Thành
Tỉnh Trà Vinh,Huyện Duyên Hải,Xã Long Khánh,Tỉnh Vĩnh Long,Xã Long Thành
Tỉnh Trà Vinh,Huyện Duyên Hải,Xã Ngũ Lạc,Tỉnh Vĩnh Long,Xã Ngũ Lạc
Tỉnh Trà Vinh,Huyện Duyên Hải,Xã Đôn Châu,Tỉnh Vĩnh Long,Xã Đôn Châu
Tỉnh Trà Vinh,Huyện Duyên Hải,Xã Đôn Xuân,Tỉnh Vĩnh Long,Xã Đôn Châu
Tỉnh Trà Vinh,Huyện Tiểu Cần,Thị trấn Cầu Quan,Tỉnh Vĩnh Long,Xã Tân Hoà
Tỉnh Trà Vinh,Huyện Tiểu Cần,Thị trấn Tiểu Cần,Tỉnh Vĩnh Long,Xã Tiểu Cần
Tỉnh Trà Vinh,Huyện Tiểu Cần,Xã Hiếu Trung,Tỉnh Vĩnh Long,Xã Tiểu Cần
Tỉnh Trà Vinh,Huyện Tiểu Cần,Xã Hiếu Tử,Tỉnh Vĩnh Long,Xã Tập Ngãi
Tỉnh Trà Vinh,Huyện Tiểu Cần,Xã Hùng Hòa,Tỉnh Vĩnh Long,Xã Hùng Hoà
Tỉnh Trà Vinh,Huyện Tiểu Cần,Xã Long Thới,Tỉnh Vĩnh Long,Xã Tân Hoà
Tỉnh Trà Vinh,Huyện Tiểu Cần,Xã Ngãi Hùng,Tỉnh Vĩnh Long,Xã Hùng Hoà
Tỉnh Trà Vinh,Huyện Tiểu Cần,Xã Phú Cần,Tỉnh Vĩnh Long,Xã Tiểu Cần
Tỉnh Trà Vinh,Huyện Tiểu Cần,Xã Tân Hòa,Tỉnh Vĩnh Long,Xã Tân Hoà
Tỉnh Trà Vinh,Huyện Tiểu Cần,Xã Tân Hùng,Tỉnh Vĩnh Long,Xã Hùng Hoà
Tỉnh Trà Vinh,Huyện Tiểu Cần,Xã Tập Ngãi,Tỉnh Vĩnh Long,Xã Tập Ngãi
Tỉnh Trà Vinh,Huyện Trà Cú,Thị trấn Trà Cú,Tỉnh Vĩnh Long,Xã Trà Cú
Tỉnh Trà Vinh,Huyện Trà Cú,Thị trấn Định An,Tỉnh Vĩnh Long,Xã Đại An
Tỉnh Trà Vinh,Huyện Trà Cú,Xã An Quảng Hữu,Tỉnh Vĩnh Long,Xã Lưu Nghiệp Anh
Tỉnh Trà Vinh,Huyện Trà Cú,Xã Hàm Giang,Tỉnh Vĩnh Long,Xã Hàm Giang
Tỉnh Trà Vinh,Huyện Trà Cú,Xã Hàm Tân,Tỉnh Vĩnh Long,Xã Hàm Giang
Tỉnh Trà Vinh,Huyện Trà Cú,Xã Kim Sơn,Tỉnh Vĩnh Long,Xã Hàm Giang
Tỉnh Trà Vinh,Huyện Trà Cú,Xã Long Hiệp,Tỉnh Vĩnh Long,Xã Long Hiệp
Tỉnh Trà Vinh,Huyện Trà Cú,Xã Lưu Nghiệp Anh,Tỉnh Vĩnh Long,Xã Lưu Nghiệp Anh
Tỉnh Trà Vinh,Huyện Trà Cú,Xã Ngãi Xuyên,Tỉnh Vĩnh Long,Xã Trà Cú
Tỉnh Trà Vinh,Huyện Trà Cú,Xã Ngọc Biên,Tỉnh Vĩnh Long,Xã Long Hiệp
Tỉnh Trà Vinh,Huyện Trà Cú,Xã Phước Hưng,Tỉnh Vĩnh Long,Xã Tập Sơn
Tỉnh Trà Vinh,Huyện Trà Cú,Xã Thanh Sơn,Tỉnh Vĩnh Long,Xã Trà Cú
Tỉnh Trà Vinh,Huyện Trà Cú,Xã Tân Hiệp,Tỉnh Vĩnh Long,Xã Long Hiệp
Tỉnh Trà Vinh,Huyện Trà Cú,Xã Tân Sơn,Tỉnh Vĩnh Long,Xã Tập Sơn
Tỉnh Trà Vinh,Huyện Trà Cú,Xã Tập Sơn,Tỉnh Vĩnh Long,Xã Tập Sơn
Tỉnh Trà Vinh,Huyện Trà Cú,Xã Đại An,Tỉnh Vĩnh Long,Xã Đại An
Tỉnh Trà Vinh,Huyện Trà Cú,Xã Định An,Tỉnh Vĩnh Long,Xã Đại An
Tỉnh Trà Vinh,Thành phố Trà Vinh,Phường 4,Tỉnh Vĩnh Long,Phường Long Đức
Tỉnh Trà Vinh,Thành phố Trà Vinh,Phường 5,Tỉnh Vĩnh Long,Phường Hoà Thuận
Tỉnh Trà Vinh,Thành phố Trà Vinh,Phường 8,Tỉnh Vĩnh Long,Phường Nguyệt Hoá
Tỉnh Trà Vinh,Thành phố Trà Vinh,Phường 9,Tỉnh Vĩnh Long,Phường Trà Vinh
Tỉnh Trà Vinh,Thành phố Trà Vinh,Xã Long Đức,Tỉnh Vĩnh Long,Phường Long Đức
Tỉnh Trà Vinh,Thị xã Duyên Hải,Phường 1,Tỉnh Vĩnh Long,Phường Duyên Hải
Tỉnh Trà Vinh,Thị xã Duyên Hải,Phường 2,Tỉnh Vĩnh Long,Phường Trường Long Hoà
Tỉnh Trà Vinh,Thị xã Duyên Hải,Xã Dân Thành,Tỉnh Vĩnh Long,Phường Duyên Hải
Tỉnh Trà Vinh,Thị xã Duyên Hải,Xã Hiệp Thạnh,Tỉnh Vĩnh Long,Xã Long Hữu
Tỉnh Trà Vinh,Thị xã Duyên Hải,Xã Long Hữu,Tỉnh Vĩnh Long,Xã Long Hữu
Tỉnh Trà Vinh,Thị xã Duyên Hải,Xã Long Toàn,Tỉnh Vĩnh Long,Phường Duyên Hải
Tỉnh Trà Vinh,Thị xã Duyên Hải,Xã Trường Long Hòa,Tỉnh Vĩnh Long,Phường Trường Long Hoà
Tỉnh Tuyên Quang,Huyện Chiêm Hóa,Thị trấn Vĩnh Lộc,Tỉnh Tuyên Quang,Xã Chiêm Hoá
Tỉnh Tuyên Quang,Huyện Chiêm Hóa,Xã Bình Nhân,Tỉnh Tuyên Quang,Xã Kim Bình
Tỉnh Tuyên Quang,Huyện Chiêm Hóa,Xã Bình Phú,Tỉnh Tuyên Quang,Xã Yên Lập
Tỉnh Tuyên Quang,Huyện Chiêm Hóa,Xã Hà Lang,Tỉnh Tuyên Quang,Xã Tân An
Tỉnh Tuyên Quang,Huyện Chiêm Hóa,Xã Hòa An,Tỉnh Tuyên Quang,Xã Hoà An
Tỉnh Tuyên Quang,Huyện Chiêm Hóa,Xã Hòa Phú,Tỉnh Tuyên Quang,Xã Yên Nguyên
Tỉnh Tuyên Quang,Huyện Chiêm Hóa,Xã Hùng Mỹ,Tỉnh Tuyên Quang,Xã Tân Mỹ
Tỉnh Tuyên Quang,Huyện Chiêm Hóa,Xã Kim Bình,Tỉnh Tuyên Quang,Xã Kim Bình
Tỉnh Tuyên Quang,Huyện Chiêm Hóa,Xã Kiên Đài,Tỉnh Tuyên Quang,Xã Kiên Đài
Tỉnh Tuyên Quang,Huyện Chiêm Hóa,Xã Linh Phú,Tỉnh Tuyên Quang,Xã Tri Phú
Tỉnh Tuyên Quang,Huyện Chiêm Hóa,Xã Ngọc Hội,Tỉnh Tuyên Quang,Xã Chiêm Hoá
Tỉnh Tuyên Quang,Huyện Chiêm Hóa,Xã Nhân Lý,Tỉnh Tuyên Quang,Xã Hoà An
Tỉnh Tuyên Quang,Huyện Chiêm Hóa,Xã Phú Bình,Tỉnh Tuyên Quang,Xã Kiên Đài
Tỉnh Tuyên Quang,Huyện Chiêm Hóa,Xã Phúc Thịnh,Tỉnh Tuyên Quang,Xã Chiêm Hoá
Tỉnh Tuyên Quang,Huyện Chiêm Hóa,Xã Tri Phú,Tỉnh Tuyên Quang,Xã Tri Phú
Tỉnh Tuyên Quang,Huyện Chiêm Hóa,Xã Trung Hà,Tỉnh Tuyên Quang,Xã Trung Hà
Tỉnh Tuyên Quang,Huyện Chiêm Hóa,Xã Trung Hòa,Tỉnh Tuyên Quang,Xã Chiêm Hoá
Tỉnh Tuyên Quang,Huyện Chiêm Hóa,Xã Tân An,Tỉnh Tuyên Quang,Xã Tân An
Tỉnh Tuyên Quang,Huyện Chiêm Hóa,Xã Tân Mỹ,Tỉnh Tuyên Quang,Xã Tân Mỹ
Tỉnh Tuyên Quang,Huyện Chiêm Hóa,Xã Tân Thịnh,Tỉnh Tuyên Quang,Xã Hoà An
Tỉnh Tuyên Quang,Huyện Chiêm Hóa,Xã Vinh Quang,Tỉnh Tuyên Quang,Xã Kim Bình
Tỉnh Tuyên Quang,Huyện Chiêm Hóa,Xã Xuân Quang,Tỉnh Tuyên Quang,Xã Chiêm Hoá
Tỉnh Tuyên Quang,Huyện Chiêm Hóa,Xã Yên Lập,Tỉnh Tuyên Quang,Xã Yên Lập
Tỉnh Tuyên Quang,Huyện Chiêm Hóa,Xã Yên Nguyên,Tỉnh Tuyên Quang,Xã Yên Nguyên
Tỉnh Tuyên Quang,Huyện Hàm Yên,Thị trấn Tân Yên,Tỉnh Tuyên Quang,Xã Hàm Yên
Tỉnh Tuyên Quang,Huyện Hàm Yên,Xã Bình Xa,Tỉnh Tuyên Quang,Xã Bình Xa
Tỉnh Tuyên Quang,Huyện Hàm Yên,Xã Bạch Xa,Tỉnh Tuyên Quang,Xã Bạch Xa
Tỉnh Tuyên Quang,Huyện Hàm Yên,Xã Bằng Cốc,Tỉnh Tuyên Quang,Xã Hàm Yên
Tỉnh Tuyên Quang,Huyện Hàm Yên,Xã Minh Dân,Tỉnh Tuyên Quang,Xã Phù Lưu
Tỉnh Tuyên Quang,Huyện Hàm Yên,Xã Minh Hương,Tỉnh Tuyên Quang,Xã Bình Xa
Tỉnh Tuyên Quang,Huyện Hàm Yên,Xã Minh Khương,Tỉnh Tuyên Quang,Xã Bạch Xa
Tỉnh Tuyên Quang,Huyện Hàm Yên,Xã Nhân Mục,Tỉnh Tuyên Quang,Xã Hàm Yên
Tỉnh Tuyên Quang,Huyện Hàm Yên,Xã Phù Lưu,Tỉnh Tuyên Quang,Xã Phù Lưu
Tỉnh Tuyên Quang,Huyện Hàm Yên,Xã Thành Long,Tỉnh Tuyên Quang,Xã Thái Sơn
Tỉnh Tuyên Quang,Huyện Hàm Yên,Xã Thái Hòa,Tỉnh Tuyên Quang,Xã Thái Hoà
Tỉnh Tuyên Quang,Huyện Hàm Yên,Xã Thái Sơn,Tỉnh Tuyên Quang,Xã Thái Sơn
Tỉnh Tuyên Quang,Huyện Hàm Yên,Xã Tân Thành,Tỉnh Tuyên Quang,Xã Hàm Yên
Tỉnh Tuyên Quang,Huyện Hàm Yên,Xã Yên Lâm,Tỉnh Tuyên Quang,Xã Yên Phú
Tỉnh Tuyên Quang,Huyện Hàm Yên,Xã Yên Phú,Tỉnh Tuyên Quang,Xã Yên Phú
Tỉnh Tuyên Quang,Huyện Hàm Yên,Xã Yên Thuận,Tỉnh Tuyên Quang,Xã Bạch Xa
Tỉnh Tuyên Quang,Huyện Hàm Yên,Xã Đức Ninh,Tỉnh Tuyên Quang,Xã Thái Hoà
Tỉnh Tuyên Quang,Huyện Lâm Bình,Thị trấn Lăng Can,Tỉnh Tuyên Quang,Xã Lâm Bình
Tỉnh Tuyên Quang,Huyện Lâm Bình,Xã Bình An,Tỉnh Tuyên Quang,Xã Bình An
Tỉnh Tuyên Quang,Huyện Lâm Bình,Xã Hồng Quang,Tỉnh Tuyên Quang,Xã Minh Quang
Tỉnh Tuyên Quang,Huyện Lâm Bình,Xã Khuôn Hà,Tỉnh Tuyên Quang,Xã Thượng Lâm
Tỉnh Tuyên Quang,Huyện Lâm Bình,Xã Minh Quang,Tỉnh Tuyên Quang,Xã Minh Quang
Tỉnh Tuyên Quang,Huyện Lâm Bình,Xã Phúc Sơn,Tỉnh Tuyên Quang,Xã Minh Quang
Tỉnh Tuyên Quang,Huyện Lâm Bình,Xã Phúc Yên,Tỉnh Tuyên Quang,Xã Lâm Bình
Tỉnh Tuyên Quang,Huyện Lâm Bình,Xã Thượng Lâm,Tỉnh Tuyên Quang,Xã Thượng Lâm
Tỉnh Tuyên Quang,Huyện Lâm Bình,Xã Thổ Bình,Tỉnh Tuyên Quang,Xã Bình An
Tỉnh Tuyên Quang,Huyện Lâm Bình,Xã Xuân Lập,Tỉnh Tuyên Quang,Xã Lâm Bình
Tỉnh Tuyên Quang,Huyện Na Hang,Thị trấn Na Hang,Tỉnh Tuyên Quang,Xã Nà Hang
Tỉnh Tuyên Quang,Huyện Na Hang,Xã Côn Lôn,Tỉnh Tuyên Quang,Xã Côn Lôn
Tỉnh Tuyên Quang,Huyện Na Hang,Xã Hồng Thái,Tỉnh Tuyên Quang,Xã Hồng Thái
Tỉnh Tuyên Quang,Huyện Na Hang,Xã Năng Khả,Tỉnh Tuyên Quang,Xã Nà Hang
Tỉnh Tuyên Quang,Huyện Na Hang,Xã Sinh Long,Tỉnh Tuyên Quang,Xã Côn Lôn
Tỉnh Tuyên Quang,Huyện Na Hang,Xã Sơn Phú,Tỉnh Tuyên Quang,Xã Hồng Thái
Tỉnh Tuyên Quang,Huyện Na Hang,Xã Thanh Tương,Tỉnh Tuyên Quang,Xã Nà Hang
Tỉnh Tuyên Quang,Huyện Na Hang,Xã Thượng Giáp,Tỉnh Tuyên Quang,Xã Thượng Nông
Tỉnh Tuyên Quang,Huyện Na Hang,Xã Thượng Nông,Tỉnh Tuyên Quang,Xã Thượng Nông
Tỉnh Tuyên Quang,Huyện Na Hang,Xã Yên Hoa,Tỉnh Tuyên Quang,Xã Yên Hoa
Tỉnh Tuyên Quang,Huyện Na Hang,Xã Đà Vị,Tỉnh Tuyên Quang,Xã Hồng Thái
Tỉnh Tuyên Quang,Huyện Sơn Dương,Thị trấn Sơn Dương,Tỉnh Tuyên Quang,Xã Sơn Dương
Tỉnh Tuyên Quang,Huyện Sơn Dương,Xã Bình Yên,Tỉnh Tuyên Quang,Xã Minh Thanh
Tỉnh Tuyên Quang,Huyện Sơn Dương,Xã Chi Thiết,Tỉnh Tuyên Quang,Xã Hồng Sơn
Tỉnh Tuyên Quang,Huyện Sơn Dương,Xã Cấp Tiến,Tỉnh Tuyên Quang,Xã Bình Ca
Tỉnh Tuyên Quang,Huyện Sơn Dương,Xã Hào Phú,Tỉnh Tuyên Quang,Xã Trường Sinh
Tỉnh Tuyên Quang,Huyện Sơn Dương,Xã Hồng Sơn,Tỉnh Tuyên Quang,Xã Hồng Sơn
Tỉnh Tuyên Quang,Huyện Sơn Dương,Xã Hợp Hòa,Tỉnh Tuyên Quang,Xã Tân Thanh
Tỉnh Tuyên Quang,Huyện Sơn Dương,Xã Hợp Thành,Tỉnh Tuyên Quang,Xã Sơn Dương
Tỉnh Tuyên Quang,Huyện Sơn Dương,Xã Kháng Nhật,Tỉnh Tuyên Quang,Xã Tân Thanh
Tỉnh Tuyên Quang,Huyện Sơn Dương,Xã Lương Thiện,Tỉnh Tuyên Quang,Xã Minh Thanh
Tỉnh Tuyên Quang,Huyện Sơn Dương,Xã Minh Thanh,Tỉnh Tuyên Quang,Xã Minh Thanh
Tỉnh Tuyên Quang,Huyện Sơn Dương,Xã Ninh Lai,Tỉnh Tuyên Quang,Xã Sơn Thuỷ
Tỉnh Tuyên Quang,Huyện Sơn Dương,Xã Phú Lương,Tỉnh Tuyên Quang,Xã Phú Lương
Tỉnh Tuyên Quang,Huyện Sơn Dương,Xã Phúc Ứng,Tỉnh Tuyên Quang,Xã Sơn Dương
Tỉnh Tuyên Quang,Huyện Sơn Dương,Xã Quyết Thắng,Tỉnh Tuyên Quang,Xã Đông Thọ
Tỉnh Tuyên Quang,Huyện Sơn Dương,Xã Sơn Nam,Tỉnh Tuyên Quang,Xã Sơn Thuỷ
Tỉnh Tuyên Quang,Huyện Sơn Dương,Xã Tam Đa,Tỉnh Tuyên Quang,Xã Phú Lương
Tỉnh Tuyên Quang,Huyện Sơn Dương,Xã Thiện Kế,Tỉnh Tuyên Quang,Xã Sơn Thuỷ
Tỉnh Tuyên Quang,Huyện Sơn Dương,Xã Thượng Ấm,Tỉnh Tuyên Quang,Xã Bình Ca
Tỉnh Tuyên Quang,Huyện Sơn Dương,Xã Trung Yên,Tỉnh Tuyên Quang,Xã Tân Trào
Tỉnh Tuyên Quang,Huyện Sơn Dương,Xã Trường Sinh,Tỉnh Tuyên Quang,Xã Trường Sinh
Tỉnh Tuyên Quang,Huyện Sơn Dương,Xã Tân Thanh,Tỉnh Tuyên Quang,Xã Tân Thanh
Tỉnh Tuyên Quang,Huyện Sơn Dương,Xã Tân Trào,Tỉnh Tuyên Quang,Xã Tân Trào
Tỉnh Tuyên Quang,Huyện Sơn Dương,Xã Tú Thịnh,Tỉnh Tuyên Quang,Xã Sơn Dương
Tỉnh Tuyên Quang,Huyện Sơn Dương,Xã Văn Phú,Tỉnh Tuyên Quang,Xã Hồng Sơn
Tỉnh Tuyên Quang,Huyện Sơn Dương,Xã Vĩnh Lợi,Tỉnh Tuyên Quang,Xã Bình Ca
Tỉnh Tuyên Quang,Huyện Sơn Dương,Xã Đông Lợi,Tỉnh Tuyên Quang,Xã Trường Sinh
Tỉnh Tuyên Quang,Huyện Sơn Dương,Xã Đông Thọ,Tỉnh Tuyên Quang,Xã Đông Thọ
Tỉnh Tuyên Quang,Huyện Sơn Dương,Xã Đại Phú,Tỉnh Tuyên Quang,Xã Phú Lương
Tỉnh Tuyên Quang,Huyện Sơn Dương,Xã Đồng Quý,Tỉnh Tuyên Quang,Xã Đông Thọ
Tỉnh Tuyên Quang,Huyện Yên Sơn,Thị trấn Yên Sơn,Tỉnh Tuyên Quang,Xã Yên Sơn
Tỉnh Tuyên Quang,Huyện Yên Sơn,Xã Chiêu Yên,Tỉnh Tuyên Quang,Xã Lực Hành
Tỉnh Tuyên Quang,Huyện Yên Sơn,Xã Chân Sơn,Tỉnh Tuyên Quang,Xã Yên Sơn
Tỉnh Tuyên Quang,Huyện Yên Sơn,Xã Công Đa,Tỉnh Tuyên Quang,Xã Trung Sơn
Tỉnh Tuyên Quang,Huyện Yên Sơn,Xã Hoàng Khai,Tỉnh Tuyên Quang,Phường An Tường
Tỉnh Tuyên Quang,Huyện Yên Sơn,Xã Hùng Lợi,Tỉnh Tuyên Quang,Xã Hùng Lợi
Tỉnh Tuyên Quang,Huyện Yên Sơn,Xã Kim Quan,Tỉnh Tuyên Quang,Xã Tân Trào
Tỉnh Tuyên Quang,Huyện Yên Sơn,Xã Lang Quán,Tỉnh Tuyên Quang,Xã Yên Sơn
Tỉnh Tuyên Quang,Huyện Yên Sơn,Xã Lực Hành,Tỉnh Tuyên Quang,Xã Lực Hành
Tỉnh Tuyên Quang,Huyện Yên Sơn,Xã Mỹ Bằng,Tỉnh Tuyên Quang,Phường Mỹ Lâm
Tỉnh Tuyên Quang,Huyện Yên Sơn,Xã Nhữ Hán,Tỉnh Tuyên Quang,Xã Nhữ Khê
Tỉnh Tuyên Quang,Huyện Yên Sơn,Xã Nhữ Khê,Tỉnh Tuyên Quang,Xã Nhữ Khê
Tỉnh Tuyên Quang,Huyện Yên Sơn,Xã Phú Thịnh,Tỉnh Tuyên Quang,Xã Thái Bình
Tỉnh Tuyên Quang,Huyện Yên Sơn,Xã Phúc Ninh,Tỉnh Tuyên Quang,Xã Xuân Vân
Tỉnh Tuyên Quang,Huyện Yên Sơn,Xã Trung Minh,Tỉnh Tuyên Quang,Xã Hùng Lợi
Tỉnh Tuyên Quang,Huyện Yên Sơn,Xã Trung Sơn,Tỉnh Tuyên Quang,Xã Trung Sơn
Tỉnh Tuyên Quang,Huyện Yên Sơn,Xã Trung Trực,Tỉnh Tuyên Quang,Xã Xuân Vân
Tỉnh Tuyên Quang,Huyện Yên Sơn,Xã Tân Long,Tỉnh Tuyên Quang,Xã Tân Long
Tỉnh Tuyên Quang,Huyện Yên Sơn,Xã Tân Tiến,Tỉnh Tuyên Quang,Xã Tân Long
Tỉnh Tuyên Quang,Huyện Yên Sơn,Xã Tứ Quận,Tỉnh Tuyên Quang,Xã Yên Sơn
Tỉnh Tuyên Quang,Huyện Yên Sơn,Xã Xuân Vân,Tỉnh Tuyên Quang,Xã Xuân Vân
Tỉnh Tuyên Quang,Huyện Yên Sơn,Xã Đạo Viện,Tỉnh Tuyên Quang,Xã Trung Sơn
Tỉnh Tuyên Quang,Huyện Yên Sơn,Xã Đội Bình,Tỉnh Tuyên Quang,Xã Nhữ Khê
Tỉnh Tuyên Quang,Thành phố Tuyên Quang,Phường An Tường,Tỉnh Tuyên Quang,Phường An Tường
Tỉnh Tuyên Quang,Thành phố Tuyên Quang,Phường Hưng Thành,Tỉnh Tuyên Quang,Phường An Tường
Tỉnh Tuyên Quang,Thành phố Tuyên Quang,Phường Minh Xuân,Tỉnh Tuyên Quang,Phường Minh Xuân
Tỉnh Tuyên Quang,Thành phố Tuyên Quang,Phường Mỹ Lâm,Tỉnh Tuyên Quang,Phường Mỹ Lâm
Tỉnh Tuyên Quang,Thành phố Tuyên Quang,Phường Nông Tiến,Tỉnh Tuyên Quang,Phường Nông Tiến
Tỉnh Tuyên Quang,Thành phố Tuyên Quang,Phường Phan Thiết,Tỉnh Tuyên Quang,Phường Minh Xuân
Tỉnh Tuyên Quang,Thành phố Tuyên Quang,Phường Tân Hà,Tỉnh Tuyên Quang,Phường Minh Xuân
Tỉnh Tuyên Quang,Thành phố Tuyên Quang,Phường Tân Quang,Tỉnh Tuyên Quang,Phường Minh Xuân
Tỉnh Tuyên Quang,Thành phố Tuyên Quang,Phường Đội Cấn,Tỉnh Tuyên Quang,Phường Bình Thuận
Tỉnh Tuyên Quang,Thành phố Tuyên Quang,Phường Ỷ La,Tỉnh Tuyên Quang,Phường Minh Xuân
Tỉnh Tuyên Quang,Thành phố Tuyên Quang,Xã An Khang,Tỉnh Tuyên Quang,Phường An Tường
Tỉnh Tuyên Quang,Thành phố Tuyên Quang,Xã Lưỡng Vượng,Tỉnh Tuyên Quang,Phường An Tường
Tỉnh Tuyên Quang,Thành phố Tuyên Quang,Xã Thái Long,Tỉnh Tuyên Quang,Phường Bình Thuận
Tỉnh Tuyên Quang,Thành phố Tuyên Quang,Xã Tràng Đà,Tỉnh Tuyên Quang,Phường Nông Tiến
Tỉnh Tây Ninh,Huyện Bến Cầu,Thị trấn Bến Cầu,Tỉnh Tây Ninh,Xã Bến Cầu
Tỉnh Tây Ninh,Huyện Bến Cầu,Xã An Thạnh,Tỉnh Tây Ninh,Xã Bến Cầu
Tỉnh Tây Ninh,Huyện Bến Cầu,Xã Long Chữ,Tỉnh Tây Ninh,Xã Long Chữ
Tỉnh Tây Ninh,Huyện Bến Cầu,Xã Long Giang,Tỉnh Tây Ninh,Xã Long Thuận
Tỉnh Tây Ninh,Huyện Bến Cầu,Xã Long Khánh,Tỉnh Tây Ninh,Xã Long Thuận
Tỉnh Tây Ninh,Huyện Bến Cầu,Xã Long Phước,Tỉnh Tây Ninh,Xã Long Chữ
Tỉnh Tây Ninh,Huyện Bến Cầu,Xã Long Thuận,Tỉnh Tây Ninh,Xã Long Thuận
Tỉnh Tây Ninh,Huyện Bến Cầu,Xã Lợi Thuận,Tỉnh Tây Ninh,Xã Bến Cầu
Tỉnh Tây Ninh,Huyện Bến Cầu,Xã Tiên Thuận,Tỉnh Tây Ninh,Xã Bến Cầu
Tỉnh Tây Ninh,Huyện Châu Thành,Thị trấn Châu Thành,Tỉnh Tây Ninh,Xã Châu Thành
Tỉnh Tây Ninh,Huyện Châu Thành,Xã An Bình,Tỉnh Tây Ninh,Xã Châu Thành
Tỉnh Tây Ninh,Huyện Châu Thành,Xã An Cơ,Tỉnh Tây Ninh,Xã Hảo Đước
Tỉnh Tây Ninh,Huyện Châu Thành,Xã Biên Giới,Tỉnh Tây Ninh,Xã Hoà Hội
Tỉnh Tây Ninh,Huyện Châu Thành,Xã Hòa Hội,Tỉnh Tây Ninh,Xã Hoà Hội
Tỉnh Tây Ninh,Huyện Châu Thành,Xã Hòa Thạnh,Tỉnh Tây Ninh,Xã Hoà Hội
Tỉnh Tây Ninh,Huyện Châu Thành,Xã Hảo Đước,Tỉnh Tây Ninh,Xã Hảo Đước
Tỉnh Tây Ninh,Huyện Châu Thành,Xã Long Vĩnh,Tỉnh Tây Ninh,Xã Long Chữ
Tỉnh Tây Ninh,Huyện Châu Thành,Xã Ninh Điền,Tỉnh Tây Ninh,Xã Ninh Điền
Tỉnh Tây Ninh,Huyện Châu Thành,Xã Phước Vinh,Tỉnh Tây Ninh,Xã Phước Vinh
Tỉnh Tây Ninh,Huyện Châu Thành,Xã Thanh Điền,Tỉnh Tây Ninh,Phường Thanh Điền
Tỉnh Tây Ninh,Huyện Châu Thành,Xã Thành Long,Tỉnh Tây Ninh,Xã Ninh Điền
Tỉnh Tây Ninh,Huyện Châu Thành,Xã Thái Bình,Tỉnh Tây Ninh,Phường Tân Ninh
Tỉnh Tây Ninh,Huyện Châu Thành,Xã Thái Bình,Tỉnh Tây Ninh,Xã Châu Thành
Tỉnh Tây Ninh,Huyện Châu Thành,Xã Trí Bình,Tỉnh Tây Ninh,Xã Hảo Đước
Tỉnh Tây Ninh,Huyện Châu Thành,Xã Đồng Khởi,Tỉnh Tây Ninh,Xã Châu Thành
Tỉnh Tây Ninh,Huyện Dương Minh Châu,Thị trấn Dương Minh Châu,Tỉnh Tây Ninh,Xã Dương Minh Châu
Tỉnh Tây Ninh,Huyện Dương Minh Châu,Xã Bàu Năng,Tỉnh Tây Ninh,Phường Ninh Thạnh
Tỉnh Tây Ninh,Huyện Dương Minh Châu,Xã Bến Củi,Tỉnh Tây Ninh,Xã Lộc Ninh
Tỉnh Tây Ninh,Huyện Dương Minh Châu,Xã Chà Là,Tỉnh Tây Ninh,Phường Ninh Thạnh
Tỉnh Tây Ninh,Huyện Dương Minh Châu,Xã Chà Là,Tỉnh Tây Ninh,Xã Cầu Khởi
Tỉnh Tây Ninh,Huyện Dương Minh Châu,Xã Cầu Khởi,Tỉnh Tây Ninh,Xã Cầu Khởi
Tỉnh Tây Ninh,Huyện Dương Minh Châu,Xã Lộc Ninh,Tỉnh Tây Ninh,Xã Lộc Ninh
Tỉnh Tây Ninh,Huyện Dương Minh Châu,Xã Phan,Tỉnh Tây Ninh,Phường Bình Minh
Tỉnh Tây Ninh,Huyện Dương Minh Châu,Xã Phan,Tỉnh Tây Ninh,Xã Dương Minh Châu
Tỉnh Tây Ninh,Huyện Dương Minh Châu,Xã Phước Minh,Tỉnh Tây Ninh,Xã Dương Minh Châu
Tỉnh Tây Ninh,Huyện Dương Minh Châu,Xã Phước Minh,Tỉnh Tây Ninh,Xã Lộc Ninh
Tỉnh Tây Ninh,Huyện Dương Minh Châu,Xã Phước Ninh,Tỉnh Tây Ninh,Xã Cầu Khởi
Tỉnh Tây Ninh,Huyện Dương Minh Châu,Xã Suối Đá,Tỉnh Tây Ninh,Phường Bình Minh
Tỉnh Tây Ninh,Huyện Dương Minh Châu,Xã Suối Đá,Tỉnh Tây Ninh,Xã Dương Minh Châu
Tỉnh Tây Ninh,Huyện Dương Minh Châu,Xã Truông Mít,Tỉnh Tây Ninh,Xã Truông Mít
Tỉnh Tây Ninh,Huyện Gò Dầu,Thị trấn Gò Dầu,Tỉnh Tây Ninh,Phường Gò Dầu
Tỉnh Tây Ninh,Huyện Gò Dầu,Xã Bàu Đồn,Tỉnh Tây Ninh,Xã Truông Mít
Tỉnh Tây Ninh,Huyện Gò Dầu,Xã Cẩm Giang,Tỉnh Tây Ninh,Xã Thạnh Đức
Tỉnh Tây Ninh,Huyện Gò Dầu,Xã Hiệp Thạnh,Tỉnh Tây Ninh,Xã Phước Thạnh
Tỉnh Tây Ninh,Huyện Gò Dầu,Xã Phước Thạnh,Tỉnh Tây Ninh,Xã Phước Thạnh
Tỉnh Tây Ninh,Huyện Gò Dầu,Xã Phước Trạch,Tỉnh Tây Ninh,Xã Phước Thạnh
Tỉnh Tây Ninh,Huyện Gò Dầu,Xã Phước Đông,Tỉnh Tây Ninh,Phường Gia Lộc
Tỉnh Tây Ninh,Huyện Gò Dầu,Xã Thanh Phước,Tỉnh Tây Ninh,Phường Gò Dầu
Tỉnh Tây Ninh,Huyện Gò Dầu,Xã Thạnh Đức,Tỉnh Tây Ninh,Xã Thạnh Đức
Tỉnh Tây Ninh,Huyện Tân Biên,Thị trấn Tân Biên,Tỉnh Tây Ninh,Xã Tân Biên
Tỉnh Tây Ninh,Huyện Tân Biên,Xã Hòa Hiệp,Tỉnh Tây Ninh,Xã Phước Vinh
Tỉnh Tây Ninh,Huyện Tân Biên,Xã Mỏ Công,Tỉnh Tây Ninh,Xã Trà Vong
Tỉnh Tây Ninh,Huyện Tân Biên,Xã Mỏ Công,Tỉnh Tây Ninh,Xã Tân Phú
Tỉnh Tây Ninh,Huyện Tân Biên,Xã Thạnh Bình,Tỉnh Tây Ninh,Xã Thạnh Bình
Tỉnh Tây Ninh,Huyện Tân Biên,Xã Thạnh Bắc,Tỉnh Tây Ninh,Xã Tân Lập
Tỉnh Tây Ninh,Huyện Tân Biên,Xã Thạnh Tây,Tỉnh Tây Ninh,Xã Tân Biên
Tỉnh Tây Ninh,Huyện Tân Biên,Xã Trà Vong,Tỉnh Tây Ninh,Xã Trà Vong
Tỉnh Tây Ninh,Huyện Tân Biên,Xã Trà Vong,Tỉnh Tây Ninh,Xã Tân Phú
Tỉnh Tây Ninh,Huyện Tân Biên,Xã Tân Bình,Tỉnh Tây Ninh,Xã Tân Biên
Tỉnh Tây Ninh,Huyện Tân Biên,Xã Tân Lập,Tỉnh Tây Ninh,Xã Tân Lập
Tỉnh Tây Ninh,Huyện Tân Biên,Xã Tân Phong,Tỉnh Tây Ninh,Xã Thạnh Bình
Tỉnh Tây Ninh,Huyện Tân Biên,Xã Tân Phong,Tỉnh Tây Ninh,Xã Tân Phú
Tỉnh Tây Ninh,Huyện Tân Châu,Thị trấn Tân Châu,Tỉnh Tây Ninh,Xã Tân Châu
Tỉnh Tây Ninh,Huyện Tân Châu,Xã Suối Dây,Tỉnh Tây Ninh,Xã Tân Châu
Tỉnh Tây Ninh,Huyện Tân Châu,Xã Suối Dây,Tỉnh Tây Ninh,Xã Tân Thành
Tỉnh Tây Ninh,Huyện Tân Châu,Xã Suối Ngô,Tỉnh Tây Ninh,Xã Tân Hoà
Tỉnh Tây Ninh,Huyện Tân Châu,Xã Thạnh Đông,Tỉnh Tây Ninh,Xã Tân Châu
Tỉnh Tây Ninh,Huyện Tân Châu,Xã Tân Hiệp,Tỉnh Tây Ninh,Xã Tân Hội
Tỉnh Tây Ninh,Huyện Tân Châu,Xã Tân Hà,Tỉnh Tây Ninh,Xã Tân Đông
Tỉnh Tây Ninh,Huyện Tân Châu,Xã Tân Hòa,Tỉnh Tây Ninh,Xã Tân Hoà
Tỉnh Tây Ninh,Huyện Tân Châu,Xã Tân Hưng,Tỉnh Tây Ninh,Xã Tân Phú
Tỉnh Tây Ninh,Huyện Tân Châu,Xã Tân Hội,Tỉnh Tây Ninh,Xã Tân Hội
Tỉnh Tây Ninh,Huyện Tân Châu,Xã Tân Phú,Tỉnh Tây Ninh,Xã Tân Châu
Tỉnh Tây Ninh,Huyện Tân Châu,Xã Tân Phú,Tỉnh Tây Ninh,Xã Tân Phú
Tỉnh Tây Ninh,Huyện Tân Châu,Xã Tân Thành,Tỉnh Tây Ninh,Xã Tân Thành
Tỉnh Tây Ninh,Huyện Tân Châu,Xã Tân Đông,Tỉnh Tây Ninh,Xã Tân Đông
Tỉnh Tây Ninh,Thành phố Tây Ninh,Phường 3,Tỉnh Tây Ninh,Phường Tân Ninh
Tỉnh Tây Ninh,Thành phố Tây Ninh,Phường Hiệp Ninh,Tỉnh Tây Ninh,Phường Tân Ninh
Tỉnh Tây Ninh,Thành phố Tây Ninh,Phường Ninh Sơn,Tỉnh Tây Ninh,Phường Bình Minh
Tỉnh Tây Ninh,Thành phố Tây Ninh,Phường Ninh Thạnh,Tỉnh Tây Ninh,Phường Ninh Thạnh
Tỉnh Tây Ninh,Thành phố Tây Ninh,Xã Bình Minh,Tỉnh Tây Ninh,Phường Bình Minh
Tỉnh Tây Ninh,Thành phố Tây Ninh,Xã Thạnh Tân,Tỉnh Tây Ninh,Phường Bình Minh
Tỉnh Tây Ninh,Thành phố Tây Ninh,Xã Tân Bình,Tỉnh Tây Ninh,Phường Bình Minh
Tỉnh Tây Ninh,Thị xã Hòa Thành,Phường Hiệp Tân,Tỉnh Tây Ninh,Phường Thanh Điền
Tỉnh Tây Ninh,Thị xã Hòa Thành,Phường Long Hoa,Tỉnh Tây Ninh,Phường Long Hoa
Tỉnh Tây Ninh,Thị xã Hòa Thành,Phường Long Thành Bắc,Tỉnh Tây Ninh,Phường Long Hoa
Tỉnh Tây Ninh,Thị xã Hòa Thành,Phường Long Thành Trung,Tỉnh Tây Ninh,Phường Hoà Thành
Tỉnh Tây Ninh,Thị xã Hòa Thành,Xã Long Thành Nam,Tỉnh Tây Ninh,Phường Hoà Thành
Tỉnh Tây Ninh,Thị xã Hòa Thành,Xã Trường Hòa,Tỉnh Tây Ninh,Phường Long Hoa
Tỉnh Tây Ninh,Thị xã Hòa Thành,Xã Trường Tây,Tỉnh Tây Ninh,Phường Long Hoa
Tỉnh Tây Ninh,Thị xã Hòa Thành,Xã Trường Đông,Tỉnh Tây Ninh,Phường Long Hoa
Tỉnh Tây Ninh,Thị xã Trảng Bàng,Phường An Hòa,Tỉnh Tây Ninh,Phường Trảng Bàng
Tỉnh Tây Ninh,Thị xã Trảng Bàng,Phường An Tịnh,Tỉnh Tây Ninh,Phường An Tịnh
Tỉnh Tây Ninh,Thị xã Trảng Bàng,Phường Gia Bình,Tỉnh Tây Ninh,Phường Gò Dầu
Tỉnh Tây Ninh,Thị xã Trảng Bàng,Phường Gia Lộc,Tỉnh Tây Ninh,Phường Gia Lộc
Tỉnh Tây Ninh,Thị xã Trảng Bàng,Phường Lộc Hưng,Tỉnh Tây Ninh,Phường An Tịnh
Tỉnh Tây Ninh,Thị xã Trảng Bàng,Phường Trảng Bàng,Tỉnh Tây Ninh,Phường Trảng Bàng
Tỉnh Tây Ninh,Thị xã Trảng Bàng,Xã Hưng Thuận,Tỉnh Tây Ninh,Xã Hưng Thuận
Tỉnh Tây Ninh,Thị xã Trảng Bàng,Xã Phước Bình,Tỉnh Tây Ninh,Xã Phước Chỉ
Tỉnh Tây Ninh,Thị xã Trảng Bàng,Xã Phước Chỉ,Tỉnh Tây Ninh,Xã Phước Chỉ
Tỉnh Tây Ninh,Thị xã Trảng Bàng,Xã Đôn Thuận,Tỉnh Tây Ninh,Xã Hưng Thuận
Tỉnh Vĩnh Long,Huyện Bình Tân,Thị trấn Tân Quới,Tỉnh Vĩnh Long,Xã Tân Quới
Tỉnh Vĩnh Long,Huyện Bình Tân,Xã Mỹ Thuận,Tỉnh Vĩnh Long,Xã Mỹ Thuận
Tỉnh Vĩnh Long,Huyện Bình Tân,Xã Nguyễn Văn Thảnh,Tỉnh Vĩnh Long,Xã Mỹ Thuận
Tỉnh Vĩnh Long,Huyện Bình Tân,Xã Thành Lợi,Tỉnh Vĩnh Long,Xã Tân Quới
Tỉnh Vĩnh Long,Huyện Bình Tân,Xã Thành Trung,Tỉnh Vĩnh Long,Xã Mỹ Thuận
Tỉnh Vĩnh Long,Huyện Bình Tân,Xã Tân An Thạnh,Tỉnh Vĩnh Long,Xã Tân Lược
Tỉnh Vĩnh Long,Huyện Bình Tân,Xã Tân Bình,Tỉnh Vĩnh Long,Xã Tân Quới
Tỉnh Vĩnh Long,Huyện Bình Tân,Xã Tân Lược,Tỉnh Vĩnh Long,Xã Tân Lược
Tỉnh Vĩnh Long,Huyện Bình Tân,Xã Tân Thành,Tỉnh Vĩnh Long,Xã Tân Lược
Tỉnh Vĩnh Long,Huyện Long Hồ,Thị trấn Long Hồ,Tỉnh Vĩnh Long,Xã Long Hồ
Tỉnh Vĩnh Long,Huyện Long Hồ,Xã An Bình,Tỉnh Vĩnh Long,Xã An Bình
Tỉnh Vĩnh Long,Huyện Long Hồ,Xã Bình Hòa Phước,Tỉnh Vĩnh Long,Xã An Bình
Tỉnh Vĩnh Long,Huyện Long Hồ,Xã Hòa Ninh,Tỉnh Vĩnh Long,Xã An Bình
Tỉnh Vĩnh Long,Huyện Long Hồ,Xã Hòa Phú,Tỉnh Vĩnh Long,Xã Phú Quới
Tỉnh Vĩnh Long,Huyện Long Hồ,Xã Long An,Tỉnh Vĩnh Long,Xã Long Hồ
Tỉnh Vĩnh Long,Huyện Long Hồ,Xã Long Phước,Tỉnh Vĩnh Long,Xã Long Hồ
Tỉnh Vĩnh Long,Huyện Long Hồ,Xã Lộc Hòa,Tỉnh Vĩnh Long,Xã Phú Quới
Tỉnh Vĩnh Long,Huyện Long Hồ,Xã Phú Quới,Tỉnh Vĩnh Long,Xã Phú Quới
Tỉnh Vĩnh Long,Huyện Long Hồ,Xã Phước Hậu,Tỉnh Vĩnh Long,Phường Phước Hậu
Tỉnh Vĩnh Long,Huyện Long Hồ,Xã Thanh Đức,Tỉnh Vĩnh Long,Phường Thanh Đức
Tỉnh Vĩnh Long,Huyện Long Hồ,Xã Thạnh Quới,Tỉnh Vĩnh Long,Xã Phú Quới
Tỉnh Vĩnh Long,Huyện Long Hồ,Xã Tân Hạnh,Tỉnh Vĩnh Long,Phường Tân Hạnh
Tỉnh Vĩnh Long,Huyện Long Hồ,Xã Đồng Phú,Tỉnh Vĩnh Long,Xã An Bình
Tỉnh Vĩnh Long,Huyện Mang Thít,Thị trấn Cái Nhum,Tỉnh Vĩnh Long,Xã Cái Nhum
Tỉnh Vĩnh Long,Huyện Mang Thít,Xã An Phước,Tỉnh Vĩnh Long,Xã Cái Nhum
Tỉnh Vĩnh Long,Huyện Mang Thít,Xã Bình Phước,Tỉnh Vĩnh Long,Xã Bình Phước
Tỉnh Vĩnh Long,Huyện Mang Thít,Xã Chánh An,Tỉnh Vĩnh Long,Xã Cái Nhum
Tỉnh Vĩnh Long,Huyện Mang Thít,Xã Hòa Tịnh,Tỉnh Vĩnh Long,Xã Bình Phước
Tỉnh Vĩnh Long,Huyện Mang Thít,Xã Long Mỹ,Tỉnh Vĩnh Long,Xã Bình Phước
Tỉnh Vĩnh Long,Huyện Mang Thít,Xã Mỹ An,Tỉnh Vĩnh Long,Xã Nhơn Phú
Tỉnh Vĩnh Long,Huyện Mang Thít,Xã Mỹ Phước,Tỉnh Vĩnh Long,Xã Nhơn Phú
Tỉnh Vĩnh Long,Huyện Mang Thít,Xã Nhơn Phú,Tỉnh Vĩnh Long,Xã Nhơn Phú
Tỉnh Vĩnh Long,Huyện Mang Thít,Xã Tân An Hội,Tỉnh Vĩnh Long,Xã Tân Long Hội
Tỉnh Vĩnh Long,Huyện Mang Thít,Xã Tân Long,Tỉnh Vĩnh Long,Xã Tân Long Hội
Tỉnh Vĩnh Long,Huyện Mang Thít,Xã Tân Long Hội,Tỉnh Vĩnh Long,Xã Tân Long Hội
Tỉnh Vĩnh Long,Huyện Tam Bình,Thị trấn Tam Bình,Tỉnh Vĩnh Long,Xã Tam Bình
Tỉnh Vĩnh Long,Huyện Tam Bình,Thị trấn Tam Bình,Tỉnh Vĩnh Long,Xã Trà Côn
Tỉnh Vĩnh Long,Huyện Tam Bình,Xã Bình Ninh,Tỉnh Vĩnh Long,Xã Ngãi Tứ
Tỉnh Vĩnh Long,Huyện Tam Bình,Xã Hòa Hiệp,Tỉnh Vĩnh Long,Xã Hoà Hiệp
Tỉnh Vĩnh Long,Huyện Tam Bình,Xã Hòa Thạnh,Tỉnh Vĩnh Long,Xã Hoà Hiệp
Tỉnh Vĩnh Long,Huyện Tam Bình,Xã Hậu Lộc,Tỉnh Vĩnh Long,Xã Cái Ngang
Tỉnh Vĩnh Long,Huyện Tam Bình,Xã Loan Mỹ,Tỉnh Vĩnh Long,Xã Ngãi Tứ
Tỉnh Vĩnh Long,Huyện Tam Bình,Xã Long Phú,Tỉnh Vĩnh Long,Xã Song Phú
Tỉnh Vĩnh Long,Huyện Tam Bình,Xã Mỹ Lộc,Tỉnh Vĩnh Long,Xã Cái Ngang
Tỉnh Vĩnh Long,Huyện Tam Bình,Xã Mỹ Thạnh Trung,Tỉnh Vĩnh Long,Xã Tam Bình
Tỉnh Vĩnh Long,Huyện Tam Bình,Xã Ngãi Tứ,Tỉnh Vĩnh Long,Phường Cái Vồn
Tỉnh Vĩnh Long,Huyện Tam Bình,Xã Ngãi Tứ,Tỉnh Vĩnh Long,Xã Ngãi Tứ
Tỉnh Vĩnh Long,Huyện Tam Bình,Xã Phú Lộc,Tỉnh Vĩnh Long,Xã Cái Ngang
Tỉnh Vĩnh Long,Huyện Tam Bình,Xã Phú Thịnh,Tỉnh Vĩnh Long,Xã Song Phú
Tỉnh Vĩnh Long,Huyện Tam Bình,Xã Song Phú,Tỉnh Vĩnh Long,Xã Song Phú
Tỉnh Vĩnh Long,Huyện Tam Bình,Xã Tân Lộc,Tỉnh Vĩnh Long,Xã Cái Ngang
Tỉnh Vĩnh Long,Huyện Tam Bình,Xã Tân Phú,Tỉnh Vĩnh Long,Xã Song Phú
Tỉnh Vĩnh Long,Huyện Trà Ôn,Thị trấn Trà Ôn,Tỉnh Vĩnh Long,Xã Ngãi Tứ
Tỉnh Vĩnh Long,Huyện Trà Ôn,Thị trấn Trà Ôn,Tỉnh Vĩnh Long,Xã Trà Ôn
Tỉnh Vĩnh Long,Huyện Trà Ôn,Xã Hòa Bình,Tỉnh Vĩnh Long,Xã Hoà Bình
Tỉnh Vĩnh Long,Huyện Trà Ôn,Xã Hựu Thành,Tỉnh Vĩnh Long,Xã Vĩnh Xuân
Tỉnh Vĩnh Long,Huyện Trà Ôn,Xã Nhơn Bình,Tỉnh Vĩnh Long,Xã Trà Côn
Tỉnh Vĩnh Long,Huyện Trà Ôn,Xã Phú Thành,Tỉnh Vĩnh Long,Xã Lục Sĩ Thành
Tỉnh Vĩnh Long,Huyện Trà Ôn,Xã Thuận Thới,Tỉnh Vĩnh Long,Xã Vĩnh Xuân
Tỉnh Vĩnh Long,Huyện Trà Ôn,Xã Thới Hòa,Tỉnh Vĩnh Long,Xã Hoà Bình
Tỉnh Vĩnh Long,Huyện Trà Ôn,Xã Trà Côn,Tỉnh Vĩnh Long,Xã Trà Côn
Tỉnh Vĩnh Long,Huyện Trà Ôn,Xã Tân Mỹ,Tỉnh Vĩnh Long,Xã Trà Côn
Tỉnh Vĩnh Long,Huyện Trà Ôn,Xã Tích Thiện,Tỉnh Vĩnh Long,Xã Trà Ôn
Tỉnh Vĩnh Long,Huyện Trà Ôn,Xã Vĩnh Xuân,Tỉnh Vĩnh Long,Xã Vĩnh Xuân
Tỉnh Vĩnh Long,Huyện Trà Ôn,Xã Xuân Hiệp,Tỉnh Vĩnh Long,Xã Hoà Bình
Tỉnh Vĩnh Long,Huyện Vũng Liêm,Thị trấn Vũng Liêm,Tỉnh Vĩnh Long,Xã Trung Thành
Tỉnh Vĩnh Long,Huyện Vũng Liêm,Xã Hiếu Nghĩa,Tỉnh Vĩnh Long,Xã Hiếu Thành
Tỉnh Vĩnh Long,Huyện Vũng Liêm,Xã Hiếu Nhơn,Tỉnh Vĩnh Long,Xã Hiếu Thành
Tỉnh Vĩnh Long,Huyện Vũng Liêm,Xã Hiếu Phụng,Tỉnh Vĩnh Long,Xã Hiếu Phụng
Tỉnh Vĩnh Long,Huyện Vũng Liêm,Xã Hiếu Thuận,Tỉnh Vĩnh Long,Xã Hiếu Phụng
Tỉnh Vĩnh Long,Huyện Vũng Liêm,Xã Hiếu Thành,Tỉnh Vĩnh Long,Xã Hiếu Thành
Tỉnh Vĩnh Long,Huyện Vũng Liêm,Xã Quới An,Tỉnh Vĩnh Long,Xã Quới An
Tỉnh Vĩnh Long,Huyện Vũng Liêm,Xã Quới Thiện,Tỉnh Vĩnh Long,Xã Quới Thiện
Tỉnh Vĩnh Long,Huyện Vũng Liêm,Xã Thanh Bình,Tỉnh Vĩnh Long,Xã Quới Thiện
Tỉnh Vĩnh Long,Huyện Vũng Liêm,Xã Trung An,Tỉnh Vĩnh Long,Xã Hiếu Phụng
Tỉnh Vĩnh Long,Huyện Vũng Liêm,Xã Trung Chánh,Tỉnh Vĩnh Long,Xã Trung Hiệp
Tỉnh Vĩnh Long,Huyện Vũng Liêm,Xã Trung Hiếu,Tỉnh Vĩnh Long,Xã Trung Thành
Tỉnh Vĩnh Long,Huyện Vũng Liêm,Xã Trung Hiệp,Tỉnh Vĩnh Long,Xã Trung Hiệp
Tỉnh Vĩnh Long,Huyện Vũng Liêm,Xã Trung Nghĩa,Tỉnh Vĩnh Long,Xã Trung Ngãi
Tỉnh Vĩnh Long,Huyện Vũng Liêm,Xã Trung Ngãi,Tỉnh Vĩnh Long,Xã Trung Ngãi
Tỉnh Vĩnh Long,Huyện Vũng Liêm,Xã Trung Thành,Tỉnh Vĩnh Long,Xã Trung Thành
Tỉnh Vĩnh Long,Huyện Vũng Liêm,Xã Trung Thành Tây,Tỉnh Vĩnh Long,Xã Quới An
Tỉnh Vĩnh Long,Huyện Vũng Liêm,Xã Trung Thành Đông,Tỉnh Vĩnh Long,Xã Trung Ngãi
Tỉnh Vĩnh Long,Huyện Vũng Liêm,Xã Tân An Luông,Tỉnh Vĩnh Long,Xã Trung Hiệp
Tỉnh Vĩnh Long,Huyện Vũng Liêm,Xã Tân Quới Trung,Tỉnh Vĩnh Long,Xã Quới An
Tỉnh Vĩnh Long,Thành phố Vĩnh Long,Phường 4,Tỉnh Vĩnh Long,Phường Phước Hậu
Tỉnh Vĩnh Long,Thành phố Vĩnh Long,Phường 5,Tỉnh Vĩnh Long,Phường Thanh Đức
Tỉnh Vĩnh Long,Thành phố Vĩnh Long,Phường 8,Tỉnh Vĩnh Long,Phường Tân Hạnh
Tỉnh Vĩnh Long,Thành phố Vĩnh Long,Phường 9,Tỉnh Vĩnh Long,Phường Long Châu
Tỉnh Vĩnh Long,Thành phố Vĩnh Long,Phường Trường An,Tỉnh Vĩnh Long,Phường Long Châu
Tỉnh Vĩnh Long,Thành phố Vĩnh Long,Phường Tân Hòa,Tỉnh Vĩnh Long,Phường Tân Ngãi
Tỉnh Vĩnh Long,Thành phố Vĩnh Long,Phường Tân Hội,Tỉnh Vĩnh Long,Phường Tân Ngãi
Tỉnh Vĩnh Long,Thành phố Vĩnh Long,Phường Tân Ngãi,Tỉnh Vĩnh Long,Phường Tân Ngãi
Tỉnh Vĩnh Long,Thị xã Bình Minh,Phường Cái Vồn,Tỉnh Vĩnh Long,Phường Bình Minh
Tỉnh Vĩnh Long,Thị xã Bình Minh,Phường Cái Vồn,Tỉnh Vĩnh Long,Phường Cái Vồn
Tỉnh Vĩnh Long,Thị xã Bình Minh,Phường Thành Phước,Tỉnh Vĩnh Long,Phường Bình Minh
Tỉnh Vĩnh Long,Thị xã Bình Minh,Phường Thành Phước,Tỉnh Vĩnh Long,Phường Cái Vồn
Tỉnh Vĩnh Long,Thị xã Bình Minh,Phường Đông Thuận,Tỉnh Vĩnh Long,Phường Đông Thành
Tỉnh Vĩnh Long,Thị xã Bình Minh,Xã Mỹ Hòa,Tỉnh Vĩnh Long,Phường Cái Vồn
Tỉnh Vĩnh Long,Thị xã Bình Minh,Xã Thuận An,Tỉnh Vĩnh Long,Phường Bình Minh
Tỉnh Vĩnh Long,Thị xã Bình Minh,Xã Đông Bình,Tỉnh Vĩnh Long,Phường Đông Thành
Tỉnh Vĩnh Long,Thị xã Bình Minh,Xã Đông Thành,Tỉnh Vĩnh Long,Phường Đông Thành
Tỉnh Vĩnh Long,Thị xã Bình Minh,Xã Đông Thạnh,Tỉnh Vĩnh Long,Phường Đông Thành
Tỉnh Vĩnh Phúc,Huyện Bình Xuyên,Thị trấn Bá Hiến,Tỉnh Phú Thọ,Xã Bình Tuyền
Tỉnh Vĩnh Phúc,Huyện Bình Xuyên,Thị trấn Gia Khánh,Tỉnh Phú Thọ,Xã Bình Xuyên
Tỉnh Vĩnh Phúc,Huyện Bình Xuyên,Thị trấn Hương Canh,Tỉnh Phú Thọ,Xã Bình Nguyên
Tỉnh Vĩnh Phúc,Huyện Bình Xuyên,Thị trấn Thanh Lãng,Tỉnh Phú Thọ,Xã Xuân Lãng
Tỉnh Vĩnh Phúc,Huyện Bình Xuyên,Thị trấn Đạo Đức,Tỉnh Phú Thọ,Xã Xuân Lãng
Tỉnh Vĩnh Phúc,Huyện Bình Xuyên,Xã Hương Sơn,Tỉnh Phú Thọ,Xã Bình Xuyên
Tỉnh Vĩnh Phúc,Huyện Bình Xuyên,Xã Phú Xuân,Tỉnh Phú Thọ,Xã Xuân Lãng
Tỉnh Vĩnh Phúc,Huyện Bình Xuyên,Xã Quất Lưu,Tỉnh Phú Thọ,Xã Bình Nguyên
Tỉnh Vĩnh Phúc,Huyện Bình Xuyên,Xã Sơn Lôi,Tỉnh Phú Thọ,Xã Bình Nguyên
Tỉnh Vĩnh Phúc,Huyện Bình Xuyên,Xã Tam Hợp,Tỉnh Phú Thọ,Xã Bình Nguyên
Tỉnh Vĩnh Phúc,Huyện Bình Xuyên,Xã Thiện Kế,Tỉnh Phú Thọ,Xã Bình Xuyên
Tỉnh Vĩnh Phúc,Huyện Bình Xuyên,Xã Trung Mỹ,Tỉnh Phú Thọ,Xã Bình Tuyền
Tỉnh Vĩnh Phúc,Huyện Bình Xuyên,Xã Tân Phong,Tỉnh Phú Thọ,Xã Xuân Lãng
Tỉnh Vĩnh Phúc,Huyện Lập Thạch,Thị trấn Hoa Sơn,Tỉnh Phú Thọ,Xã Liên Hoà
Tỉnh Vĩnh Phúc,Huyện Lập Thạch,Thị trấn Lập Thạch,Tỉnh Phú Thọ,Xã Lập Thạch
Tỉnh Vĩnh Phúc,Huyện Lập Thạch,Xã Bàn Giản,Tỉnh Phú Thọ,Xã Liên Hoà
Tỉnh Vĩnh Phúc,Huyện Lập Thạch,Xã Bắc Bình,Tỉnh Phú Thọ,Xã Thái Hoà
Tỉnh Vĩnh Phúc,Huyện Lập Thạch,Xã Hợp Lý,Tỉnh Phú Thọ,Xã Hợp Lý
Tỉnh Vĩnh Phúc,Huyện Lập Thạch,Xã Liên Hòa,Tỉnh Phú Thọ,Xã Liên Hoà
Tỉnh Vĩnh Phúc,Huyện Lập Thạch,Xã Liễn Sơn,Tỉnh Phú Thọ,Xã Thái Hoà
Tỉnh Vĩnh Phúc,Huyện Lập Thạch,Xã Ngọc Mỹ,Tỉnh Phú Thọ,Xã Hợp Lý
Tỉnh Vĩnh Phúc,Huyện Lập Thạch,Xã Quang Sơn,Tỉnh Phú Thọ,Xã Hợp Lý
Tỉnh Vĩnh Phúc,Huyện Lập Thạch,Xã Sơn Đông,Tỉnh Phú Thọ,Xã Sơn Đông
Tỉnh Vĩnh Phúc,Huyện Lập Thạch,Xã Thái Hòa,Tỉnh Phú Thọ,Xã Thái Hoà
Tỉnh Vĩnh Phúc,Huyện Lập Thạch,Xã Tiên Lữ,Tỉnh Phú Thọ,Xã Tiên Lữ
Tỉnh Vĩnh Phúc,Huyện Lập Thạch,Xã Tây Sơn,Tỉnh Phú Thọ,Xã Sơn Đông
Tỉnh Vĩnh Phúc,Huyện Lập Thạch,Xã Tử Du,Tỉnh Phú Thọ,Xã Lập Thạch
Tỉnh Vĩnh Phúc,Huyện Lập Thạch,Xã Vân Trục,Tỉnh Phú Thọ,Xã Lập Thạch
Tỉnh Vĩnh Phúc,Huyện Lập Thạch,Xã Văn Quán,Tỉnh Phú Thọ,Xã Tiên Lữ
Tỉnh Vĩnh Phúc,Huyện Lập Thạch,Xã Xuân Hòa,Tỉnh Phú Thọ,Xã Lập Thạch
Tỉnh Vĩnh Phúc,Huyện Lập Thạch,Xã Xuân Lôi,Tỉnh Phú Thọ,Xã Tiên Lữ
Tỉnh Vĩnh Phúc,Huyện Lập Thạch,Xã Đồng Ích,Tỉnh Phú Thọ,Xã Tiên Lữ
Tỉnh Vĩnh Phúc,Huyện Sông Lô,Thị trấn Tam Sơn,Tỉnh Phú Thọ,Xã Tam Sơn
Tỉnh Vĩnh Phúc,Huyện Sông Lô,Xã Cao Phong,Tỉnh Phú Thọ,Xã Sơn Đông
Tỉnh Vĩnh Phúc,Huyện Sông Lô,Xã Hải Lựu,Tỉnh Phú Thọ,Xã Hải Lựu
Tỉnh Vĩnh Phúc,Huyện Sông Lô,Xã Lãng Công,Tỉnh Phú Thọ,Xã Yên Lãng
Tỉnh Vĩnh Phúc,Huyện Sông Lô,Xã Nhân Đạo,Tỉnh Phú Thọ,Xã Hải Lựu
Tỉnh Vĩnh Phúc,Huyện Sông Lô,Xã Phương Khoan,Tỉnh Phú Thọ,Xã Hải Lựu
Tỉnh Vĩnh Phúc,Huyện Sông Lô,Xã Quang Yên,Tỉnh Phú Thọ,Xã Yên Lãng
Tỉnh Vĩnh Phúc,Huyện Sông Lô,Xã Tân Lập,Tỉnh Phú Thọ,Xã Tam Sơn
Tỉnh Vĩnh Phúc,Huyện Sông Lô,Xã Tứ Yên,Tỉnh Phú Thọ,Xã Sông Lô
Tỉnh Vĩnh Phúc,Huyện Sông Lô,Xã Yên Thạch,Tỉnh Phú Thọ,Xã Sông Lô
Tỉnh Vĩnh Phúc,Huyện Sông Lô,Xã Đôn Nhân,Tỉnh Phú Thọ,Xã Hải Lựu
Tỉnh Vĩnh Phúc,Huyện Sông Lô,Xã Đồng Quế,Tỉnh Phú Thọ,Xã Tam Sơn
Tỉnh Vĩnh Phúc,Huyện Sông Lô,Xã Đồng Thịnh,Tỉnh Phú Thọ,Xã Sông Lô
Tỉnh Vĩnh Phúc,Huyện Sông Lô,Xã Đức Bác,Tỉnh Phú Thọ,Xã Sông Lô
Tỉnh Vĩnh Phúc,Huyện Tam Dương,Thị trấn Hợp Hòa,Tỉnh Phú Thọ,Xã Tam Dương
Tỉnh Vĩnh Phúc,Huyện Tam Dương,Thị trấn Kim Long,Tỉnh Phú Thọ,Xã Tam Dương
Tỉnh Vĩnh Phúc,Huyện Tam Dương,Xã An Hòa,Tỉnh Phú Thọ,Xã Hoàng An
Tỉnh Vĩnh Phúc,Huyện Tam Dương,Xã Duy Phiên,Tỉnh Phú Thọ,Xã Hội Thịnh
Tỉnh Vĩnh Phúc,Huyện Tam Dương,Xã Hoàng Hoa,Tỉnh Phú Thọ,Xã Tam Dương Bắc
Tỉnh Vĩnh Phúc,Huyện Tam Dương,Xã Hoàng Lâu,Tỉnh Phú Thọ,Xã Hoàng An
Tỉnh Vĩnh Phúc,Huyện Tam Dương,Xã Hoàng Đan,Tỉnh Phú Thọ,Xã Hoàng An
Tỉnh Vĩnh Phúc,Huyện Tam Dương,Xã Hướng Đạo,Tỉnh Phú Thọ,Xã Tam Dương
Tỉnh Vĩnh Phúc,Huyện Tam Dương,Xã Hội Thịnh,Tỉnh Phú Thọ,Xã Hội Thịnh
Tỉnh Vĩnh Phúc,Huyện Tam Dương,Xã Thanh Vân,Tỉnh Phú Thọ,Xã Hội Thịnh
Tỉnh Vĩnh Phúc,Huyện Tam Dương,Xã Đạo Tú,Tỉnh Phú Thọ,Xã Tam Dương
Tỉnh Vĩnh Phúc,Huyện Tam Dương,Xã Đồng Tĩnh,Tỉnh Phú Thọ,Xã Tam Dương Bắc
Tỉnh Vĩnh Phúc,Huyện Tam Đảo,Thị trấn Hợp Châu,Tỉnh Phú Thọ,Xã Tam Đảo
Tỉnh Vĩnh Phúc,Huyện Tam Đảo,Thị trấn Tam Đảo,Tỉnh Phú Thọ,Xã Tam Đảo
Tỉnh Vĩnh Phúc,Huyện Tam Đảo,Thị trấn Đại Đình,Tỉnh Phú Thọ,Xã Đại Đình
Tỉnh Vĩnh Phúc,Huyện Tam Đảo,Xã Bồ Lý,Tỉnh Phú Thọ,Xã Đại Đình
Tỉnh Vĩnh Phúc,Huyện Tam Đảo,Xã Hồ Sơn,Tỉnh Phú Thọ,Xã Tam Đảo
Tỉnh Vĩnh Phúc,Huyện Tam Đảo,Xã Minh Quang,Tỉnh Phú Thọ,Xã Tam Đảo
Tỉnh Vĩnh Phúc,Huyện Tam Đảo,Xã Tam Quan,Tỉnh Phú Thọ,Xã Tam Dương Bắc
Tỉnh Vĩnh Phúc,Huyện Tam Đảo,Xã Yên Dương,Tỉnh Phú Thọ,Xã Đạo Trù
Tỉnh Vĩnh Phúc,Huyện Tam Đảo,Xã Đạo Trù,Tỉnh Phú Thọ,Xã Đạo Trù
Tỉnh Vĩnh Phúc,Huyện Vĩnh Tường,Thị trấn Thổ Tang,Tỉnh Phú Thọ,Xã Thổ Tang
Tỉnh Vĩnh Phúc,Huyện Vĩnh Tường,Thị trấn Tứ Trưng,Tỉnh Phú Thọ,Xã Vĩnh Tường
Tỉnh Vĩnh Phúc,Huyện Vĩnh Tường,Thị trấn Vĩnh Tường,Tỉnh Phú Thọ,Xã Vĩnh Tường
Tỉnh Vĩnh Phúc,Huyện Vĩnh Tường,Xã An Nhân,Tỉnh Phú Thọ,Xã Vĩnh Phú
Tỉnh Vĩnh Phúc,Huyện Vĩnh Tường,Xã Chấn Hưng,Tỉnh Phú Thọ,Xã Vĩnh An
Tỉnh Vĩnh Phúc,Huyện Vĩnh Tường,Xã Kim Xá,Tỉnh Phú Thọ,Xã Vĩnh An
Tỉnh Vĩnh Phúc,Huyện Vĩnh Tường,Xã Lũng Hoà,Tỉnh Phú Thọ,Xã Vĩnh Thành
Tỉnh Vĩnh Phúc,Huyện Vĩnh Tường,Xã Lương Điền,Tỉnh Phú Thọ,Xã Vĩnh Tường
Tỉnh Vĩnh Phúc,Huyện Vĩnh Tường,Xã Nghĩa Hưng,Tỉnh Phú Thọ,Xã Vĩnh Hưng
Tỉnh Vĩnh Phúc,Huyện Vĩnh Tường,Xã Ngũ Kiên,Tỉnh Phú Thọ,Xã Vĩnh Phú
Tỉnh Vĩnh Phúc,Huyện Vĩnh Tường,Xã Sao Đại Việt,Tỉnh Phú Thọ,Xã Vĩnh Thành
Tỉnh Vĩnh Phúc,Huyện Vĩnh Tường,Xã Thượng Trưng,Tỉnh Phú Thọ,Xã Thổ Tang
Tỉnh Vĩnh Phúc,Huyện Vĩnh Tường,Xã Tuân Chính,Tỉnh Phú Thọ,Xã Thổ Tang
Tỉnh Vĩnh Phúc,Huyện Vĩnh Tường,Xã Tân Phú,Tỉnh Phú Thọ,Xã Vĩnh Thành
Tỉnh Vĩnh Phúc,Huyện Vĩnh Tường,Xã Vĩnh Phú,Tỉnh Phú Thọ,Xã Vĩnh Phú
Tỉnh Vĩnh Phúc,Huyện Vĩnh Tường,Xã Vĩnh Thịnh,Tỉnh Phú Thọ,Xã Vĩnh Phú
Tỉnh Vĩnh Phúc,Huyện Vĩnh Tường,Xã Vũ Di,Tỉnh Phú Thọ,Xã Vĩnh Tường
Tỉnh Vĩnh Phúc,Huyện Vĩnh Tường,Xã Yên Bình,Tỉnh Phú Thọ,Xã Vĩnh An
Tỉnh Vĩnh Phúc,Huyện Vĩnh Tường,Xã Yên Lập,Tỉnh Phú Thọ,Xã Vĩnh Hưng
Tỉnh Vĩnh Phúc,Huyện Vĩnh Tường,Xã Đại Đồng,Tỉnh Phú Thọ,Xã Vĩnh Hưng
Tỉnh Vĩnh Phúc,Huyện Yên Lạc,Thị trấn Tam Hồng,Tỉnh Phú Thọ,Xã Tam Hồng
Tỉnh Vĩnh Phúc,Huyện Yên Lạc,Thị trấn Yên Lạc,Tỉnh Phú Thọ,Xã Yên Lạc
Tỉnh Vĩnh Phúc,Huyện Yên Lạc,Xã Bình Định,Tỉnh Phú Thọ,Xã Yên Lạc
Tỉnh Vĩnh Phúc,Huyện Yên Lạc,Xã Hồng Châu,Tỉnh Phú Thọ,Xã Liên Châu
Tỉnh Vĩnh Phúc,Huyện Yên Lạc,Xã Liên Châu,Tỉnh Phú Thọ,Xã Liên Châu
Tỉnh Vĩnh Phúc,Huyện Yên Lạc,Xã Nguyệt Đức,Tỉnh Phú Thọ,Xã Nguyệt Đức
Tỉnh Vĩnh Phúc,Huyện Yên Lạc,Xã Trung Hà,Tỉnh Phú Thọ,Xã Nguyệt Đức
Tỉnh Vĩnh Phúc,Huyện Yên Lạc,Xã Trung Kiên,Tỉnh Phú Thọ,Xã Nguyệt Đức
Tỉnh Vĩnh Phúc,Huyện Yên Lạc,Xã Trung Nguyên,Tỉnh Phú Thọ,Xã Tề Lỗ
Tỉnh Vĩnh Phúc,Huyện Yên Lạc,Xã Tề Lỗ,Tỉnh Phú Thọ,Xã Tề Lỗ
Tỉnh Vĩnh Phúc,Huyện Yên Lạc,Xã Văn Tiến,Tỉnh Phú Thọ,Xã Nguyệt Đức
Tỉnh Vĩnh Phúc,Huyện Yên Lạc,Xã Yên Phương,Tỉnh Phú Thọ,Xã Tam Hồng
Tỉnh Vĩnh Phúc,Huyện Yên Lạc,Xã Yên Đồng,Tỉnh Phú Thọ,Xã Tam Hồng
Tỉnh Vĩnh Phúc,Huyện Yên Lạc,Xã Đại Tự,Tỉnh Phú Thọ,Xã Liên Châu
Tỉnh Vĩnh Phúc,Huyện Yên Lạc,Xã Đồng Cương,Tỉnh Phú Thọ,Xã Yên Lạc
Tỉnh Vĩnh Phúc,Huyện Yên Lạc,Xã Đồng Văn,Tỉnh Phú Thọ,Xã Tề Lỗ
Tỉnh Vĩnh Phúc,Thành phố Phúc Yên,Phường Hai Bà Trưng,Tỉnh Phú Thọ,Phường Phúc Yên
Tỉnh Vĩnh Phúc,Thành phố Phúc Yên,Phường Hùng Vương,Tỉnh Phú Thọ,Phường Phúc Yên
Tỉnh Vĩnh Phúc,Thành phố Phúc Yên,Phường Nam Viêm,Tỉnh Phú Thọ,Phường Phúc Yên
Tỉnh Vĩnh Phúc,Thành phố Phúc Yên,Phường Phúc Thắng,Tỉnh Phú Thọ,Phường Phúc Yên
Tỉnh Vĩnh Phúc,Thành phố Phúc Yên,Phường Tiền Châu,Tỉnh Phú Thọ,Phường Phúc Yên
Tỉnh Vĩnh Phúc,Thành phố Phúc Yên,Phường Xuân Hoà,Tỉnh Phú Thọ,Phường Xuân Hoà
Tỉnh Vĩnh Phúc,Thành phố Phúc Yên,Phường Đồng Xuân,Tỉnh Phú Thọ,Phường Xuân Hoà
Tỉnh Vĩnh Phúc,Thành phố Phúc Yên,Xã Cao Minh,Tỉnh Phú Thọ,Phường Xuân Hoà
Tỉnh Vĩnh Phúc,Thành phố Phúc Yên,Xã Ngọc Thanh,Tỉnh Phú Thọ,Phường Xuân Hoà
Tỉnh Vĩnh Phúc,Thành phố Vĩnh Yên,Phường Hội Hợp,Tỉnh Phú Thọ,Phường Vĩnh Yên
Tỉnh Vĩnh Phúc,Thành phố Vĩnh Yên,Phường Khai Quang,Tỉnh Phú Thọ,Phường Vĩnh Phúc
Tỉnh Vĩnh Phúc,Thành phố Vĩnh Yên,Phường Liên Bảo,Tỉnh Phú Thọ,Phường Vĩnh Phúc
Tỉnh Vĩnh Phúc,Thành phố Vĩnh Yên,Phường Ngô Quyền,Tỉnh Phú Thọ,Phường Vĩnh Phúc
Tỉnh Vĩnh Phúc,Thành phố Vĩnh Yên,Phường Tích Sơn,Tỉnh Phú Thọ,Phường Vĩnh Yên
Tỉnh Vĩnh Phúc,Thành phố Vĩnh Yên,Phường Định Trung,Tỉnh Phú Thọ,Phường Vĩnh Phúc
Tỉnh Vĩnh Phúc,Thành phố Vĩnh Yên,Phường Đống Đa,Tỉnh Phú Thọ,Phường Vĩnh Phúc
Tỉnh Vĩnh Phúc,Thành phố Vĩnh Yên,Phường Đồng Tâm,Tỉnh Phú Thọ,Phường Vĩnh Yên
Tỉnh Vĩnh Phúc,Thành phố Vĩnh Yên,Xã Thanh Trù,Tỉnh Phú Thọ,Phường Vĩnh Yên
Tỉnh Yên Bái,Huyện Lục Yên,Thị trấn Yên Thế,Tỉnh Lào Cai,Xã Lục Yên
Tỉnh Yên Bái,Huyện Lục Yên,Xã An Lạc,Tỉnh Lào Cai,Xã Khánh Hoà
Tỉnh Yên Bái,Huyện Lục Yên,Xã An Phú,Tỉnh Lào Cai,Xã Mường Lai
Tỉnh Yên Bái,Huyện Lục Yên,Xã Khai Trung,Tỉnh Lào Cai,Xã Tân Lĩnh
Tỉnh Yên Bái,Huyện Lục Yên,Xã Khánh Hoà,Tỉnh Lào Cai,Xã Khánh Hoà
Tỉnh Yên Bái,Huyện Lục Yên,Xã Khánh Thiện,Tỉnh Lào Cai,Xã Lâm Thượng
Tỉnh Yên Bái,Huyện Lục Yên,Xã Liễu Đô,Tỉnh Lào Cai,Xã Lục Yên
Tỉnh Yên Bái,Huyện Lục Yên,Xã Lâm Thượng,Tỉnh Lào Cai,Xã Lâm Thượng
Tỉnh Yên Bái,Huyện Lục Yên,Xã Mai Sơn,Tỉnh Lào Cai,Xã Lâm Thượng
Tỉnh Yên Bái,Huyện Lục Yên,Xã Minh Chuẩn,Tỉnh Lào Cai,Xã Tân Lĩnh
Tỉnh Yên Bái,Huyện Lục Yên,Xã Minh Tiến,Tỉnh Lào Cai,Xã Mường Lai
Tỉnh Yên Bái,Huyện Lục Yên,Xã Minh Xuân,Tỉnh Lào Cai,Xã Lục Yên
Tỉnh Yên Bái,Huyện Lục Yên,Xã Mường Lai,Tỉnh Lào Cai,Xã Mường Lai
Tỉnh Yên Bái,Huyện Lục Yên,Xã Phan Thanh,Tỉnh Lào Cai,Xã Tân Lĩnh
Tỉnh Yên Bái,Huyện Lục Yên,Xã Phúc Lợi,Tỉnh Lào Cai,Xã Phúc Lợi
Tỉnh Yên Bái,Huyện Lục Yên,Xã Trung Tâm,Tỉnh Lào Cai,Xã Phúc Lợi
Tỉnh Yên Bái,Huyện Lục Yên,Xã Trúc Lâu,Tỉnh Lào Cai,Xã Phúc Lợi
Tỉnh Yên Bái,Huyện Lục Yên,Xã Tân Lĩnh,Tỉnh Lào Cai,Xã Tân Lĩnh
Tỉnh Yên Bái,Huyện Lục Yên,Xã Tân Lập,Tỉnh Lào Cai,Xã Tân Lĩnh
Tỉnh Yên Bái,Huyện Lục Yên,Xã Tân Phượng,Tỉnh Lào Cai,Xã Lâm Thượng
Tỉnh Yên Bái,Huyện Lục Yên,Xã Tô Mậu,Tỉnh Lào Cai,Xã Khánh Hoà
Tỉnh Yên Bái,Huyện Lục Yên,Xã Vĩnh Lạc,Tỉnh Lào Cai,Xã Mường Lai
Tỉnh Yên Bái,Huyện Lục Yên,Xã Yên Thắng,Tỉnh Lào Cai,Xã Lục Yên
Tỉnh Yên Bái,Huyện Lục Yên,Xã Động Quan,Tỉnh Lào Cai,Xã Khánh Hoà
Tỉnh Yên Bái,Huyện Mù Căng Chải,Xã Cao Phạ,Tỉnh Lào Cai,Xã Tú Lệ
Tỉnh Yên Bái,Huyện Mù Căng Chải,Xã Chế Cu Nha,Tỉnh Lào Cai,Xã Mù Cang Chải
Tỉnh Yên Bái,Huyện Mù Căng Chải,Xã Hồ Bốn,Tỉnh Lào Cai,Xã Khao Mang
Tỉnh Yên Bái,Huyện Mù Căng Chải,Xã Khao Mang,Tỉnh Lào Cai,Xã Khao Mang
Tỉnh Yên Bái,Huyện Mù Căng Chải,Xã Kim Nọi,Tỉnh Lào Cai,Xã Mù Cang Chải
Tỉnh Yên Bái,Huyện Mù Căng Chải,Xã La Pán Tẩn,Tỉnh Lào Cai,Xã Púng Luông
Tỉnh Yên Bái,Huyện Mù Căng Chải,Xã Mồ Dề,Tỉnh Lào Cai,Xã Mù Cang Chải
Tỉnh Yên Bái,Huyện Mù Căng Chải,Xã Nậm Khắt,Tỉnh Lào Cai,Xã Púng Luông
Tỉnh Yên Bái,Huyện Mù Căng Chải,Xã Púng Luông,Tỉnh Lào Cai,Xã Púng Luông
Tỉnh Yên Bái,Huyện Trạm Tấu,Thị trấn Trạm Tấu,Tỉnh Lào Cai,Xã Hạnh Phúc
Tỉnh Yên Bái,Huyện Trạm Tấu,Xã Bản Công,Tỉnh Lào Cai,Xã Hạnh Phúc
Tỉnh Yên Bái,Huyện Trạm Tấu,Xã Bản Mù,Tỉnh Lào Cai,Xã Phình Hồ
Tỉnh Yên Bái,Huyện Trạm Tấu,Xã Làng Nhì,Tỉnh Lào Cai,Xã Phình Hồ
Tỉnh Yên Bái,Huyện Trạm Tấu,Xã Phình Hồ,Tỉnh Lào Cai,Xã Phình Hồ
Tỉnh Yên Bái,Huyện Trạm Tấu,Xã Pá Hu,Tỉnh Lào Cai,Xã Trạm Tấu
Tỉnh Yên Bái,Huyện Trạm Tấu,Xã Pá Lau,Tỉnh Lào Cai,Xã Trạm Tấu
Tỉnh Yên Bái,Huyện Trạm Tấu,Xã Trạm Tấu,Tỉnh Lào Cai,Xã Trạm Tấu
Tỉnh Yên Bái,Huyện Trạm Tấu,Xã Túc Đán,Tỉnh Lào Cai,Xã Trạm Tấu
Tỉnh Yên Bái,Huyện Trạm Tấu,Xã Xà Hồ,Tỉnh Lào Cai,Xã Hạnh Phúc
Tỉnh Yên Bái,Huyện Trấn Yên,Thị trấn Cổ Phúc,Tỉnh Lào Cai,Xã Trấn Yên
Tỉnh Yên Bái,Huyện Trấn Yên,Xã Báo Đáp,Tỉnh Lào Cai,Xã Trấn Yên
Tỉnh Yên Bái,Huyện Trấn Yên,Xã Cường Thịnh,Tỉnh Lào Cai,Phường Nam Cường
Tỉnh Yên Bái,Huyện Trấn Yên,Xã Hòa Cuông,Tỉnh Lào Cai,Xã Trấn Yên
Tỉnh Yên Bái,Huyện Trấn Yên,Xã Hưng Khánh,Tỉnh Lào Cai,Xã Hưng Khánh
Tỉnh Yên Bái,Huyện Trấn Yên,Xã Hưng Thịnh,Tỉnh Lào Cai,Xã Lương Thịnh
Tỉnh Yên Bái,Huyện Trấn Yên,Xã Hồng Ca,Tỉnh Lào Cai,Xã Hưng Khánh
Tỉnh Yên Bái,Huyện Trấn Yên,Xã Kiên Thành,Tỉnh Lào Cai,Xã Quy Mông
Tỉnh Yên Bái,Huyện Trấn Yên,Xã Lương Thịnh,Tỉnh Lào Cai,Xã Lương Thịnh
Tỉnh Yên Bái,Huyện Trấn Yên,Xã Minh Quán,Tỉnh Lào Cai,Xã Trấn Yên
Tỉnh Yên Bái,Huyện Trấn Yên,Xã Minh Quân,Tỉnh Lào Cai,Phường Âu Lâu
Tỉnh Yên Bái,Huyện Trấn Yên,Xã Quy Mông,Tỉnh Lào Cai,Xã Quy Mông
Tỉnh Yên Bái,Huyện Trấn Yên,Xã Thành Thịnh,Tỉnh Lào Cai,Xã Trấn Yên
Tỉnh Yên Bái,Huyện Trấn Yên,Xã Tân Đồng,Tỉnh Lào Cai,Xã Trấn Yên
Tỉnh Yên Bái,Huyện Trấn Yên,Xã Việt Cường,Tỉnh Lào Cai,Xã Việt Hồng
Tỉnh Yên Bái,Huyện Trấn Yên,Xã Việt Hồng,Tỉnh Lào Cai,Xã Việt Hồng
Tỉnh Yên Bái,Huyện Trấn Yên,Xã Vân Hội,Tỉnh Lào Cai,Xã Việt Hồng
Tỉnh Yên Bái,Huyện Trấn Yên,Xã Y Can,Tỉnh Lào Cai,Xã Quy Mông
Tỉnh Yên Bái,Huyện Văn Chấn,Thị trấn Sơn Thịnh,Tỉnh Lào Cai,Xã Văn Chấn
Tỉnh Yên Bái,Huyện Văn Chấn,Xã An Lương,Tỉnh Lào Cai,Xã Mỏ Vàng
Tỉnh Yên Bái,Huyện Văn Chấn,Xã Bình Thuận,Tỉnh Lào Cai,Xã Nghĩa Tâm
Tỉnh Yên Bái,Huyện Văn Chấn,Xã Chấn Thịnh,Tỉnh Lào Cai,Xã Chấn Thịnh
Tỉnh Yên Bái,Huyện Văn Chấn,Xã Gia Hội,Tỉnh Lào Cai,Xã Gia Hội
Tỉnh Yên Bái,Huyện Văn Chấn,Xã Minh An,Tỉnh Lào Cai,Xã Nghĩa Tâm
Tỉnh Yên Bái,Huyện Văn Chấn,Xã Nghĩa Sơn,Tỉnh Lào Cai,Phường Nghĩa Lộ
Tỉnh Yên Bái,Huyện Văn Chấn,Xã Nghĩa Tâm,Tỉnh Lào Cai,Xã Nghĩa Tâm
Tỉnh Yên Bái,Huyện Văn Chấn,Xã Nậm Búng,Tỉnh Lào Cai,Xã Gia Hội
Tỉnh Yên Bái,Huyện Văn Chấn,Xã Nậm Lành,Tỉnh Lào Cai,Xã Gia Hội
Tỉnh Yên Bái,Huyện Văn Chấn,Xã Nậm Mười,Tỉnh Lào Cai,Xã Sơn Lương
Tỉnh Yên Bái,Huyện Văn Chấn,Xã Suối Bu,Tỉnh Lào Cai,Xã Văn Chấn
Tỉnh Yên Bái,Huyện Văn Chấn,Xã Suối Giàng,Tỉnh Lào Cai,Xã Văn Chấn
Tỉnh Yên Bái,Huyện Văn Chấn,Xã Suối Quyền,Tỉnh Lào Cai,Xã Sơn Lương
Tỉnh Yên Bái,Huyện Văn Chấn,Xã Sùng Đô,Tỉnh Lào Cai,Xã Sơn Lương
Tỉnh Yên Bái,Huyện Văn Chấn,Xã Sơn Lương,Tỉnh Lào Cai,Xã Sơn Lương
Tỉnh Yên Bái,Huyện Văn Chấn,Xã Thượng Bằng La,Tỉnh Lào Cai,Xã Thượng Bằng La
Tỉnh Yên Bái,Huyện Văn Chấn,Xã Tân Thịnh,Tỉnh Lào Cai,Xã Chấn Thịnh
Tỉnh Yên Bái,Huyện Văn Chấn,Xã Tú Lệ,Tỉnh Lào Cai,Xã Tú Lệ
Tỉnh Yên Bái,Huyện Văn Chấn,Xã Đại Lịch,Tỉnh Lào Cai,Xã Chấn Thịnh
Tỉnh Yên Bái,Huyện Văn Chấn,Xã Đồng Khê,Tỉnh Lào Cai,Xã Văn Chấn
Tỉnh Yên Bái,Huyện Văn Yên,Thị trấn Mậu A,Tỉnh Lào Cai,Xã Mậu A
Tỉnh Yên Bái,Huyện Văn Yên,Xã An Bình,Tỉnh Lào Cai,Xã Đông Cuông
Tỉnh Yên Bái,Huyện Văn Yên,Xã An Thịnh,Tỉnh Lào Cai,Xã Mậu A
Tỉnh Yên Bái,Huyện Văn Yên,Xã Châu Quế Hạ,Tỉnh Lào Cai,Xã Châu Quế
Tỉnh Yên Bái,Huyện Văn Yên,Xã Châu Quế Thượng,Tỉnh Lào Cai,Xã Châu Quế
Tỉnh Yên Bái,Huyện Văn Yên,Xã Lang Thíp,Tỉnh Lào Cai,Xã Lâm Giang
Tỉnh Yên Bái,Huyện Văn Yên,Xã Lâm Giang,Tỉnh Lào Cai,Xã Lâm Giang
Tỉnh Yên Bái,Huyện Văn Yên,Xã Mậu Đông,Tỉnh Lào Cai,Xã Mậu A
Tỉnh Yên Bái,Huyện Văn Yên,Xã Mỏ Vàng,Tỉnh Lào Cai,Xã Mỏ Vàng
Tỉnh Yên Bái,Huyện Văn Yên,Xã Ngòi A,Tỉnh Lào Cai,Xã Mậu A
Tỉnh Yên Bái,Huyện Văn Yên,Xã Nà Hẩu,Tỉnh Lào Cai,Xã Tân Hợp
Tỉnh Yên Bái,Huyện Văn Yên,Xã Phong Dụ Hạ,Tỉnh Lào Cai,Xã Phong Dụ Hạ
Tỉnh Yên Bái,Huyện Văn Yên,Xã Quang Minh,Tỉnh Lào Cai,Xã Đông Cuông
Tỉnh Yên Bái,Huyện Văn Yên,Xã Tân Hợp,Tỉnh Lào Cai,Xã Tân Hợp
Tỉnh Yên Bái,Huyện Văn Yên,Xã Viễn Sơn,Tỉnh Lào Cai,Xã Xuân Ái
Tỉnh Yên Bái,Huyện Văn Yên,Xã Xuân Tầm,Tỉnh Lào Cai,Xã Phong Dụ Hạ
Tỉnh Yên Bái,Huyện Văn Yên,Xã Xuân Ái,Tỉnh Lào Cai,Xã Xuân Ái
Tỉnh Yên Bái,Huyện Văn Yên,Xã Yên Hợp,Tỉnh Lào Cai,Xã Xuân Ái
Tỉnh Yên Bái,Huyện Văn Yên,Xã Yên Phú,Tỉnh Lào Cai,Xã Xuân Ái
Tỉnh Yên Bái,Huyện Văn Yên,Xã Yên Thái,Tỉnh Lào Cai,Xã Mậu A
Tỉnh Yên Bái,Huyện Văn Yên,Xã Đông An,Tỉnh Lào Cai,Xã Đông Cuông
Tỉnh Yên Bái,Huyện Văn Yên,Xã Đông Cuông,Tỉnh Lào Cai,Xã Đông Cuông
Tỉnh Yên Bái,Huyện Văn Yên,Xã Đại Phác,Tỉnh Lào Cai,Xã Xuân Ái
Tỉnh Yên Bái,Huyện Văn Yên,Xã Đại Sơn,Tỉnh Lào Cai,Xã Tân Hợp
Tỉnh Yên Bái,Huyện Yên Bình,Thị trấn Thác Bà,Tỉnh Lào Cai,Xã Thác Bà
Tỉnh Yên Bái,Huyện Yên Bình,Thị trấn Yên Bình,Tỉnh Lào Cai,Xã Yên Bình
Tỉnh Yên Bái,Huyện Yên Bình,Xã Bạch Hà,Tỉnh Lào Cai,Xã Thác Bà
Tỉnh Yên Bái,Huyện Yên Bình,Xã Bảo Ái,Tỉnh Lào Cai,Xã Bảo Ái
Tỉnh Yên Bái,Huyện Yên Bình,Xã Cảm Nhân,Tỉnh Lào Cai,Xã Cảm Nhân
Tỉnh Yên Bái,Huyện Yên Bình,Xã Cảm Ân,Tỉnh Lào Cai,Xã Bảo Ái
Tỉnh Yên Bái,Huyện Yên Bình,Xã Hán Đà,Tỉnh Lào Cai,Xã Thác Bà
Tỉnh Yên Bái,Huyện Yên Bình,Xã Mông Sơn,Tỉnh Lào Cai,Xã Bảo Ái
Tỉnh Yên Bái,Huyện Yên Bình,Xã Mỹ Gia,Tỉnh Lào Cai,Xã Yên Thành
Tỉnh Yên Bái,Huyện Yên Bình,Xã Ngọc Chấn,Tỉnh Lào Cai,Xã Cảm Nhân
Tỉnh Yên Bái,Huyện Yên Bình,Xã Phú Thịnh,Tỉnh Lào Cai,Phường Văn Phú
Tỉnh Yên Bái,Huyện Yên Bình,Xã Phúc An,Tỉnh Lào Cai,Xã Yên Thành
Tỉnh Yên Bái,Huyện Yên Bình,Xã Phúc Ninh,Tỉnh Lào Cai,Xã Yên Thành
Tỉnh Yên Bái,Huyện Yên Bình,Xã Thịnh Hưng,Tỉnh Lào Cai,Xã Yên Bình
Tỉnh Yên Bái,Huyện Yên Bình,Xã Tân Hương,Tỉnh Lào Cai,Xã Yên Bình
Tỉnh Yên Bái,Huyện Yên Bình,Xã Tân Nguyên,Tỉnh Lào Cai,Xã Bảo Ái
Tỉnh Yên Bái,Huyện Yên Bình,Xã Vĩnh Kiên,Tỉnh Lào Cai,Xã Thác Bà
Tỉnh Yên Bái,Huyện Yên Bình,Xã Vũ Linh,Tỉnh Lào Cai,Xã Thác Bà
Tỉnh Yên Bái,Huyện Yên Bình,Xã Xuân Lai,Tỉnh Lào Cai,Xã Yên Thành
Tỉnh Yên Bái,Huyện Yên Bình,Xã Xuân Long,Tỉnh Lào Cai,Xã Cảm Nhân
Tỉnh Yên Bái,Huyện Yên Bình,Xã Yên Thành,Tỉnh Lào Cai,Xã Yên Thành
Tỉnh Yên Bái,Huyện Yên Bình,Xã Đại Minh,Tỉnh Lào Cai,Xã Thác Bà
Tỉnh Yên Bái,Huyện Yên Bình,Xã Đại Đồng,Tỉnh Lào Cai,Xã Yên Bình
Tỉnh Yên Bái,Thành phố Yên Bái,Phường Hồng Hà,Tỉnh Lào Cai,Phường Yên Bái
Tỉnh Yên Bái,Thành phố Yên Bái,Phường Hợp Minh,Tỉnh Lào Cai,Phường Âu Lâu
Tỉnh Yên Bái,Thành phố Yên Bái,Phường Minh Tân,Tỉnh Lào Cai,Phường Yên Bái
Tỉnh Yên Bái,Thành phố Yên Bái,Phường Nam Cường,Tỉnh Lào Cai,Phường Nam Cường
Tỉnh Yên Bái,Thành phố Yên Bái,Phường Nguyễn Thái Học,Tỉnh Lào Cai,Phường Yên Bái
Tỉnh Yên Bái,Thành phố Yên Bái,Phường Yên Ninh,Tỉnh Lào Cai,Phường Yên Bái
Tỉnh Yên Bái,Thành phố Yên Bái,Phường Yên Thịnh,Tỉnh Lào Cai,Phường Văn Phú
Tỉnh Yên Bái,Thành phố Yên Bái,Phường Đồng Tâm,Tỉnh Lào Cai,Phường Yên Bái
Tỉnh Yên Bái,Thành phố Yên Bái,Xã Giới Phiên,Tỉnh Lào Cai,Phường Âu Lâu
Tỉnh Yên Bái,Thành phố Yên Bái,Xã Minh Bảo,Tỉnh Lào Cai,Phường Nam Cường
Tỉnh Yên Bái,Thành phố Yên Bái,Xã Tuy Lộc,Tỉnh Lào Cai,Phường Nam Cường
Tỉnh Yên Bái,Thành phố Yên Bái,Xã Tân Thịnh,Tỉnh Lào Cai,Phường Văn Phú
Tỉnh Yên Bái,Thành phố Yên Bái,Xã Văn Phú,Tỉnh Lào Cai,Phường Văn Phú
Tỉnh Yên Bái,Thành phố Yên Bái,Xã Âu Lâu,Tỉnh Lào Cai,Phường Âu Lâu
Tỉnh Yên Bái,Thị xã Nghĩa Lộ,Phường Cầu Thia,Tỉnh Lào Cai,Phường Cầu Thia
Tỉnh Yên Bái,Thị xã Nghĩa Lộ,Phường Pú Trạng,Tỉnh Lào Cai,Phường Nghĩa Lộ
Tỉnh Yên Bái,Thị xã Nghĩa Lộ,Phường Trung Tâm,Tỉnh Lào Cai,Phường Trung Tâm
Tỉnh Yên Bái,Thị xã Nghĩa Lộ,Phường Tân An,Tỉnh Lào Cai,Phường Nghĩa Lộ
Tỉnh Yên Bái,Thị xã Nghĩa Lộ,Xã Hạnh Sơn,Tỉnh Lào Cai,Phường Cầu Thia
Tỉnh Yên Bái,Thị xã Nghĩa Lộ,Xã Nghĩa An,Tỉnh Lào Cai,Phường Nghĩa Lộ
Tỉnh Yên Bái,Thị xã Nghĩa Lộ,Xã Nghĩa Lộ,Tỉnh Lào Cai,Phường Trung Tâm
Tỉnh Yên Bái,Thị xã Nghĩa Lộ,Xã Nghĩa Lợi,Tỉnh Lào Cai,Phường Trung Tâm
Tỉnh Yên Bái,Thị xã Nghĩa Lộ,Xã Nghĩa Phúc,Tỉnh Lào Cai,Xã Liên Sơn
Tỉnh Yên Bái,Thị xã Nghĩa Lộ,Xã Phù Nham,Tỉnh Lào Cai,Phường Trung Tâm
Tỉnh Yên Bái,Thị xã Nghĩa Lộ,Xã Phúc Sơn,Tỉnh Lào Cai,Phường Cầu Thia
Tỉnh Yên Bái,Thị xã Nghĩa Lộ,Xã Sơn A,Tỉnh Lào Cai,Xã Liên Sơn
Tỉnh Yên Bái,Thị xã Nghĩa Lộ,Xã Thanh Lương,Tỉnh Lào Cai,Phường Cầu Thia
Tỉnh Yên Bái,Thị xã Nghĩa Lộ,Xã Thạch Lương,Tỉnh Lào Cai,Phường Cầu Thia
Tỉnh Điện Biên,Huyện Mường Chà,Thị trấn Mường Chà,Tỉnh Điện Biên,Xã Na Sang
Tỉnh Điện Biên,Huyện Mường Chà,Xã Huổi Lèng,Tỉnh Điện Biên,Xã Mường Tùng
Tỉnh Điện Biên,Huyện Mường Chà,Xã Huổi Mí,Tỉnh Điện Biên,Xã Nậm Nèn
Tỉnh Điện Biên,Huyện Mường Chà,Xã Hừa Ngài,Tỉnh Điện Biên,Xã Pa Ham
Tỉnh Điện Biên,Huyện Mường Chà,Xã Ma Thì Hồ,Tỉnh Điện Biên,Xã Na Sang
Tỉnh Điện Biên,Huyện Mường Chà,Xã Mường Mươn,Tỉnh Điện Biên,Xã Mường Pồn
Tỉnh Điện Biên,Huyện Mường Chà,Xã Mường Tùng,Tỉnh Điện Biên,Xã Mường Tùng
Tỉnh Điện Biên,Huyện Mường Chà,Xã Na Sang,Tỉnh Điện Biên,Xã Na Sang
Tỉnh Điện Biên,Huyện Mường Chà,Xã Nậm Nèn,Tỉnh Điện Biên,Xã Nậm Nèn
Tỉnh Điện Biên,Huyện Mường Chà,Xã Pa Ham,Tỉnh Điện Biên,Xã Pa Ham
Tỉnh Điện Biên,Huyện Mường Chà,Xã Sa Lông,Tỉnh Điện Biên,Xã Na Sang
Tỉnh Điện Biên,Huyện Mường Nhé,Xã Chung Chải,Tỉnh Điện Biên,Xã Mường Nhé
Tỉnh Điện Biên,Huyện Mường Nhé,Xã Leng Su Sìn,Tỉnh Điện Biên,Xã Sín Thầu
Tỉnh Điện Biên,Huyện Mường Nhé,Xã Mường Nhé,Tỉnh Điện Biên,Xã Mường Nhé
Tỉnh Điện Biên,Huyện Mường Nhé,Xã Mường Toong,Tỉnh Điện Biên,Xã Mường Toong
Tỉnh Điện Biên,Huyện Mường Nhé,Xã Nậm Kè,Tỉnh Điện Biên,Xã Nậm Kè
Tỉnh Điện Biên,Huyện Mường Nhé,Xã Nậm Vì,Tỉnh Điện Biên,Xã Mường Nhé
Tỉnh Điện Biên,Huyện Mường Nhé,Xã Pá Mỳ,Tỉnh Điện Biên,Xã Nậm Kè
Tỉnh Điện Biên,Huyện Mường Nhé,Xã Quảng Lâm,Tỉnh Điện Biên,Xã Quảng Lâm
Tỉnh Điện Biên,Huyện Mường Nhé,Xã Sen Thượng,Tỉnh Điện Biên,Xã Sín Thầu
Tỉnh Điện Biên,Huyện Mường Nhé,Xã Sín Thầu,Tỉnh Điện Biên,Xã Sín Thầu
Tỉnh Điện Biên,Huyện Mường Ảng,Thị trấn Mường Ảng,Tỉnh Điện Biên,Xã Mường Ảng
Tỉnh Điện Biên,Huyện Mường Ảng,Xã Búng Lao,Tỉnh Điện Biên,Xã Búng Lao
Tỉnh Điện Biên,Huyện Mường Ảng,Xã Mường Lạn,Tỉnh Điện Biên,Xã Mường Lạn
Tỉnh Điện Biên,Huyện Mường Ảng,Xã Mường Đăng,Tỉnh Điện Biên,Xã Nà Tấu
Tỉnh Điện Biên,Huyện Mường Ảng,Xã Ngối Cáy,Tỉnh Điện Biên,Xã Nà Tấu
Tỉnh Điện Biên,Huyện Mường Ảng,Xã Nặm Lịch,Tỉnh Điện Biên,Xã Mường Lạn
Tỉnh Điện Biên,Huyện Mường Ảng,Xã Xuân Lao,Tỉnh Điện Biên,Xã Mường Lạn
Tỉnh Điện Biên,Huyện Mường Ảng,Xã Ẳng Cang,Tỉnh Điện Biên,Xã Mường Ảng
Tỉnh Điện Biên,Huyện Mường Ảng,Xã Ẳng Nưa,Tỉnh Điện Biên,Xã Mường Ảng
Tỉnh Điện Biên,Huyện Mường Ảng,Xã Ẳng Tở,Tỉnh Điện Biên,Xã Búng Lao
Tỉnh Điện Biên,Huyện Nậm Pồ,Xã Chà Cang,Tỉnh Điện Biên,Xã Mường Chà
Tỉnh Điện Biên,Huyện Nậm Pồ,Xã Chà Nưa,Tỉnh Điện Biên,Xã Mường Chà
Tỉnh Điện Biên,Huyện Nậm Pồ,Xã Chà Tở,Tỉnh Điện Biên,Xã Chà Tở
Tỉnh Điện Biên,Huyện Nậm Pồ,Xã Na Cô Sa,Tỉnh Điện Biên,Xã Quảng Lâm
Tỉnh Điện Biên,Huyện Nậm Pồ,Xã Nà Bủng,Tỉnh Điện Biên,Xã Nà Bủng
Tỉnh Điện Biên,Huyện Nậm Pồ,Xã Nà Hỳ,Tỉnh Điện Biên,Xã Nà Hỳ
Tỉnh Điện Biên,Huyện Nậm Pồ,Xã Nà Khoa,Tỉnh Điện Biên,Xã Nà Hỳ
Tỉnh Điện Biên,Huyện Nậm Pồ,Xã Nậm Chua,Tỉnh Điện Biên,Xã Nà Hỳ
Tỉnh Điện Biên,Huyện Nậm Pồ,Xã Nậm Khăn,Tỉnh Điện Biên,Xã Chà Tở
Tỉnh Điện Biên,Huyện Nậm Pồ,Xã Nậm Nhừ,Tỉnh Điện Biên,Xã Nà Hỳ
Tỉnh Điện Biên,Huyện Nậm Pồ,Xã Nậm Tin,Tỉnh Điện Biên,Xã Mường Chà
Tỉnh Điện Biên,Huyện Nậm Pồ,Xã Pa Tần,Tỉnh Điện Biên,Xã Mường Chà
Tỉnh Điện Biên,Huyện Nậm Pồ,Xã Phìn Hồ,Tỉnh Điện Biên,Xã Si Pa Phìn
Tỉnh Điện Biên,Huyện Nậm Pồ,Xã Si Pa Phìn,Tỉnh Điện Biên,Xã Si Pa Phìn
Tỉnh Điện Biên,Huyện Nậm Pồ,Xã Vàng Đán,Tỉnh Điện Biên,Xã Nà Bủng
Tỉnh Điện Biên,Huyện Tuần Giáo,Thị trấn Tuần Giáo,Tỉnh Điện Biên,Xã Tuần Giáo
Tỉnh Điện Biên,Huyện Tuần Giáo,Xã Chiềng Sinh,Tỉnh Điện Biên,Xã Chiềng Sinh
Tỉnh Điện Biên,Huyện Tuần Giáo,Xã Chiềng Đông,Tỉnh Điện Biên,Xã Búng Lao
Tỉnh Điện Biên,Huyện Tuần Giáo,Xã Mùn Chung,Tỉnh Điện Biên,Xã Mường Mùn
Tỉnh Điện Biên,Huyện Tuần Giáo,Xã Mường Khong,Tỉnh Điện Biên,Xã Chiềng Sinh
Tỉnh Điện Biên,Huyện Tuần Giáo,Xã Mường Mùn,Tỉnh Điện Biên,Xã Mường Mùn
Tỉnh Điện Biên,Huyện Tuần Giáo,Xã Mường Thín,Tỉnh Điện Biên,Xã Chiềng Sinh
Tỉnh Điện Biên,Huyện Tuần Giáo,Xã Nà Sáy,Tỉnh Điện Biên,Xã Chiềng Sinh
Tỉnh Điện Biên,Huyện Tuần Giáo,Xã Nà Tòng,Tỉnh Điện Biên,Xã Tủa Chùa
Tỉnh Điện Biên,Huyện Tuần Giáo,Xã Phình Sáng,Tỉnh Điện Biên,Xã Sáng Nhè
Tỉnh Điện Biên,Huyện Tuần Giáo,Xã Pú Nhung,Tỉnh Điện Biên,Xã Pú Nhung
Tỉnh Điện Biên,Huyện Tuần Giáo,Xã Pú Xi,Tỉnh Điện Biên,Xã Mường Mùn
Tỉnh Điện Biên,Huyện Tuần Giáo,Xã Quài Cang,Tỉnh Điện Biên,Xã Tuần Giáo
Tỉnh Điện Biên,Huyện Tuần Giáo,Xã Quài Nưa,Tỉnh Điện Biên,Xã Tuần Giáo
Tỉnh Điện Biên,Huyện Tuần Giáo,Xã Quài Tở,Tỉnh Điện Biên,Xã Quài Tở
Tỉnh Điện Biên,Huyện Tuần Giáo,Xã Rạng Đông,Tỉnh Điện Biên,Xã Pú Nhung
Tỉnh Điện Biên,Huyện Tuần Giáo,Xã Ta Ma,Tỉnh Điện Biên,Xã Pú Nhung
Tỉnh Điện Biên,Huyện Tuần Giáo,Xã Tênh Phông,Tỉnh Điện Biên,Xã Quài Tở
Tỉnh Điện Biên,Huyện Tuần Giáo,Xã Tỏa Tình,Tỉnh Điện Biên,Xã Quài Tở
Tỉnh Điện Biên,Huyện Tủa Chùa,Thị trấn Tủa Chùa,Tỉnh Điện Biên,Xã Tủa Chùa
Tỉnh Điện Biên,Huyện Tủa Chùa,Xã Huổi Só,Tỉnh Điện Biên,Xã Tủa Thàng
Tỉnh Điện Biên,Huyện Tủa Chùa,Xã Lao Xả Phình,Tỉnh Điện Biên,Xã Sín Chải
Tỉnh Điện Biên,Huyện Tủa Chùa,Xã Mường Báng,Tỉnh Điện Biên,Xã Tủa Chùa
Tỉnh Điện Biên,Huyện Tủa Chùa,Xã Mường Đun,Tỉnh Điện Biên,Xã Sáng Nhè
Tỉnh Điện Biên,Huyện Tủa Chùa,Xã Sính Phình,Tỉnh Điện Biên,Xã Sính Phình
Tỉnh Điện Biên,Huyện Tủa Chùa,Xã Trung Thu,Tỉnh Điện Biên,Xã Sính Phình
Tỉnh Điện Biên,Huyện Tủa Chùa,Xã Tả Phìn,Tỉnh Điện Biên,Xã Sính Phình
Tỉnh Điện Biên,Huyện Tủa Chùa,Xã Tả Sìn Thàng,Tỉnh Điện Biên,Xã Sín Chải
Tỉnh Điện Biên,Huyện Tủa Chùa,Xã Tủa Thàng,Tỉnh Điện Biên,Xã Tủa Thàng
Tỉnh Điện Biên,Huyện Điện Biên,Xã Hua Thanh,Tỉnh Điện Biên,Xã Thanh Nưa
Tỉnh Điện Biên,Huyện Điện Biên,Xã Hẹ Muông,Tỉnh Điện Biên,Xã Núa Ngam
Tỉnh Điện Biên,Huyện Điện Biên,Xã Mường Lói,Tỉnh Điện Biên,Xã Mường Nhà
Tỉnh Điện Biên,Huyện Điện Biên,Xã Mường Nhà,Tỉnh Điện Biên,Xã Mường Nhà
Tỉnh Điện Biên,Huyện Điện Biên,Xã Mường Pồn,Tỉnh Điện Biên,Xã Mường Pồn
Tỉnh Điện Biên,Huyện Điện Biên,Xã Na Tông,Tỉnh Điện Biên,Xã Núa Ngam
Tỉnh Điện Biên,Huyện Điện Biên,Xã Na Ư,Tỉnh Điện Biên,Xã Sam Mứn
Tỉnh Điện Biên,Huyện Điện Biên,Xã Noong Luống,Tỉnh Điện Biên,Xã Thanh Yên
Tỉnh Điện Biên,Huyện Điện Biên,Xã Núa Ngam,Tỉnh Điện Biên,Xã Núa Ngam
Tỉnh Điện Biên,Huyện Điện Biên,Xã Pa Thơm,Tỉnh Điện Biên,Xã Thanh Yên
Tỉnh Điện Biên,Huyện Điện Biên,Xã Phu Luông,Tỉnh Điện Biên,Xã Mường Nhà
Tỉnh Điện Biên,Huyện Điện Biên,Xã Pom Lót,Tỉnh Điện Biên,Xã Sam Mứn
Tỉnh Điện Biên,Huyện Điện Biên,Xã Sam Mứn,Tỉnh Điện Biên,Xã Thanh An
Tỉnh Điện Biên,Huyện Điện Biên,Xã Thanh An,Tỉnh Điện Biên,Xã Thanh An
Tỉnh Điện Biên,Huyện Điện Biên,Xã Thanh Chăn,Tỉnh Điện Biên,Xã Thanh Nưa
Tỉnh Điện Biên,Huyện Điện Biên,Xã Thanh Hưng,Tỉnh Điện Biên,Xã Thanh Nưa
Tỉnh Điện Biên,Huyện Điện Biên,Xã Thanh Luông,Tỉnh Điện Biên,Xã Thanh Nưa
Tỉnh Điện Biên,Huyện Điện Biên,Xã Thanh Nưa,Tỉnh Điện Biên,Xã Thanh Nưa
Tỉnh Điện Biên,Huyện Điện Biên,Xã Thanh Xương,Tỉnh Điện Biên,Phường Mường Thanh
Tỉnh Điện Biên,Huyện Điện Biên,Xã Thanh Yên,Tỉnh Điện Biên,Xã Thanh Yên
Tỉnh Điện Biên,Huyện Điện Biên Đông,Thị trấn Điện Biên Đông,Tỉnh Điện Biên,Xã Na Son
Tỉnh Điện Biên,Huyện Điện Biên Đông,Xã Chiềng Sơ,Tỉnh Điện Biên,Xã Mường Luân
Tỉnh Điện Biên,Huyện Điện Biên Đông,Xã Háng Lìa,Tỉnh Điện Biên,Xã Tìa Dình
Tỉnh Điện Biên,Huyện Điện Biên Đông,Xã Keo Lôm,Tỉnh Điện Biên,Xã Na Son
Tỉnh Điện Biên,Huyện Điện Biên Đông,Xã Mường Luân,Tỉnh Điện Biên,Xã Mường Luân
Tỉnh Điện Biên,Huyện Điện Biên Đông,Xã Na Son,Tỉnh Điện Biên,Xã Na Son
Tỉnh Điện Biên,Huyện Điện Biên Đông,Xã Nong U,Tỉnh Điện Biên,Xã Pu Nhi
Tỉnh Điện Biên,Huyện Điện Biên Đông,Xã Phì Nhừ,Tỉnh Điện Biên,Xã Xa Dung
Tỉnh Điện Biên,Huyện Điện Biên Đông,Xã Phình Giàng,Tỉnh Điện Biên,Xã Phình Giàng
Tỉnh Điện Biên,Huyện Điện Biên Đông,Xã Pú Hồng,Tỉnh Điện Biên,Xã Phình Giàng
Tỉnh Điện Biên,Huyện Điện Biên Đông,Xã Tìa Dình,Tỉnh Điện Biên,Xã Tìa Dình
Tỉnh Điện Biên,Huyện Điện Biên Đông,Xã Xa Dung,Tỉnh Điện Biên,Xã Xa Dung
Tỉnh Điện Biên,Thành phố Điện Biên Phủ,Phường Him Lam,Tỉnh Điện Biên,Phường Điện Biên Phủ
Tỉnh Điện Biên,Thành phố Điện Biên Phủ,Phường Mường Thanh,Tỉnh Điện Biên,Phường Điện Biên Phủ
Tỉnh Điện Biên,Thành phố Điện Biên Phủ,Phường Nam Thanh,Tỉnh Điện Biên,Phường Mường Thanh
Tỉnh Điện Biên,Thành phố Điện Biên Phủ,Phường Noong Bua,Tỉnh Điện Biên,Phường Mường Thanh
Tỉnh Điện Biên,Thành phố Điện Biên Phủ,Phường Thanh Bình,Tỉnh Điện Biên,Phường Điện Biên Phủ
Tỉnh Điện Biên,Thành phố Điện Biên Phủ,Phường Thanh Trường,Tỉnh Điện Biên,Phường Điện Biên Phủ
Tỉnh Điện Biên,Thành phố Điện Biên Phủ,Phường Tân Thanh,Tỉnh Điện Biên,Phường Điện Biên Phủ
Tỉnh Điện Biên,Thành phố Điện Biên Phủ,Xã Mường Phăng,Tỉnh Điện Biên,Xã Mường Phăng
Tỉnh Điện Biên,Thành phố Điện Biên Phủ,Xã Nà Nhạn,Tỉnh Điện Biên,Xã Mường Phăng
Tỉnh Điện Biên,Thành phố Điện Biên Phủ,Xã Nà Tấu,Tỉnh Điện Biên,Xã Nà Tấu
Tỉnh Điện Biên,Thành phố Điện Biên Phủ,Xã Pá Khoang,Tỉnh Điện Biên,Xã Mường Phăng
Tỉnh Điện Biên,Thành phố Điện Biên Phủ,Xã Thanh Minh,Tỉnh Điện Biên,Phường Điện Biên Phủ
Tỉnh Điện Biên,Thị xã Mường Lay,Phường Na Lay,Tỉnh Điện Biên,Phường Mường Lay
Tỉnh Điện Biên,Thị xã Mường Lay,Phường Sông Đà,Tỉnh Điện Biên,Phường Mường Lay
Tỉnh Điện Biên,Thị xã Mường Lay,Xã Lay Nưa,Tỉnh Điện Biên,Phường Mường Lay
Tỉnh Đắk Lắk,Huyện Buôn Đôn,Xã Cuôr KNia,Tỉnh Đắk Lắk,Xã Ea Nuôl
Tỉnh Đắk Lắk,Huyện Buôn Đôn,Xã Ea Bar,Tỉnh Đắk Lắk,Xã Ea Bá
Tỉnh Đắk Lắk,Huyện Buôn Đôn,Xã Ea Bar,Tỉnh Đắk Lắk,Xã Ea Ly
Tỉnh Đắk Lắk,Huyện Buôn Đôn,Xã Ea Bar,Tỉnh Đắk Lắk,Xã Ea Nuôl
Tỉnh Đắk Lắk,Huyện Buôn Đôn,Xã Ea Huar,Tỉnh Đắk Lắk,Xã Ea Wer
Tỉnh Đắk Lắk,Huyện Buôn Đôn,Xã Ea Nuôl,Tỉnh Đắk Lắk,Xã Ea Nuôl
Tỉnh Đắk Lắk,Huyện Buôn Đôn,Xã Ea Wer,Tỉnh Đắk Lắk,Xã Ea Wer
Tỉnh Đắk Lắk,Huyện Buôn Đôn,Xã Tân Hoà,Tỉnh Đắk Lắk,Xã Ea Wer
Tỉnh Đắk Lắk,Huyện Cư Kuin,Xã Dray Bhăng,Tỉnh Đắk Lắk,Xã Dray Bhăng
Tỉnh Đắk Lắk,Huyện Cư Kuin,Xã Ea BHốk,Tỉnh Đắk Lắk,Xã Dray Bhăng
Tỉnh Đắk Lắk,Huyện Cư Kuin,Xã Ea BHốk,Tỉnh Đắk Lắk,Xã Ea Ktur
Tỉnh Đắk Lắk,Huyện Cư Kuin,Xã Ea Hu,Tỉnh Đắk Lắk,Xã Ea Ning
Tỉnh Đắk Lắk,Huyện Cư Kuin,Xã Ea Ktur,Tỉnh Đắk Lắk,Xã Ea Ktur
Tỉnh Đắk Lắk,Huyện Cư Kuin,Xã Ea Ning,Tỉnh Đắk Lắk,Xã Ea Ning
Tỉnh Đắk Lắk,Huyện Cư Kuin,Xã Ea Tiêu,Tỉnh Đắk Lắk,Xã Ea Ktur
Tỉnh Đắk Lắk,Huyện Cư Kuin,Xã Hòa Hiệp,Tỉnh Đắk Lắk,Xã Dray Bhăng
Tỉnh Đắk Lắk,Huyện Cư M'gar,Thị trấn Ea Pốk,Tỉnh Đắk Lắk,Xã Quảng Phú
Tỉnh Đắk Lắk,Huyện Cư M'gar,Thị trấn Quảng Phú,Tỉnh Đắk Lắk,Xã Quảng Phú
Tỉnh Đắk Lắk,Huyện Cư M'gar,Xã Cư Suê,Tỉnh Đắk Lắk,Xã Quảng Phú
Tỉnh Đắk Lắk,Huyện Cư M'gar,Xã Ea KPam,Tỉnh Đắk Lắk,Xã Cư M'gar
Tỉnh Đắk Lắk,Huyện Cư M'gar,Xã Ea Kiết,Tỉnh Đắk Lắk,Xã Ea Kiết
Tỉnh Đắk Lắk,Huyện Cư M'gar,Xã Ea Kuêh,Tỉnh Đắk Lắk,Xã Ea Kiết
Tỉnh Đắk Lắk,Huyện Cư M'gar,Xã Ea Tar,Tỉnh Đắk Lắk,Xã Ea Tul
Tỉnh Đắk Lắk,Huyện Cư M'gar,Xã Ea Tul,Tỉnh Đắk Lắk,Xã Ea Tul
Tỉnh Đắk Lắk,Huyện Cư M'gar,Xã Quảng Hiệp,Tỉnh Đắk Lắk,Xã Ea M'Droh
Tỉnh Đắk Lắk,Huyện Cư M'gar,Xã Quảng Tiến,Tỉnh Đắk Lắk,Xã Quảng Phú
Tỉnh Đắk Lắk,Huyện Ea H'leo,Thị trấn Ea Drăng,Tỉnh Đắk Lắk,Xã Ea Drăng
Tỉnh Đắk Lắk,Huyện Ea H'leo,Xã Cư A Mung,Tỉnh Đắk Lắk,Xã Ea Wy
Tỉnh Đắk Lắk,Huyện Ea H'leo,Xã Cư Mốt,Tỉnh Đắk Lắk,Xã Ea Wy
Tỉnh Đắk Lắk,Huyện Ea H'leo,Xã Dliê Yang,Tỉnh Đắk Lắk,Xã Ea Drăng
Tỉnh Đắk Lắk,Huyện Ea H'leo,Xã Ea Hiao,Tỉnh Đắk Lắk,Xã Ea Hiao
Tỉnh Đắk Lắk,Huyện Ea H'leo,Xã Ea Nam,Tỉnh Đắk Lắk,Xã Ea Khăl
Tỉnh Đắk Lắk,Huyện Ea H'leo,Xã Ea Ral,Tỉnh Đắk Lắk,Xã Ea Drăng
Tỉnh Đắk Lắk,Huyện Ea H'leo,Xã Ea Sol,Tỉnh Đắk Lắk,Xã Ea Hiao
Tỉnh Đắk Lắk,Huyện Ea H'leo,Xã Ea Tir,Tỉnh Đắk Lắk,Xã Ea Khăl
Tỉnh Đắk Lắk,Huyện Ea H'leo,Xã Ea Wy,Tỉnh Đắk Lắk,Xã Ea Wy
Tỉnh Đắk Lắk,Huyện Ea Kar,Thị trấn Ea Kar,Tỉnh Đắk Lắk,Xã Ea Kar
Tỉnh Đắk Lắk,Huyện Ea Kar,Thị trấn Ea Knốp,Tỉnh Đắk Lắk,Xã Ea Knốp
Tỉnh Đắk Lắk,Huyện Ea Kar,Xã Cư Bông,Tỉnh Đắk Lắk,Xã Cư Yang
Tỉnh Đắk Lắk,Huyện Ea Kar,Xã Cư ELang,Tỉnh Đắk Lắk,Xã Ea Ô
Tỉnh Đắk Lắk,Huyện Ea Kar,Xã Cư Huê,Tỉnh Đắk Lắk,Xã Ea Kar
Tỉnh Đắk Lắk,Huyện Ea Kar,Xã Cư Ni,Tỉnh Đắk Lắk,Xã Ea Kar
Tỉnh Đắk Lắk,Huyện Ea Kar,Xã Cư Prông,Tỉnh Đắk Lắk,Xã Ea Păl
Tỉnh Đắk Lắk,Huyện Ea Kar,Xã Ea Kmút,Tỉnh Đắk Lắk,Xã Ea Kar
Tỉnh Đắk Lắk,Huyện Ea Kar,Xã Ea Păl,Tỉnh Đắk Lắk,Xã Ea Păl
Tỉnh Đắk Lắk,Huyện Ea Kar,Xã Ea Sar,Tỉnh Đắk Lắk,Xã Ea Knốp
Tỉnh Đắk Lắk,Huyện Ea Kar,Xã Ea Sô,Tỉnh Đắk Lắk,Xã Ea Knốp
Tỉnh Đắk Lắk,Huyện Ea Kar,Xã Ea Tih,Tỉnh Đắk Lắk,Xã Ea Knốp
Tỉnh Đắk Lắk,Huyện Ea Kar,Xã Ea Ô,Tỉnh Đắk Lắk,Xã Ea Ô
Tỉnh Đắk Lắk,Huyện Ea Kar,Xã Ea Đar,Tỉnh Đắk Lắk,Xã Ea Kar
Tỉnh Đắk Lắk,Huyện Ea Kar,Xã Xuân Phú,Tỉnh Đắk Lắk,Xã Ea Kar
Tỉnh Đắk Lắk,Huyện Ea Súp,Thị trấn Ea Súp,Tỉnh Đắk Lắk,Xã Ea Súp
Tỉnh Đắk Lắk,Huyện Ea Súp,Xã Cư KBang,Tỉnh Đắk Lắk,Xã Ea Rốk
Tỉnh Đắk Lắk,Huyện Ea Súp,Xã Ea Bung,Tỉnh Đắk Lắk,Xã Ea Bung
Tỉnh Đắk Lắk,Huyện Ea Súp,Xã Ea Lê,Tỉnh Đắk Lắk,Xã Ea Súp
Tỉnh Đắk Lắk,Huyện Ea Súp,Xã Ea Rốk,Tỉnh Đắk Lắk,Xã Ea Rốk
Tỉnh Đắk Lắk,Huyện Ea Súp,Xã Ia JLơi,Tỉnh Đắk Lắk,Xã Ea Rốk
Tỉnh Đắk Lắk,Huyện Ea Súp,Xã Ya Tờ Mốt,Tỉnh Đắk Lắk,Xã Ea Bung
Tỉnh Đắk Lắk,Huyện Krông A Na,Thị trấn Buôn Trấp,Tỉnh Đắk Lắk,Xã Krông Ana
Tỉnh Đắk Lắk,Huyện Krông A Na,Xã Bình Hòa,Tỉnh Đắk Lắk,Xã Krông Ana
Tỉnh Đắk Lắk,Huyện Krông A Na,Xã Băng A Drênh,Tỉnh Đắk Lắk,Xã Dur Kmăl
Tỉnh Đắk Lắk,Huyện Krông A Na,Xã Dray Sáp,Tỉnh Đắk Lắk,Xã Ea Na
Tỉnh Đắk Lắk,Huyện Krông A Na,Xã Dur KMăl,Tỉnh Đắk Lắk,Xã Dur Kmăl
Tỉnh Đắk Lắk,Huyện Krông A Na,Xã Ea Bông,Tỉnh Đắk Lắk,Xã Ea Na
Tỉnh Đắk Lắk,Huyện Krông A Na,Xã Ea Na,Tỉnh Đắk Lắk,Xã Ea Na
Tỉnh Đắk Lắk,Huyện Krông A Na,Xã Quảng Điền,Tỉnh Đắk Lắk,Xã Krông Ana
Tỉnh Đắk Lắk,Huyện Krông Bông,Thị trấn Krông Kmar,Tỉnh Đắk Lắk,Xã Krông Bông
Tỉnh Đắk Lắk,Huyện Krông Bông,Xã Cư Drăm,Tỉnh Đắk Lắk,Xã Yang Mao
Tỉnh Đắk Lắk,Huyện Krông Bông,Xã Cư KTy,Tỉnh Đắk Lắk,Xã Dang Kang
Tỉnh Đắk Lắk,Huyện Krông Bông,Xã Cư Pui,Tỉnh Đắk Lắk,Xã Cư Pui
Tỉnh Đắk Lắk,Huyện Krông Bông,Xã Dang Kang,Tỉnh Đắk Lắk,Xã Dang Kang
Tỉnh Đắk Lắk,Huyện Krông Bông,Xã Ea Trul,Tỉnh Đắk Lắk,Xã Hoà Sơn
Tỉnh Đắk Lắk,Huyện Krông Bông,Xã Hòa Lễ,Tỉnh Đắk Lắk,Xã Krông Bông
Tỉnh Đắk Lắk,Huyện Krông Bông,Xã Hòa Phong,Tỉnh Đắk Lắk,Xã Cư Pui
Tỉnh Đắk Lắk,Huyện Krông Bông,Xã Hòa Sơn,Tỉnh Đắk Lắk,Xã Hoà Sơn
Tỉnh Đắk Lắk,Huyện Krông Bông,Xã Hòa Thành,Tỉnh Đắk Lắk,Xã Dang Kang
Tỉnh Đắk Lắk,Huyện Krông Bông,Xã Khuê Ngọc Điền,Tỉnh Đắk Lắk,Xã Krông Bông
Tỉnh Đắk Lắk,Huyện Krông Bông,Xã Yang Mao,Tỉnh Đắk Lắk,Xã Yang Mao
Tỉnh Đắk Lắk,Huyện Krông Bông,Xã Yang Reh,Tỉnh Đắk Lắk,Xã Hoà Sơn
Tỉnh Đắk Lắk,Huyện Krông Búk,Thị trấn Pơng Drang,Tỉnh Đắk Lắk,Xã Pơng Drang
Tỉnh Đắk Lắk,Huyện Krông Búk,Xã Cư Né,Tỉnh Đắk Lắk,Xã Krông Búk
Tỉnh Đắk Lắk,Huyện Krông Búk,Xã Cư Pơng,Tỉnh Đắk Lắk,Xã Cư Pơng
Tỉnh Đắk Lắk,Huyện Krông Búk,Xã Ea Ngai,Tỉnh Đắk Lắk,Xã Pơng Drang
Tỉnh Đắk Lắk,Huyện Krông Búk,Xã Ea Sin,Tỉnh Đắk Lắk,Xã Cư Pơng
Tỉnh Đắk Lắk,Huyện Krông Búk,Xã Tân Lập,Tỉnh Đắk Lắk,Xã Pơng Drang
Tỉnh Đắk Lắk,Huyện Krông Năng,Thị trấn Krông Năng,Tỉnh Đắk Lắk,Xã Krông Năng
Tỉnh Đắk Lắk,Huyện Krông Năng,Xã Cư Klông,Tỉnh Đắk Lắk,Xã Tam Giang
Tỉnh Đắk Lắk,Huyện Krông Năng,Xã Ea Dăh,Tỉnh Đắk Lắk,Xã Phú Xuân
Tỉnh Đắk Lắk,Huyện Krông Năng,Xã Ea Hồ,Tỉnh Đắk Lắk,Xã Krông Năng
Tỉnh Đắk Lắk,Huyện Krông Năng,Xã Ea Tam,Tỉnh Đắk Lắk,Xã Tam Giang
Tỉnh Đắk Lắk,Huyện Krông Năng,Xã Ea Tân,Tỉnh Đắk Lắk,Xã Dliê Ya
Tỉnh Đắk Lắk,Huyện Krông Năng,Xã Ea Tóh,Tỉnh Đắk Lắk,Xã Dliê Ya
Tỉnh Đắk Lắk,Huyện Krông Năng,Xã Phú Lộc,Tỉnh Đắk Lắk,Xã Krông Năng
Tỉnh Đắk Lắk,Huyện Krông Năng,Xã Phú Xuân,Tỉnh Đắk Lắk,Xã Phú Xuân
Tỉnh Đắk Lắk,Huyện Krông Năng,Xã Tam Giang,Tỉnh Đắk Lắk,Xã Tam Giang
Tỉnh Đắk Lắk,Huyện Krông Pắc,Thị trấn Phước An,Tỉnh Đắk Lắk,Xã Krông Pắc
Tỉnh Đắk Lắk,Huyện Krông Pắc,Xã Ea Hiu,Tỉnh Đắk Lắk,Xã Ea Phê
Tỉnh Đắk Lắk,Huyện Krông Pắc,Xã Ea Kly,Tỉnh Đắk Lắk,Xã Ea Kly
Tỉnh Đắk Lắk,Huyện Krông Pắc,Xã Ea Kuăng,Tỉnh Đắk Lắk,Xã Ea Phê
Tỉnh Đắk Lắk,Huyện Krông Pắc,Xã Ea Kênh,Tỉnh Đắk Lắk,Xã Ea Knuếc
Tỉnh Đắk Lắk,Huyện Krông Pắc,Xã Ea Phê,Tỉnh Đắk Lắk,Xã Ea Phê
Tỉnh Đắk Lắk,Huyện Krông Pắc,Xã Ea Uy,Tỉnh Đắk Lắk,Xã Tân Tiến
Tỉnh Đắk Lắk,Huyện Krông Pắc,Xã Ea Yiêng,Tỉnh Đắk Lắk,Xã Tân Tiến
Tỉnh Đắk Lắk,Huyện Krông Pắc,Xã Ea Yông,Tỉnh Đắk Lắk,Xã Krông Pắc
Tỉnh Đắk Lắk,Huyện Krông Pắc,Xã Hòa An,Tỉnh Đắk Lắk,Xã Krông Pắc
Tỉnh Đắk Lắk,Huyện Krông Pắc,Xã Hòa Tiến,Tỉnh Đắk Lắk,Xã Krông Pắc
Tỉnh Đắk Lắk,Huyện Krông Pắc,Xã Hòa Đông,Tỉnh Đắk Lắk,Xã Ea Knuếc
Tỉnh Đắk Lắk,Huyện Krông Pắc,Xã KRông Búk,Tỉnh Đắk Lắk,Xã Ea Kly
Tỉnh Đắk Lắk,Huyện Krông Pắc,Xã Tân Tiến,Tỉnh Đắk Lắk,Xã Tân Tiến
Tỉnh Đắk Lắk,Huyện Lắk,Thị trấn Liên Sơn,Tỉnh Đắk Lắk,Xã Liên Sơn Lắk
Tỉnh Đắk Lắk,Huyện Lắk,Xã Buôn Triết,Tỉnh Đắk Lắk,Xã Đắk Liêng
Tỉnh Đắk Lắk,Huyện Lắk,Xã Buôn Tría,Tỉnh Đắk Lắk,Xã Đắk Liêng
Tỉnh Đắk Lắk,Huyện Lắk,Xã Bông Krang,Tỉnh Đắk Lắk,Xã Liên Sơn Lắk
Tỉnh Đắk Lắk,Huyện Lắk,Xã Nam Ka,Tỉnh Đắk Lắk,Xã Nam Ka
Tỉnh Đắk Lắk,Huyện Lắk,Xã Yang Tao,Tỉnh Đắk Lắk,Xã Liên Sơn Lắk
Tỉnh Đắk Lắk,Huyện Lắk,Xã Đắk Liêng,Tỉnh Đắk Lắk,Xã Đắk Liêng
Tỉnh Đắk Lắk,Huyện Lắk,Xã Đắk Nuê,Tỉnh Đắk Lắk,Xã Đắk Phơi
Tỉnh Đắk Lắk,Huyện Lắk,Xã Đắk Phơi,Tỉnh Đắk Lắk,Xã Đắk Phơi
Tỉnh Đắk Lắk,Huyện M'Đrắk,Xã Cư Prao,Tỉnh Đắk Lắk,Xã Cư Prao
Tỉnh Đắk Lắk,Huyện M'Đrắk,Xã Cư San,Tỉnh Đắk Lắk,Xã Krông Á
Tỉnh Đắk Lắk,Huyện M'Đrắk,Xã Ea Lai,Tỉnh Đắk Lắk,Xã M'Drắk
Tỉnh Đắk Lắk,Huyện M'Đrắk,Xã Ea Pil,Tỉnh Đắk Lắk,Xã Cư Prao
Tỉnh Đắk Lắk,Huyện M'Đrắk,Xã Ea Riêng,Tỉnh Đắk Lắk,Xã Ea Riêng
Tỉnh Đắk Lắk,Huyện M'Đrắk,Xã Krông Jing,Tỉnh Đắk Lắk,Xã M'Drắk
Tỉnh Đắk Lắk,Huyện M'Đrắk,Xã Krông Á,Tỉnh Đắk Lắk,Xã Krông Á
Tỉnh Đắk Lắk,Thành phố Buôn Ma Thuột,Phường Ea Tam,Tỉnh Đắk Lắk,Phường Ea Kao
Tỉnh Đắk Lắk,Thành phố Buôn Ma Thuột,Phường Khánh Xuân,Tỉnh Đắk Lắk,Phường Thành Nhất
Tỉnh Đắk Lắk,Thành phố Buôn Ma Thuột,Phường Thành Công,Tỉnh Đắk Lắk,Phường Buôn Ma Thuột
Tỉnh Đắk Lắk,Thành phố Buôn Ma Thuột,Phường Thành Nhất,Tỉnh Đắk Lắk,Phường Thành Nhất
Tỉnh Đắk Lắk,Thành phố Buôn Ma Thuột,Phường Tân An,Tỉnh Đắk Lắk,Phường Tân An
Tỉnh Đắk Lắk,Thành phố Buôn Ma Thuột,Phường Tân Hòa,Tỉnh Đắk Lắk,Phường Tân Lập
Tỉnh Đắk Lắk,Thành phố Buôn Ma Thuột,Phường Tân Lập,Tỉnh Đắk Lắk,Phường Tân Lập
Tỉnh Đắk Lắk,Thành phố Buôn Ma Thuột,Phường Tân Lợi,Tỉnh Đắk Lắk,Phường Buôn Ma Thuột
Tỉnh Đắk Lắk,Thành phố Buôn Ma Thuột,Phường Tân Thành,Tỉnh Đắk Lắk,Phường Buôn Ma Thuột
Tỉnh Đắk Lắk,Thành phố Buôn Ma Thuột,Phường Tân Tiến,Tỉnh Đắk Lắk,Phường Buôn Ma Thuột
Tỉnh Đắk Lắk,Thành phố Buôn Ma Thuột,Phường Tự An,Tỉnh Đắk Lắk,Phường Buôn Ma Thuột
Tỉnh Đắk Lắk,Thành phố Buôn Ma Thuột,Xã Cư ÊBur,Tỉnh Đắk Lắk,Phường Buôn Ma Thuột
Tỉnh Đắk Lắk,Thành phố Buôn Ma Thuột,Xã Ea Kao,Tỉnh Đắk Lắk,Phường Ea Kao
Tỉnh Đắk Lắk,Thành phố Buôn Ma Thuột,Xã Ea Tu,Tỉnh Đắk Lắk,Phường Tân An
Tỉnh Đắk Lắk,Thành phố Buôn Ma Thuột,Xã Hòa Khánh,Tỉnh Đắk Lắk,Xã Hoà Phú
Tỉnh Đắk Lắk,Thành phố Buôn Ma Thuột,Xã Hòa Phú,Tỉnh Đắk Lắk,Xã Hoà Phú
Tỉnh Đắk Lắk,Thành phố Buôn Ma Thuột,Xã Hòa Thuận,Tỉnh Đắk Lắk,Phường Tân An
Tỉnh Đắk Lắk,Thành phố Buôn Ma Thuột,Xã Hòa Thắng,Tỉnh Đắk Lắk,Phường Tân Lập
Tỉnh Đắk Lắk,Thành phố Buôn Ma Thuột,Xã Hòa Xuân,Tỉnh Đắk Lắk,Xã Hoà Phú
Tỉnh Đắk Lắk,Thị xã Buôn Hồ,Phường An Bình,Tỉnh Đắk Lắk,Phường Buôn Hồ
Tỉnh Đắk Lắk,Thị xã Buôn Hồ,Phường An Lạc,Tỉnh Đắk Lắk,Phường Buôn Hồ
Tỉnh Đắk Lắk,Thị xã Buôn Hồ,Phường Bình Tân,Tỉnh Đắk Lắk,Phường Cư Bao
Tỉnh Đắk Lắk,Thị xã Buôn Hồ,Phường Thiện An,Tỉnh Đắk Lắk,Phường Buôn Hồ
Tỉnh Đắk Lắk,Thị xã Buôn Hồ,Phường Thống Nhất,Tỉnh Đắk Lắk,Phường Buôn Hồ
Tỉnh Đắk Lắk,Thị xã Buôn Hồ,Phường Đoàn Kết,Tỉnh Đắk Lắk,Phường Buôn Hồ
Tỉnh Đắk Lắk,Thị xã Buôn Hồ,Phường Đạt Hiếu,Tỉnh Đắk Lắk,Phường Buôn Hồ
Tỉnh Đắk Lắk,Thị xã Buôn Hồ,Xã Bình Thuận,Tỉnh Đắk Lắk,Phường Cư Bao
Tỉnh Đắk Lắk,Thị xã Buôn Hồ,Xã Cư Bao,Tỉnh Đắk Lắk,Phường Cư Bao
Tỉnh Đắk Lắk,Thị xã Buôn Hồ,Xã Ea Drông,Tỉnh Đắk Lắk,Xã Ea Drông
Tỉnh Đắk Lắk,Thị xã Buôn Hồ,Xã Ea Siên,Tỉnh Đắk Lắk,Xã Ea Drông
Tỉnh Đắk Nông,Huyện Cư Jút,Xã Ea Pô,Tỉnh Lâm Đồng,Xã Đắk Wil
Tỉnh Đắk Nông,Huyện Cư Jút,Xã Nam Dong,Tỉnh Lâm Đồng,Xã Nam Dong
Tỉnh Đắk Nông,Huyện Cư Jút,Xã Trúc Sơn,Tỉnh Lâm Đồng,Xã Cư Jút
Tỉnh Đắk Nông,Huyện Cư Jút,Xã Tâm Thắng,Tỉnh Lâm Đồng,Xã Cư Jút
Tỉnh Đắk Nông,Huyện Cư Jút,Xã Đắk Wil,Tỉnh Lâm Đồng,Xã Đắk Wil
Tỉnh Đắk Nông,Huyện Krông Nô,Thị trấn Đắk Mâm,Tỉnh Lâm Đồng,Xã Krông Nô
Tỉnh Đắk Nông,Huyện Krông Nô,Xã Nam Xuân,Tỉnh Lâm Đồng,Xã Đắk Sắk
Tỉnh Đắk Nông,Huyện Krông Nô,Xã Nam Đà,Tỉnh Lâm Đồng,Xã Nam Đà
Tỉnh Đắk Nông,Huyện Krông Nô,Xã Nâm Nung,Tỉnh Lâm Đồng,Xã Nâm Nung
Tỉnh Đắk Nông,Huyện Krông Nô,Xã Quảng Phú,Tỉnh Lâm Đồng,Xã Quảng Phú
Tỉnh Đắk Nông,Huyện Krông Nô,Xã Tân Thành,Tỉnh Lâm Đồng,Xã Krông Nô
Tỉnh Đắk Nông,Huyện Krông Nô,Xã Đắk Drô,Tỉnh Lâm Đồng,Xã Krông Nô
Tỉnh Đắk Nông,Huyện Krông Nô,Xã Đắk Nang,Tỉnh Lâm Đồng,Xã Quảng Phú
Tỉnh Đắk Nông,Huyện Krông Nô,Xã Đắk Sôr,Tỉnh Lâm Đồng,Xã Nam Đà
Tỉnh Đắk Nông,Huyện Krông Nô,Xã Đức Xuyên,Tỉnh Lâm Đồng,Xã Quảng Phú
Tỉnh Đắk Nông,Huyện Tuy Đức,Xã Quảng Tâm,Tỉnh Lâm Đồng,Xã Tuy Đức
Tỉnh Đắk Nông,Huyện Tuy Đức,Xã Quảng Tân,Tỉnh Lâm Đồng,Xã Quảng Tân
Tỉnh Đắk Nông,Huyện Tuy Đức,Xã Đắk Búk So,Tỉnh Lâm Đồng,Xã Tuy Đức
Tỉnh Đắk Nông,Huyện Tuy Đức,Xã Đắk Ngo,Tỉnh Lâm Đồng,Xã Quảng Tân
Tỉnh Đắk Nông,Huyện Đăk Glong,Xã Quảng Khê,Tỉnh Lâm Đồng,Xã Quảng Khê
Tỉnh Đắk Nông,Huyện Đăk Glong,Xã Đắk Ha,Tỉnh Lâm Đồng,Phường Bắc Gia Nghĩa
Tỉnh Đắk Nông,Huyện Đăk Glong,Xã Đắk Plao,Tỉnh Lâm Đồng,Xã Quảng Khê
Tỉnh Đắk Nông,Huyện Đăk Glong,Xã Đắk Som,Tỉnh Lâm Đồng,Xã Tà Đùng
Tỉnh Đắk Nông,Huyện Đắk Mil,Thị trấn Đắk Mil,Tỉnh Lâm Đồng,Xã Đức Lập
Tỉnh Đắk Nông,Huyện Đắk Mil,Xã Long Sơn,Tỉnh Lâm Đồng,Xã Đắk Sắk
Tỉnh Đắk Nông,Huyện Đắk Mil,Xã Thuận An,Tỉnh Lâm Đồng,Xã Thuận An
Tỉnh Đắk Nông,Huyện Đắk Mil,Xã Đắk Gằn,Tỉnh Lâm Đồng,Xã Đắk Mil
Tỉnh Đắk Nông,Huyện Đắk Mil,Xã Đắk Lao,Tỉnh Lâm Đồng,Xã Thuận An
Tỉnh Đắk Nông,Huyện Đắk Mil,Xã Đắk Sắk,Tỉnh Lâm Đồng,Xã Đắk Sắk
Tỉnh Đắk Nông,Huyện Đắk Mil,Xã Đức Minh,Tỉnh Lâm Đồng,Xã Đức Lập
Tỉnh Đắk Nông,Huyện Đắk Mil,Xã Đức Mạnh,Tỉnh Lâm Đồng,Xã Đức Lập
Tỉnh Đắk Nông,Huyện Đắk R'Lấp,Thị trấn Kiến Đức,Tỉnh Lâm Đồng,Xã Kiến Đức
Tỉnh Đắk Nông,Huyện Đắk R'Lấp,Xã Hưng Bình,Tỉnh Lâm Đồng,Xã Quảng Tín
Tỉnh Đắk Nông,Huyện Đắk R'Lấp,Xã Kiến Thành,Tỉnh Lâm Đồng,Xã Kiến Đức
Tỉnh Đắk Nông,Huyện Đắk R'Lấp,Xã Nghĩa Thắng,Tỉnh Lâm Đồng,Xã Kiến Đức
Tỉnh Đắk Nông,Huyện Đắk R'Lấp,Xã Nhân Cơ,Tỉnh Lâm Đồng,Xã Nhân Cơ
Tỉnh Đắk Nông,Huyện Đắk R'Lấp,Xã Nhân Đạo,Tỉnh Lâm Đồng,Xã Nhân Cơ
Tỉnh Đắk Nông,Huyện Đắk R'Lấp,Xã Quảng Tín,Tỉnh Lâm Đồng,Xã Quảng Tín
Tỉnh Đắk Nông,Huyện Đắk R'Lấp,Xã Đạo Nghĩa,Tỉnh Lâm Đồng,Xã Kiến Đức
Tỉnh Đắk Nông,Huyện Đắk R'Lấp,Xã Đắk Ru,Tỉnh Lâm Đồng,Xã Quảng Tín
Tỉnh Đắk Nông,Huyện Đắk R'Lấp,Xã Đắk Sin,Tỉnh Lâm Đồng,Xã Quảng Tín
Tỉnh Đắk Nông,Huyện Đắk R'Lấp,Xã Đắk Wer,Tỉnh Lâm Đồng,Xã Nhân Cơ
Tỉnh Đắk Nông,Huyện Đắk Song,Thị trấn Đức An,Tỉnh Lâm Đồng,Xã Đức An
Tỉnh Đắk Nông,Huyện Đắk Song,Xã Nam Bình,Tỉnh Lâm Đồng,Xã Đức An
Tỉnh Đắk Nông,Huyện Đắk Song,Xã Thuận Hà,Tỉnh Lâm Đồng,Xã Thuận Hạnh
Tỉnh Đắk Nông,Huyện Đắk Song,Xã Thuận Hạnh,Tỉnh Lâm Đồng,Xã Thuận Hạnh
Tỉnh Đắk Nông,Huyện Đắk Song,Xã Trường Xuân,Tỉnh Lâm Đồng,Xã Trường Xuân
Tỉnh Đắk Nông,Huyện Đắk Song,Xã Đắk Hòa,Tỉnh Lâm Đồng,Xã Đắk Song
Tỉnh Đắk Nông,Huyện Đắk Song,Xã Đắk Môl,Tỉnh Lâm Đồng,Xã Đắk Song
Tỉnh Đắk Nông,Thành phố Gia Nghĩa,Phường Nghĩa Phú,Tỉnh Lâm Đồng,Phường Nam Gia Nghĩa
Tỉnh Đắk Nông,Thành phố Gia Nghĩa,Phường Nghĩa Thành,Tỉnh Lâm Đồng,Phường Bắc Gia Nghĩa
Tỉnh Đắk Nông,Thành phố Gia Nghĩa,Phường Nghĩa Trung,Tỉnh Lâm Đồng,Phường Đông Gia Nghĩa
Tỉnh Đắk Nông,Thành phố Gia Nghĩa,Phường Nghĩa Tân,Tỉnh Lâm Đồng,Phường Nam Gia Nghĩa
Tỉnh Đắk Nông,Thành phố Gia Nghĩa,Phường Nghĩa Đức,Tỉnh Lâm Đồng,Phường Bắc Gia Nghĩa
Tỉnh Đắk Nông,Thành phố Gia Nghĩa,Phường Quảng Thành,Tỉnh Lâm Đồng,Phường Bắc Gia Nghĩa
Tỉnh Đắk Nông,Thành phố Gia Nghĩa,Xã Đắk Nia,Tỉnh Lâm Đồng,Phường Đông Gia Nghĩa
Tỉnh Đồng Nai,Huyện Cẩm Mỹ,Thị trấn Long Giao,Thành phố Đồng Nai,Xã Cẩm Mỹ
Tỉnh Đồng Nai,Huyện Cẩm Mỹ,Xã Bảo Bình,Thành phố Đồng Nai,Xã Cẩm Mỹ
Tỉnh Đồng Nai,Huyện Cẩm Mỹ,Xã Lâm San,Thành phố Đồng Nai,Xã Sông Ray
Tỉnh Đồng Nai,Huyện Cẩm Mỹ,Xã Nhân Nghĩa,Thành phố Đồng Nai,Xã Cẩm Mỹ
Tỉnh Đồng Nai,Huyện Cẩm Mỹ,Xã Sông Nhạn,Thành phố Đồng Nai,Xã Xuân Quế
Tỉnh Đồng Nai,Huyện Cẩm Mỹ,Xã Sông Ray,Thành phố Đồng Nai,Xã Sông Ray
Tỉnh Đồng Nai,Huyện Cẩm Mỹ,Xã Thừa Đức,Thành phố Đồng Nai,Xã Xuân Đường
Tỉnh Đồng Nai,Huyện Cẩm Mỹ,Xã Xuân Bảo,Thành phố Đồng Nai,Xã Xuân Định
Tỉnh Đồng Nai,Huyện Cẩm Mỹ,Xã Xuân Mỹ,Thành phố Đồng Nai,Xã Cẩm Mỹ
Tỉnh Đồng Nai,Huyện Cẩm Mỹ,Xã Xuân Quế,Thành phố Đồng Nai,Xã Xuân Quế
Tỉnh Đồng Nai,Huyện Cẩm Mỹ,Xã Xuân Tây,Thành phố Đồng Nai,Xã Xuân Đông
Tỉnh Đồng Nai,Huyện Cẩm Mỹ,Xã Xuân Đông,Thành phố Đồng Nai,Xã Xuân Đông
Tỉnh Đồng Nai,Huyện Cẩm Mỹ,Xã Xuân Đường,Thành phố Đồng Nai,Xã Xuân Đường
Tỉnh Đồng Nai,Huyện Long Thành,Thị trấn Long Thành,Thành phố Đồng Nai,Phường Long Thành
Tỉnh Đồng Nai,Huyện Long Thành,Xã An Phước,Thành phố Đồng Nai,Xã An Phước
Tỉnh Đồng Nai,Huyện Long Thành,Xã Bàu Cạn,Thành phố Đồng Nai,Xã Long Phước
Tỉnh Đồng Nai,Huyện Long Thành,Xã Bình An,Thành phố Đồng Nai,Xã Bình An
Tỉnh Đồng Nai,Huyện Long Thành,Xã Bình Sơn,Thành phố Đồng Nai,Phường Long Thành
Tỉnh Đồng Nai,Huyện Long Thành,Xã Cẩm Đường,Thành phố Đồng Nai,Xã Xuân Đường
Tỉnh Đồng Nai,Huyện Long Thành,Xã Long An,Thành phố Đồng Nai,Phường Long Thành
Tỉnh Đồng Nai,Huyện Long Thành,Xã Long Phước,Thành phố Đồng Nai,Xã Long Phước
Tỉnh Đồng Nai,Huyện Long Thành,Xã Long Đức,Thành phố Đồng Nai,Xã Bình An
Tỉnh Đồng Nai,Huyện Long Thành,Xã Phước Bình,Thành phố Đồng Nai,Xã Phước Thái
Tỉnh Đồng Nai,Huyện Long Thành,Xã Phước Thái,Thành phố Đồng Nai,Xã Phước Thái
Tỉnh Đồng Nai,Huyện Long Thành,Xã Tam An,Thành phố Đồng Nai,Xã An Phước
Tỉnh Đồng Nai,Huyện Long Thành,Xã Tân Hiệp,Thành phố Đồng Nai,Xã Phước Thái
Tỉnh Đồng Nai,Huyện Nhơn Trạch,Thị trấn Hiệp Phước,Thành phố Đồng Nai,Phường Nhơn Trạch
Tỉnh Đồng Nai,Huyện Nhơn Trạch,Xã Long Thọ,Thành phố Đồng Nai,Xã Phước An
Tỉnh Đồng Nai,Huyện Nhơn Trạch,Xã Long Tân,Thành phố Đồng Nai,Phường Nhơn Trạch
Tỉnh Đồng Nai,Huyện Nhơn Trạch,Xã Phú Hội,Thành phố Đồng Nai,Phường Nhơn Trạch
Tỉnh Đồng Nai,Huyện Nhơn Trạch,Xã Phú Hữu,Thành phố Đồng Nai,Xã Đại Phước
Tỉnh Đồng Nai,Huyện Nhơn Trạch,Xã Phú Thạnh,Thành phố Đồng Nai,Phường Nhơn Trạch
Tỉnh Đồng Nai,Huyện Nhơn Trạch,Xã Phú Đông,Thành phố Đồng Nai,Xã Đại Phước
Tỉnh Đồng Nai,Huyện Nhơn Trạch,Xã Phước An,Thành phố Đồng Nai,Xã Phước An
Tỉnh Đồng Nai,Huyện Nhơn Trạch,Xã Phước Khánh,Thành phố Đồng Nai,Xã Đại Phước
Tỉnh Đồng Nai,Huyện Nhơn Trạch,Xã Phước Thiền,Thành phố Đồng Nai,Phường Nhơn Trạch
Tỉnh Đồng Nai,Huyện Nhơn Trạch,Xã Vĩnh Thanh,Thành phố Đồng Nai,Xã Phước An
Tỉnh Đồng Nai,Huyện Nhơn Trạch,Xã Đại Phước,Thành phố Đồng Nai,Xã Đại Phước
Tỉnh Đồng Nai,Huyện Thống Nhất,Thị trấn Dầu Giây,Thành phố Đồng Nai,Phường Dầu Giây
Tỉnh Đồng Nai,Huyện Thống Nhất,Xã Bàu Hàm 2,Thành phố Đồng Nai,Phường Dầu Giây
Tỉnh Đồng Nai,Huyện Thống Nhất,Xã Gia Kiệm,Thành phố Đồng Nai,Xã Gia Kiệm
Tỉnh Đồng Nai,Huyện Thống Nhất,Xã Gia Tân 1,Thành phố Đồng Nai,Xã Thống Nhất
Tỉnh Đồng Nai,Huyện Thống Nhất,Xã Gia Tân 2,Thành phố Đồng Nai,Xã Thống Nhất
Tỉnh Đồng Nai,Huyện Thống Nhất,Xã Gia Tân 3,Thành phố Đồng Nai,Xã Gia Kiệm
Tỉnh Đồng Nai,Huyện Thống Nhất,Xã Hưng Lộc,Thành phố Đồng Nai,Phường Dầu Giây
Tỉnh Đồng Nai,Huyện Thống Nhất,Xã Lộ 25,Thành phố Đồng Nai,Phường Dầu Giây
Tỉnh Đồng Nai,Huyện Thống Nhất,Xã Quang Trung,Thành phố Đồng Nai,Xã Gia Kiệm
Tỉnh Đồng Nai,Huyện Thống Nhất,Xã Xuân Thiện,Thành phố Đồng Nai,Phường Bình Lộc
Tỉnh Đồng Nai,Huyện Trảng Bom,Thị trấn Trảng Bom,Thành phố Đồng Nai,Phường Trảng Bom
Tỉnh Đồng Nai,Huyện Trảng Bom,Xã An Viễn,Thành phố Đồng Nai,Xã An Viễn
Tỉnh Đồng Nai,Huyện Trảng Bom,Xã Bàu Hàm,Thành phố Đồng Nai,Xã Bàu Hàm
Tỉnh Đồng Nai,Huyện Trảng Bom,Xã Bình Minh,Thành phố Đồng Nai,Xã Bình Minh
Tỉnh Đồng Nai,Huyện Trảng Bom,Xã Bắc Sơn,Thành phố Đồng Nai,Xã Bình Minh
Tỉnh Đồng Nai,Huyện Trảng Bom,Xã Cây Gáo,Thành phố Đồng Nai,Xã Bàu Hàm
Tỉnh Đồng Nai,Huyện Trảng Bom,Xã Giang Điền,Thành phố Đồng Nai,Phường Trảng Bom
Tỉnh Đồng Nai,Huyện Trảng Bom,Xã Hưng Thịnh,Thành phố Đồng Nai,Xã Hưng Thịnh
Tỉnh Đồng Nai,Huyện Trảng Bom,Xã Hố Nai 3,Thành phố Đồng Nai,Phường Hố Nai
Tỉnh Đồng Nai,Huyện Trảng Bom,Xã Quảng Tiến,Thành phố Đồng Nai,Phường Trảng Bom
Tỉnh Đồng Nai,Huyện Trảng Bom,Xã Sông Thao,Thành phố Đồng Nai,Xã Bàu Hàm
Tỉnh Đồng Nai,Huyện Trảng Bom,Xã Sông Trầu,Thành phố Đồng Nai,Phường Trảng Bom
Tỉnh Đồng Nai,Huyện Trảng Bom,Xã Thanh Bình,Thành phố Đồng Nai,Xã Bàu Hàm
Tỉnh Đồng Nai,Huyện Trảng Bom,Xã Trung Hoà,Thành phố Đồng Nai,Xã Hưng Thịnh
Tỉnh Đồng Nai,Huyện Trảng Bom,Xã Tây Hoà,Thành phố Đồng Nai,Xã Hưng Thịnh
Tỉnh Đồng Nai,Huyện Trảng Bom,Xã Đông Hoà,Thành phố Đồng Nai,Xã Hưng Thịnh
Tỉnh Đồng Nai,Huyện Trảng Bom,Xã Đồi 61,Thành phố Đồng Nai,Xã An Viễn
Tỉnh Đồng Nai,Huyện Tân Phú,Xã Nam Cát Tiên,Thành phố Đồng Nai,Xã Nam Cát Tiên
Tỉnh Đồng Nai,Huyện Tân Phú,Xã Phú An,Thành phố Đồng Nai,Xã Nam Cát Tiên
Tỉnh Đồng Nai,Huyện Tân Phú,Xã Phú Bình,Thành phố Đồng Nai,Phường Long Khánh
Tỉnh Đồng Nai,Huyện Tân Phú,Xã Phú Bình,Thành phố Đồng Nai,Xã Phú Lâm
Tỉnh Đồng Nai,Huyện Tân Phú,Xã Phú Lâm,Thành phố Đồng Nai,Xã Phú Lâm
Tỉnh Đồng Nai,Huyện Tân Phú,Xã Phú Lập,Thành phố Đồng Nai,Xã Tà Lài
Tỉnh Đồng Nai,Huyện Tân Phú,Xã Phú Lộc,Thành phố Đồng Nai,Phường Tân Phú
Tỉnh Đồng Nai,Huyện Tân Phú,Xã Phú Sơn,Thành phố Đồng Nai,Xã Phú Lâm
Tỉnh Đồng Nai,Huyện Tân Phú,Xã Phú Thanh,Thành phố Đồng Nai,Phường Tân Phú
Tỉnh Đồng Nai,Huyện Tân Phú,Xã Phú Thịnh,Thành phố Đồng Nai,Xã Tà Lài
Tỉnh Đồng Nai,Huyện Tân Phú,Xã Phú Xuân,Thành phố Đồng Nai,Phường Tân Phú
Tỉnh Đồng Nai,Huyện Tân Phú,Xã Phú Điền,Thành phố Đồng Nai,Xã Phú Hoà
Tỉnh Đồng Nai,Huyện Tân Phú,Xã Trà Cổ,Thành phố Đồng Nai,Phường Tân Phú
Tỉnh Đồng Nai,Huyện Tân Phú,Xã Tà Lài,Thành phố Đồng Nai,Xã Tà Lài
Tỉnh Đồng Nai,Huyện Vĩnh Cửu,Thị trấn Vĩnh An,Thành phố Đồng Nai,Phường Trị An
Tỉnh Đồng Nai,Huyện Vĩnh Cửu,Xã Bình Lợi,Thành phố Đồng Nai,Phường Tân Triều
Tỉnh Đồng Nai,Huyện Vĩnh Cửu,Xã Mã Đà,Thành phố Đồng Nai,Phường Trị An
Tỉnh Đồng Nai,Huyện Vĩnh Cửu,Xã Thiện Tân,Thành phố Đồng Nai,Phường Trảng Dài
Tỉnh Đồng Nai,Huyện Vĩnh Cửu,Xã Thạnh Phú,Thành phố Đồng Nai,Phường Tân Triều
Tỉnh Đồng Nai,Huyện Vĩnh Cửu,Xã Trị An,Thành phố Đồng Nai,Phường Trị An
Tỉnh Đồng Nai,Huyện Vĩnh Cửu,Xã Tân An,Thành phố Đồng Nai,Xã Tân An
Tỉnh Đồng Nai,Huyện Vĩnh Cửu,Xã Tân Bình,Thành phố Đồng Nai,Phường Tân Triều
Tỉnh Đồng Nai,Huyện Vĩnh Cửu,Xã Vĩnh Tân,Thành phố Đồng Nai,Xã Tân An
Tỉnh Đồng Nai,Huyện Xuân Lộc,Thị trấn Gia Ray,Thành phố Đồng Nai,Phường Xuân Lộc
Tỉnh Đồng Nai,Huyện Xuân Lộc,Xã Bảo Hoà,Thành phố Đồng Nai,Xã Xuân Định
Tỉnh Đồng Nai,Huyện Xuân Lộc,Xã Lang Minh,Thành phố Đồng Nai,Xã Xuân Phú
Tỉnh Đồng Nai,Huyện Xuân Lộc,Xã Suối Cao,Thành phố Đồng Nai,Xã Xuân Thành
Tỉnh Đồng Nai,Huyện Xuân Lộc,Xã Suối Cát,Thành phố Đồng Nai,Phường Xuân Lộc
Tỉnh Đồng Nai,Huyện Xuân Lộc,Xã Xuân Bắc,Thành phố Đồng Nai,Xã Xuân Bắc
Tỉnh Đồng Nai,Huyện Xuân Lộc,Xã Xuân Hiệp,Thành phố Đồng Nai,Phường Xuân Lộc
Tỉnh Đồng Nai,Huyện Xuân Lộc,Xã Xuân Hòa,Thành phố Đồng Nai,Phường Long Khánh
Tỉnh Đồng Nai,Huyện Xuân Lộc,Xã Xuân Hòa,Thành phố Đồng Nai,Xã Xuân Hoà
Tỉnh Đồng Nai,Huyện Xuân Lộc,Xã Xuân Hưng,Thành phố Đồng Nai,Xã Xuân Hoà
Tỉnh Đồng Nai,Huyện Xuân Lộc,Xã Xuân Phú,Thành phố Đồng Nai,Xã Xuân Phú
Tỉnh Đồng Nai,Huyện Xuân Lộc,Xã Xuân Thành,Thành phố Đồng Nai,Xã Xuân Thành
Tỉnh Đồng Nai,Huyện Xuân Lộc,Xã Xuân Thọ,Thành phố Đồng Nai,Phường Xuân Lộc
Tỉnh Đồng Nai,Huyện Xuân Lộc,Xã Xuân Trường,Thành phố Đồng Nai,Phường Xuân Lộc
Tỉnh Đồng Nai,Huyện Xuân Lộc,Xã Xuân Tâm,Thành phố Đồng Nai,Xã Xuân Hoà
Tỉnh Đồng Nai,Huyện Xuân Lộc,Xã Xuân Tâm,Thành phố Đồng Nai,Xã Xuân Đông
Tỉnh Đồng Nai,Huyện Xuân Lộc,Xã Xuân Định,Thành phố Đồng Nai,Xã Xuân Định
Tỉnh Đồng Nai,Huyện Định Quán,Thị trấn Định Quán,Thành phố Đồng Nai,Xã Định Quán
Tỉnh Đồng Nai,Huyện Định Quán,Xã Gia Canh,Thành phố Đồng Nai,Xã Định Quán
Tỉnh Đồng Nai,Huyện Định Quán,Xã La Ngà,Thành phố Đồng Nai,Xã La Ngà
Tỉnh Đồng Nai,Huyện Định Quán,Xã Ngọc Định,Thành phố Đồng Nai,Xã Định Quán
Tỉnh Đồng Nai,Huyện Định Quán,Xã Phú Cường,Thành phố Đồng Nai,Xã Thống Nhất
Tỉnh Đồng Nai,Huyện Định Quán,Xã Phú Hòa,Thành phố Đồng Nai,Xã Phú Hoà
Tỉnh Đồng Nai,Huyện Định Quán,Xã Phú Lợi,Thành phố Đồng Nai,Xã Phú Hoà
Tỉnh Đồng Nai,Huyện Định Quán,Xã Phú Ngọc,Thành phố Đồng Nai,Xã Định Quán
Tỉnh Đồng Nai,Huyện Định Quán,Xã Phú Tân,Thành phố Đồng Nai,Xã Phú Vinh
Tỉnh Đồng Nai,Huyện Định Quán,Xã Phú Túc,Thành phố Đồng Nai,Xã Thống Nhất
Tỉnh Đồng Nai,Huyện Định Quán,Xã Phú Vinh,Thành phố Đồng Nai,Xã Phú Vinh
Tỉnh Đồng Nai,Huyện Định Quán,Xã Suối Nho,Thành phố Đồng Nai,Xã Xuân Bắc
Tỉnh Đồng Nai,Huyện Định Quán,Xã Túc Trưng,Thành phố Đồng Nai,Xã La Ngà
Tỉnh Đồng Nai,Thành phố Biên Hòa,Phường An Bình,Thành phố Đồng Nai,Phường Trấn Biên
Tỉnh Đồng Nai,Thành phố Biên Hòa,Phường An Hòa,Thành phố Đồng Nai,Phường Long Hưng
Tỉnh Đồng Nai,Thành phố Biên Hòa,Phường Bình Đa,Thành phố Đồng Nai,Phường Tam Hiệp
Tỉnh Đồng Nai,Thành phố Biên Hòa,Phường Bửu Hòa,Thành phố Đồng Nai,Phường Biên Hoà
Tỉnh Đồng Nai,Thành phố Biên Hòa,Phường Bửu Long,Thành phố Đồng Nai,Phường Trấn Biên
Tỉnh Đồng Nai,Thành phố Biên Hòa,Phường Hiệp Hòa,Thành phố Đồng Nai,Phường Trấn Biên
Tỉnh Đồng Nai,Thành phố Biên Hòa,Phường Hóa An,Thành phố Đồng Nai,Phường Biên Hoà
Tỉnh Đồng Nai,Thành phố Biên Hòa,Phường Hố Nai,Thành phố Đồng Nai,Phường Long Bình
Tỉnh Đồng Nai,Thành phố Biên Hòa,Phường Long Bình,Thành phố Đồng Nai,Phường Long Bình
Tỉnh Đồng Nai,Thành phố Biên Hòa,Phường Long Bình Tân,Thành phố Đồng Nai,Phường Long Hưng
Tỉnh Đồng Nai,Thành phố Biên Hòa,Phường Quang Vinh,Thành phố Đồng Nai,Phường Trấn Biên
Tỉnh Đồng Nai,Thành phố Biên Hòa,Phường Tam Hiệp,Thành phố Đồng Nai,Phường Tam Hiệp
Tỉnh Đồng Nai,Thành phố Biên Hòa,Phường Thống Nhất,Thành phố Đồng Nai,Phường Trấn Biên
Tỉnh Đồng Nai,Thành phố Biên Hòa,Phường Trung Dũng,Thành phố Đồng Nai,Phường Trấn Biên
Tỉnh Đồng Nai,Thành phố Biên Hòa,Phường Trảng Dài,Thành phố Đồng Nai,Phường Trảng Dài
Tỉnh Đồng Nai,Thành phố Biên Hòa,Phường Tân Biên,Thành phố Đồng Nai,Phường Long Bình
Tỉnh Đồng Nai,Thành phố Biên Hòa,Phường Tân Hiệp,Thành phố Đồng Nai,Phường Tam Hiệp
Tỉnh Đồng Nai,Thành phố Biên Hòa,Phường Tân Hòa,Thành phố Đồng Nai,Phường Hố Nai
Tỉnh Đồng Nai,Thành phố Biên Hòa,Phường Tân Hạnh,Thành phố Đồng Nai,Phường Biên Hoà
Tỉnh Đồng Nai,Thành phố Biên Hòa,Phường Tân Mai,Thành phố Đồng Nai,Phường Tam Hiệp
Tỉnh Đồng Nai,Thành phố Biên Hòa,Phường Tân Phong,Thành phố Đồng Nai,Phường Tân Triều
Tỉnh Đồng Nai,Thành phố Biên Hòa,Phường Tân Vạn,Thành phố Đồng Nai,Phường Biên Hoà
Tỉnh Đồng Nai,Thành phố Biên Hòa,Xã Long Hưng,Thành phố Đồng Nai,Phường Long Hưng
Tỉnh Đồng Nai,Thành phố Long Khánh,Phường Bàu Sen,Thành phố Đồng Nai,Phường Xuân Lập
Tỉnh Đồng Nai,Thành phố Long Khánh,Phường Bảo Vinh,Thành phố Đồng Nai,Phường Bảo Vinh
Tỉnh Đồng Nai,Thành phố Long Khánh,Phường Suối Tre,Thành phố Đồng Nai,Phường Bình Lộc
Tỉnh Đồng Nai,Thành phố Long Khánh,Phường Xuân Lập,Thành phố Đồng Nai,Phường Xuân Lập
Tỉnh Đồng Nai,Thành phố Long Khánh,Phường Xuân Tân,Thành phố Đồng Nai,Phường Hàng Gòn
Tỉnh Đồng Nai,Thành phố Long Khánh,Xã Bàu Trâm,Thành phố Đồng Nai,Phường Long Khánh
Tỉnh Đồng Nai,Thành phố Long Khánh,Xã Bình Lộc,Thành phố Đồng Nai,Phường Bình Lộc
Tỉnh Đồng Nai,Thành phố Long Khánh,Xã Bảo Quang,Thành phố Đồng Nai,Phường Bảo Vinh
Tỉnh Đồng Nai,Thành phố Long Khánh,Xã Hàng Gòn,Thành phố Đồng Nai,Phường Hàng Gòn
Tỉnh Đồng Tháp,Huyện Cao Lãnh,Thị trấn Mỹ Thọ,Tỉnh Đồng Tháp,Xã Mỹ Thọ
Tỉnh Đồng Tháp,Huyện Cao Lãnh,Xã An Bình,Tỉnh Đồng Tháp,Phường Mỹ Trà
Tỉnh Đồng Tháp,Huyện Cao Lãnh,Xã Ba Sao,Tỉnh Đồng Tháp,Xã Ba Sao
Tỉnh Đồng Tháp,Huyện Cao Lãnh,Xã Bình Hàng Trung,Tỉnh Đồng Tháp,Xã Bình Hàng Trung
Tỉnh Đồng Tháp,Huyện Cao Lãnh,Xã Bình Hàng Tây,Tỉnh Đồng Tháp,Xã Bình Hàng Trung
Tỉnh Đồng Tháp,Huyện Cao Lãnh,Xã Bình Thạnh,Tỉnh Đồng Tháp,Xã Mỹ Hiệp
Tỉnh Đồng Tháp,Huyện Cao Lãnh,Xã Gáo Giồng,Tỉnh Đồng Tháp,Xã Phong Mỹ
Tỉnh Đồng Tháp,Huyện Cao Lãnh,Xã Gáo Giồng,Tỉnh Đồng Tháp,Xã Phú Cường
Tỉnh Đồng Tháp,Huyện Cao Lãnh,Xã Mỹ Hiệp,Tỉnh Đồng Tháp,Xã Mỹ Hiệp
Tỉnh Đồng Tháp,Huyện Cao Lãnh,Xã Mỹ Hội,Tỉnh Đồng Tháp,Xã Mỹ Thọ
Tỉnh Đồng Tháp,Huyện Cao Lãnh,Xã Mỹ Thọ,Tỉnh Đồng Tháp,Xã Mỹ Thọ
Tỉnh Đồng Tháp,Huyện Cao Lãnh,Xã Mỹ Xương,Tỉnh Đồng Tháp,Xã Mỹ Thọ
Tỉnh Đồng Tháp,Huyện Cao Lãnh,Xã Nhị Mỹ,Tỉnh Đồng Tháp,Phường Mỹ Trà
Tỉnh Đồng Tháp,Huyện Cao Lãnh,Xã Phong Mỹ,Tỉnh Đồng Tháp,Xã Phong Mỹ
Tỉnh Đồng Tháp,Huyện Cao Lãnh,Xã Phương Thịnh,Tỉnh Đồng Tháp,Xã Phương Thịnh
Tỉnh Đồng Tháp,Huyện Cao Lãnh,Xã Phương Trà,Tỉnh Đồng Tháp,Xã Ba Sao
Tỉnh Đồng Tháp,Huyện Cao Lãnh,Xã Tân Hội Trung,Tỉnh Đồng Tháp,Xã Bình Hàng Trung
Tỉnh Đồng Tháp,Huyện Cao Lãnh,Xã Tân Nghĩa,Tỉnh Đồng Tháp,Phường Mỹ Ngãi
Tỉnh Đồng Tháp,Huyện Châu Thành,Thị trấn Cái Tàu Hạ,Tỉnh Đồng Tháp,Xã Phú Hựu
Tỉnh Đồng Tháp,Huyện Châu Thành,Xã An Hiệp,Tỉnh Đồng Tháp,Xã Phú Hựu
Tỉnh Đồng Tháp,Huyện Châu Thành,Xã An Khánh,Tỉnh Đồng Tháp,Xã Tân Nhuận Đông
Tỉnh Đồng Tháp,Huyện Châu Thành,Xã An Nhơn,Tỉnh Đồng Tháp,Xã Phú Hựu
Tỉnh Đồng Tháp,Huyện Châu Thành,Xã An Phú Thuận,Tỉnh Đồng Tháp,Xã Phú Hựu
Tỉnh Đồng Tháp,Huyện Châu Thành,Xã Hòa Tân,Tỉnh Đồng Tháp,Xã Tân Nhuận Đông
Tỉnh Đồng Tháp,Huyện Châu Thành,Xã Phú Hựu,Tỉnh Đồng Tháp,Xã Phú Hựu
Tỉnh Đồng Tháp,Huyện Châu Thành,Xã Phú Long,Tỉnh Đồng Tháp,Xã Tân Phú Trung
Tỉnh Đồng Tháp,Huyện Châu Thành,Xã Tân Nhuận Đông,Tỉnh Đồng Tháp,Xã Tân Nhuận Đông
Tỉnh Đồng Tháp,Huyện Châu Thành,Xã Tân Phú,Tỉnh Đồng Tháp,Xã Tân Phú Trung
Tỉnh Đồng Tháp,Huyện Châu Thành,Xã Tân Phú Trung,Tỉnh Đồng Tháp,Xã Tân Phú Trung
Tỉnh Đồng Tháp,Huyện Hồng Ngự,Thị trấn Thường Thới Tiền,Tỉnh Đồng Tháp,Xã Thường Phước
Tỉnh Đồng Tháp,Huyện Hồng Ngự,Xã Long Khánh A,Tỉnh Đồng Tháp,Xã Long Khánh
Tỉnh Đồng Tháp,Huyện Hồng Ngự,Xã Long Khánh B,Tỉnh Đồng Tháp,Xã Long Khánh
Tỉnh Đồng Tháp,Huyện Hồng Ngự,Xã Long Thuận,Tỉnh Đồng Tháp,Xã Long Phú Thuận
Tỉnh Đồng Tháp,Huyện Hồng Ngự,Xã Phú Thuận A,Tỉnh Đồng Tháp,Xã Long Phú Thuận
Tỉnh Đồng Tháp,Huyện Hồng Ngự,Xã Phú Thuận B,Tỉnh Đồng Tháp,Xã Long Phú Thuận
Tỉnh Đồng Tháp,Huyện Hồng Ngự,Xã Phú Thuận B,Tỉnh Đồng Tháp,Xã Tân Long
Tỉnh Đồng Tháp,Huyện Hồng Ngự,Xã Thường Lạc,Tỉnh Đồng Tháp,Phường Thường Lạc
Tỉnh Đồng Tháp,Huyện Hồng Ngự,Xã Thường Phước 1,Tỉnh Đồng Tháp,Xã Thường Phước
Tỉnh Đồng Tháp,Huyện Hồng Ngự,Xã Thường Phước 2,Tỉnh Đồng Tháp,Xã Thường Phước
Tỉnh Đồng Tháp,Huyện Hồng Ngự,Xã Thường Thới Hậu A,Tỉnh Đồng Tháp,Phường Thường Lạc
Tỉnh Đồng Tháp,Huyện Lai Vung,Thị trấn Lai Vung,Tỉnh Đồng Tháp,Xã Hoà Long
Tỉnh Đồng Tháp,Huyện Lai Vung,Xã Hòa Long,Tỉnh Đồng Tháp,Xã Hoà Long
Tỉnh Đồng Tháp,Huyện Lai Vung,Xã Hòa Thành,Tỉnh Đồng Tháp,Xã Tân Dương
Tỉnh Đồng Tháp,Huyện Lai Vung,Xã Long Hậu,Tỉnh Đồng Tháp,Xã Hoà Long
Tỉnh Đồng Tháp,Huyện Lai Vung,Xã Long Thắng,Tỉnh Đồng Tháp,Xã Hoà Long
Tỉnh Đồng Tháp,Huyện Lai Vung,Xã Phong Hòa,Tỉnh Đồng Tháp,Xã Phong Hoà
Tỉnh Đồng Tháp,Huyện Lai Vung,Xã Tân Dương,Tỉnh Đồng Tháp,Xã Tân Dương
Tỉnh Đồng Tháp,Huyện Lai Vung,Xã Tân Hòa,Tỉnh Đồng Tháp,Xã Phong Hoà
Tỉnh Đồng Tháp,Huyện Lai Vung,Xã Tân Phước,Tỉnh Đồng Tháp,Xã Lai Vung
Tỉnh Đồng Tháp,Huyện Lai Vung,Xã Vĩnh Thới,Tỉnh Đồng Tháp,Xã Phong Hoà
Tỉnh Đồng Tháp,Huyện Lai Vung,Xã Định Hòa,Tỉnh Đồng Tháp,Xã Phong Hoà
Tỉnh Đồng Tháp,Huyện Lấp Vò,Thị trấn Lấp Vò,Tỉnh Đồng Tháp,Xã Lấp Vò
Tỉnh Đồng Tháp,Huyện Lấp Vò,Xã Bình Thành,Tỉnh Đồng Tháp,Xã Lấp Vò
Tỉnh Đồng Tháp,Huyện Lấp Vò,Xã Bình Thạnh Trung,Tỉnh Đồng Tháp,Xã Lấp Vò
Tỉnh Đồng Tháp,Huyện Lấp Vò,Xã Hội An Đông,Tỉnh Đồng Tháp,Xã Mỹ An Hưng
Tỉnh Đồng Tháp,Huyện Lấp Vò,Xã Long Hưng A,Tỉnh Đồng Tháp,Xã Tân Khánh Trung
Tỉnh Đồng Tháp,Huyện Lấp Vò,Xã Long Hưng B,Tỉnh Đồng Tháp,Xã Tân Khánh Trung
Tỉnh Đồng Tháp,Huyện Lấp Vò,Xã Mỹ An Hưng A,Tỉnh Đồng Tháp,Xã Mỹ An Hưng
Tỉnh Đồng Tháp,Huyện Lấp Vò,Xã Mỹ An Hưng B,Tỉnh Đồng Tháp,Xã Mỹ An Hưng
Tỉnh Đồng Tháp,Huyện Lấp Vò,Xã Tân Khánh Trung,Tỉnh Đồng Tháp,Xã Tân Khánh Trung
Tỉnh Đồng Tháp,Huyện Lấp Vò,Xã Tân Mỹ,Tỉnh Đồng Tháp,Xã Mỹ An Hưng
Tỉnh Đồng Tháp,Huyện Lấp Vò,Xã Vĩnh Thạnh,Tỉnh Đồng Tháp,Xã Lấp Vò
Tỉnh Đồng Tháp,Huyện Lấp Vò,Xã Định An,Tỉnh Đồng Tháp,Xã Lai Vung
Tỉnh Đồng Tháp,Huyện Lấp Vò,Xã Định Yên,Tỉnh Đồng Tháp,Xã Lai Vung
Tỉnh Đồng Tháp,Huyện Tam Nông,Thị trấn Tràm Chim,Tỉnh Đồng Tháp,Xã Tràm Chim
Tỉnh Đồng Tháp,Huyện Tam Nông,Xã An Hòa,Tỉnh Đồng Tháp,Xã An Hoà
Tỉnh Đồng Tháp,Huyện Tam Nông,Xã An Long,Tỉnh Đồng Tháp,Xã An Long
Tỉnh Đồng Tháp,Huyện Tam Nông,Xã Hoà Bình,Tỉnh Đồng Tháp,Xã Phú Cường
Tỉnh Đồng Tháp,Huyện Tam Nông,Xã Phú Cường,Tỉnh Đồng Tháp,Xã Phú Cường
Tỉnh Đồng Tháp,Huyện Tam Nông,Xã Phú Hiệp,Tỉnh Đồng Tháp,Xã Tam Nông
Tỉnh Đồng Tháp,Huyện Tam Nông,Xã Phú Ninh,Tỉnh Đồng Tháp,Xã An Long
Tỉnh Đồng Tháp,Huyện Tam Nông,Xã Phú Thành A,Tỉnh Đồng Tháp,Xã Phú Thọ
Tỉnh Đồng Tháp,Huyện Tam Nông,Xã Phú Thành B,Tỉnh Đồng Tháp,Xã An Hoà
Tỉnh Đồng Tháp,Huyện Tam Nông,Xã Phú Thọ,Tỉnh Đồng Tháp,Xã Phú Thọ
Tỉnh Đồng Tháp,Huyện Tam Nông,Xã Phú Đức,Tỉnh Đồng Tháp,Xã Tam Nông
Tỉnh Đồng Tháp,Huyện Tam Nông,Xã Tân Công Sính,Tỉnh Đồng Tháp,Xã Tràm Chim
Tỉnh Đồng Tháp,Huyện Thanh Bình,Thị trấn Thanh Bình,Tỉnh Đồng Tháp,Xã Thanh Bình
Tỉnh Đồng Tháp,Huyện Thanh Bình,Xã An Phong,Tỉnh Đồng Tháp,Xã An Long
Tỉnh Đồng Tháp,Huyện Thanh Bình,Xã Bình Thành,Tỉnh Đồng Tháp,Xã Bình Thành
Tỉnh Đồng Tháp,Huyện Thanh Bình,Xã Bình Tấn,Tỉnh Đồng Tháp,Xã Bình Thành
Tỉnh Đồng Tháp,Huyện Thanh Bình,Xã Phú Lợi,Tỉnh Đồng Tháp,Xã Tân Thạnh
Tỉnh Đồng Tháp,Huyện Thanh Bình,Xã Tân Huề,Tỉnh Đồng Tháp,Xã Tân Long
Tỉnh Đồng Tháp,Huyện Thanh Bình,Xã Tân Hòa,Tỉnh Đồng Tháp,Xã Tân Long
Tỉnh Đồng Tháp,Huyện Thanh Bình,Xã Tân Long,Tỉnh Đồng Tháp,Xã Tân Long
Tỉnh Đồng Tháp,Huyện Thanh Bình,Xã Tân Phú,Tỉnh Đồng Tháp,Xã Thanh Bình
Tỉnh Đồng Tháp,Huyện Thanh Bình,Xã Tân Quới,Tỉnh Đồng Tháp,Xã Tân Long
Tỉnh Đồng Tháp,Huyện Thanh Bình,Xã Tân Thạnh,Tỉnh Đồng Tháp,Xã Thanh Bình
Tỉnh Đồng Tháp,Huyện Thanh Bình,Xã Tân Thạnh,Tỉnh Đồng Tháp,Xã Tân Thạnh
Tỉnh Đồng Tháp,Huyện Tháp Mười,Thị trấn Mỹ An,Tỉnh Đồng Tháp,Xã Tháp Mười
Tỉnh Đồng Tháp,Huyện Tháp Mười,Xã Hưng Thạnh,Tỉnh Đồng Tháp,Xã Phương Thịnh
Tỉnh Đồng Tháp,Huyện Tháp Mười,Xã Láng Biển,Tỉnh Đồng Tháp,Xã Mỹ Quí
Tỉnh Đồng Tháp,Huyện Tháp Mười,Xã Mỹ An,Tỉnh Đồng Tháp,Xã Tháp Mười
Tỉnh Đồng Tháp,Huyện Tháp Mười,Xã Mỹ Hòa,Tỉnh Đồng Tháp,Xã Tháp Mười
Tỉnh Đồng Tháp,Huyện Tháp Mười,Xã Mỹ Đông,Tỉnh Đồng Tháp,Xã Mỹ Quí
Tỉnh Đồng Tháp,Huyện Tháp Mười,Xã Phú Điền,Tỉnh Đồng Tháp,Xã Thanh Mỹ
Tỉnh Đồng Tháp,Huyện Tháp Mười,Xã Thanh Mỹ,Tỉnh Đồng Tháp,Xã Thanh Mỹ
Tỉnh Đồng Tháp,Huyện Tháp Mười,Xã Thạnh Lợi,Tỉnh Đồng Tháp,Xã Trường Xuân
Tỉnh Đồng Tháp,Huyện Tháp Mười,Xã Trường Xuân,Tỉnh Đồng Tháp,Xã Trường Xuân
Tỉnh Đồng Tháp,Huyện Tháp Mười,Xã Tân Kiều,Tỉnh Đồng Tháp,Xã Đốc Binh Kiều
Tỉnh Đồng Tháp,Huyện Tháp Mười,Xã Đốc Binh Kiều,Tỉnh Đồng Tháp,Xã Đốc Binh Kiều
Tỉnh Đồng Tháp,Huyện Tân Hồng,Thị trấn Sa Rài,Tỉnh Đồng Tháp,Xã Tân Hồng
Tỉnh Đồng Tháp,Huyện Tân Hồng,Xã An Phước,Tỉnh Đồng Tháp,Xã An Phước
Tỉnh Đồng Tháp,Huyện Tân Hồng,Xã Bình Phú,Tỉnh Đồng Tháp,Xã Tân Hồng
Tỉnh Đồng Tháp,Huyện Tân Hồng,Xã Thông Bình,Tỉnh Đồng Tháp,Xã Tân Thành
Tỉnh Đồng Tháp,Huyện Tân Hồng,Xã Tân Công Chí,Tỉnh Đồng Tháp,Xã Tân Hồng
Tỉnh Đồng Tháp,Huyện Tân Hồng,Xã Tân Hộ Cơ,Tỉnh Đồng Tháp,Xã Tân Hộ Cơ
Tỉnh Đồng Tháp,Huyện Tân Hồng,Xã Tân Phước,Tỉnh Đồng Tháp,Xã An Phước
Tỉnh Đồng Tháp,Huyện Tân Hồng,Xã Tân Thành A,Tỉnh Đồng Tháp,Xã Tân Thành
Tỉnh Đồng Tháp,Huyện Tân Hồng,Xã Tân Thành B,Tỉnh Đồng Tháp,Xã Tân Hộ Cơ
Tỉnh Đồng Tháp,Thành phố Cao Lãnh,Phường 1,Tỉnh Đồng Tháp,Phường Cao Lãnh
Tỉnh Đồng Tháp,Thành phố Cao Lãnh,Phường Hoà Thuận,Tỉnh Đồng Tháp,Phường Cao Lãnh
Tỉnh Đồng Tháp,Thành phố Cao Lãnh,Phường Mỹ Ngãi,Tỉnh Đồng Tháp,Phường Mỹ Ngãi
Tỉnh Đồng Tháp,Thành phố Cao Lãnh,Phường Mỹ Phú,Tỉnh Đồng Tháp,Phường Mỹ Trà
Tỉnh Đồng Tháp,Thành phố Cao Lãnh,Xã Hòa An,Tỉnh Đồng Tháp,Phường Cao Lãnh
Tỉnh Đồng Tháp,Thành phố Cao Lãnh,Xã Mỹ Trà,Tỉnh Đồng Tháp,Phường Mỹ Trà
Tỉnh Đồng Tháp,Thành phố Cao Lãnh,Xã Mỹ Tân,Tỉnh Đồng Tháp,Phường Mỹ Ngãi
Tỉnh Đồng Tháp,Thành phố Cao Lãnh,Xã Tân Thuận Tây,Tỉnh Đồng Tháp,Phường Cao Lãnh
Tỉnh Đồng Tháp,Thành phố Cao Lãnh,Xã Tân Thuận Đông,Tỉnh Đồng Tháp,Phường Cao Lãnh
Tỉnh Đồng Tháp,Thành phố Cao Lãnh,Xã Tịnh Thới,Tỉnh Đồng Tháp,Phường Cao Lãnh
Tỉnh Đồng Tháp,Thành phố Hồng Ngự,Phường An Bình A,Tỉnh Đồng Tháp,Phường An Bình
Tỉnh Đồng Tháp,Thành phố Hồng Ngự,Phường An Bình B,Tỉnh Đồng Tháp,Phường An Bình
Tỉnh Đồng Tháp,Thành phố Hồng Ngự,Phường An Lạc,Tỉnh Đồng Tháp,Phường Thường Lạc
Tỉnh Đồng Tháp,Thành phố Hồng Ngự,Phường An Lộc,Tỉnh Đồng Tháp,Phường An Bình
Tỉnh Đồng Tháp,Thành phố Hồng Ngự,Phường An Thạnh,Tỉnh Đồng Tháp,Phường Hồng Ngự
Tỉnh Đồng Tháp,Thành phố Hồng Ngự,Xã Tân Hội,Tỉnh Đồng Tháp,Phường Hồng Ngự
Tỉnh Đồng Tháp,Thành phố Sa Đéc,Phường 4,Tỉnh Đồng Tháp,Phường Sa Đéc
Tỉnh Đồng Tháp,Thành phố Sa Đéc,Phường An Hoà,Tỉnh Đồng Tháp,Phường Sa Đéc
Tỉnh Đồng Tháp,Thành phố Sa Đéc,Phường Tân Quy Đông,Tỉnh Đồng Tháp,Phường Sa Đéc
Tỉnh Đồng Tháp,Thành phố Sa Đéc,Xã Tân Khánh Đông,Tỉnh Đồng Tháp,Phường Sa Đéc
Tỉnh Đồng Tháp,Thành phố Sa Đéc,Xã Tân Phú Đông,Tỉnh Đồng Tháp,Xã Tân Dương
Tỉnh Đồng Tháp,Thành phố Sa Đéc,Xã Tân Quy Tây,Tỉnh Đồng Tháp,Phường Sa Đéc
